{"v":"5.7.3","fr":29.9700012207031,"ip":0,"op":150.000006109625,"w":500,"h":500,"nm":"Contacts","ddd":0,"assets":[],"layers":[{"ddd":0,"ind":1,"ty":4,"nm":"Layer 5 Outlines - Group 18 :M","parent":6,"sr":1,"ks":{"o":{"a":0,"k":100,"ix":11},"r":{"a":0,"k":0.887,"ix":10},"p":{"a":0,"k":[117.688,250.004,0],"ix":2},"a":{"a":0,"k":[115.212,249.727,0],"ix":1},"s":{"a":0,"k":[100,100,100],"ix":6}},"ao":0,"shapes":[{"ty":"gr","it":[{"ty":"gr","it":[{"ind":0,"ty":"sh","ix":1,"ks":{"a":0,"k":{"i":[[0.353,0],[0,3.053],[-3.053,0],[0,-3.054],[0.353,0],[0,0.352],[2.351,0],[0,-2.351],[-2.351,0],[0,-0.352]],"o":[[-3.053,0],[0,-3.054],[3.054,0],[0,0.352],[-0.352,0],[0,-2.351],[-2.351,0],[0,2.35],[0.353,0],[0,0.353]],"v":[[0,5.538],[-5.538,0],[0,-5.538],[5.538,0],[4.9,0.638],[4.263,0],[0,-4.263],[-4.263,0],[0,4.263],[0.638,4.9]],"c":true},"ix":2},"nm":"Path 1","mn":"ADBE Vector Shape - Group","hd":false},{"ty":"fl","c":{"a":0,"k":[0.250999987125,0.063000001013,0.286000013351,1],"ix":4,"x":"var $bm_rt;\ntry {\n    $bm_rt = thisComp.layer('Controller').effect('Color')('ADBE Color Control-0001');\n} catch (e) {\n    $bm_rt = value;\n}"},"o":{"a":0,"k":100,"ix":5},"r":1,"bm":0,"nm":"Fill 1","mn":"ADBE Vector Graphic - Fill","hd":false},{"ty":"tr","p":{"a":0,"k":[5.788,10.197],"ix":2},"a":{"a":0,"k":[0,0],"ix":1},"s":{"a":0,"k":[100,100],"ix":3},"r":{"a":0,"k":0,"ix":6},"o":{"a":0,"k":100,"ix":7},"sk":{"a":0,"k":0,"ix":4},"sa":{"a":0,"k":0,"ix":5},"nm":"Transform"}],"nm":"Group 18","np":2,"cix":2,"bm":0,"ix":1,"mn":"ADBE Vector Group","hd":false},{"ty":"tr","p":{"a":0,"k":[113.507,139.469],"ix":2},"a":{"a":0,"k":[5.788,10.197],"ix":1},"s":{"a":0,"k":[500,500],"ix":3},"r":{"a":1,"k":[{"i":{"x":[0.64],"y":[1]},"o":{"x":[0.36],"y":[0]},"t":5,"s":[-0.887]},{"i":{"x":[0.64],"y":[1]},"o":{"x":[0.36],"y":[0]},"t":20,"s":[24.113]},{"i":{"x":[0.64],"y":[1]},"o":{"x":[0.36],"y":[0]},"t":35,"s":[-0.887]},{"i":{"x":[0.64],"y":[1]},"o":{"x":[0.36],"y":[0]},"t":80,"s":[-0.887]},{"i":{"x":[0.64],"y":[1]},"o":{"x":[0.36],"y":[0]},"t":95,"s":[24.113]},{"t":110.000004480392,"s":[-0.887]}],"ix":6},"o":{"a":0,"k":100,"ix":7},"sk":{"a":0,"k":0,"ix":4},"sa":{"a":0,"k":0,"ix":5},"nm":"Transform"}],"nm":"Layer 5 Outlines - Group 118","np":1,"cix":2,"bm":0,"ix":1,"mn":"ADBE Vector Group","hd":false},{"ty":"gr","it":[{"ty":"gr","it":[{"ind":0,"ty":"sh","ix":1,"ks":{"a":0,"k":{"i":[[0.353,0],[0,3.053],[-3.053,0],[0,-3.053],[0.353,0],[0,0.352],[2.351,0],[0,-2.351],[-2.351,0],[0,-0.352]],"o":[[-3.053,0],[0,-3.053],[3.054,0],[0,0.352],[-0.352,0],[0,-2.351],[-2.351,0],[0,2.35],[0.353,0],[0,0.353]],"v":[[0,5.538],[-5.538,0],[0,-5.538],[5.538,0],[4.9,0.638],[4.263,0],[0,-4.263],[-4.263,0],[0,4.263],[0.638,4.9]],"c":true},"ix":2},"nm":"Path 1","mn":"ADBE Vector Shape - Group","hd":false},{"ty":"fl","c":{"a":0,"k":[0.250999987125,0.063000001013,0.286000013351,1],"ix":4,"x":"var $bm_rt;\ntry {\n    $bm_rt = thisComp.layer('Controller')('Effects')('Color')('ADBE Color Control-0001');\n} catch (e) {\n    $bm_rt = value;\n}"},"o":{"a":0,"k":100,"ix":5},"r":1,"bm":0,"nm":"Fill 1","mn":"ADBE Vector Graphic - Fill","hd":false},{"ty":"tr","p":{"a":0,"k":[5.788,24.899],"ix":2},"a":{"a":0,"k":[0,0],"ix":1},"s":{"a":0,"k":[100,100],"ix":3},"r":{"a":0,"k":0,"ix":6},"o":{"a":0,"k":100,"ix":7},"sk":{"a":0,"k":0,"ix":4},"sa":{"a":0,"k":0,"ix":5},"nm":"Transform"}],"nm":"Group 17","np":2,"cix":2,"bm":0,"ix":1,"mn":"ADBE Vector Group","hd":false},{"ty":"tr","p":{"a":0,"k":[114.644,212.971],"ix":2},"a":{"a":0,"k":[5.788,24.899],"ix":1},"s":{"a":0,"k":[500,500],"ix":3},"r":{"a":1,"k":[{"i":{"x":[0.64],"y":[1]},"o":{"x":[0.36],"y":[0]},"t":5,"s":[-0.887]},{"i":{"x":[0.64],"y":[1]},"o":{"x":[0.36],"y":[0]},"t":20,"s":[24.113]},{"i":{"x":[0.64],"y":[1]},"o":{"x":[0.36],"y":[0]},"t":35,"s":[-0.887]},{"i":{"x":[0.64],"y":[1]},"o":{"x":[0.36],"y":[0]},"t":80,"s":[-0.887]},{"i":{"x":[0.64],"y":[1]},"o":{"x":[0.36],"y":[0]},"t":95,"s":[24.113]},{"t":110.000004480392,"s":[-0.887]}],"ix":6},"o":{"a":0,"k":100,"ix":7},"sk":{"a":0,"k":0,"ix":4},"sa":{"a":0,"k":0,"ix":5},"nm":"Transform"}],"nm":"Layer 5 Outlines - Group 117","np":1,"cix":2,"bm":0,"ix":2,"mn":"ADBE Vector Group","hd":false},{"ty":"gr","it":[{"ty":"gr","it":[{"ind":0,"ty":"sh","ix":1,"ks":{"a":0,"k":{"i":[[0.353,0],[0,3.053],[-3.053,0],[0,-3.053],[0.353,0],[0,0.352],[2.351,0],[0,-2.351],[-2.351,0],[0,-0.352]],"o":[[-3.053,0],[0,-3.053],[3.054,0],[0,0.352],[-0.352,0],[0,-2.351],[-2.351,0],[0,2.35],[0.353,0],[0,0.353]],"v":[[0,5.538],[-5.538,0],[0,-5.538],[5.538,0],[4.9,0.638],[4.263,0],[0,-4.263],[-4.263,0],[0,4.263],[0.638,4.9]],"c":true},"ix":2},"nm":"Path 1","mn":"ADBE Vector Shape - Group","hd":false},{"ty":"fl","c":{"a":0,"k":[0.250999987125,0.063000001013,0.286000013351,1],"ix":4,"x":"var $bm_rt;\ntry {\n    $bm_rt = thisComp.layer('Controller')('Effects')('Color')('ADBE Color Control-0001');\n} catch (e) {\n    $bm_rt = value;\n}"},"o":{"a":0,"k":100,"ix":5},"r":1,"bm":0,"nm":"Fill 1","mn":"ADBE Vector Graphic - Fill","hd":false},{"ty":"tr","p":{"a":0,"k":[5.788,39.602],"ix":2},"a":{"a":0,"k":[0,0],"ix":1},"s":{"a":0,"k":[100,100],"ix":3},"r":{"a":0,"k":0,"ix":6},"o":{"a":0,"k":100,"ix":7},"sk":{"a":0,"k":0,"ix":4},"sa":{"a":0,"k":0,"ix":5},"nm":"Transform"}],"nm":"Group 16","np":2,"cix":2,"bm":0,"ix":1,"mn":"ADBE Vector Group","hd":false},{"ty":"tr","p":{"a":0,"k":[115.782,286.478],"ix":2},"a":{"a":0,"k":[5.788,39.602],"ix":1},"s":{"a":0,"k":[500,500],"ix":3},"r":{"a":1,"k":[{"i":{"x":[0.64],"y":[1]},"o":{"x":[0.36],"y":[0]},"t":5,"s":[-0.887]},{"i":{"x":[0.64],"y":[1]},"o":{"x":[0.36],"y":[0]},"t":20,"s":[24.113]},{"i":{"x":[0.64],"y":[1]},"o":{"x":[0.36],"y":[0]},"t":35,"s":[-0.887]},{"i":{"x":[0.64],"y":[1]},"o":{"x":[0.36],"y":[0]},"t":80,"s":[-0.887]},{"i":{"x":[0.64],"y":[1]},"o":{"x":[0.36],"y":[0]},"t":95,"s":[24.113]},{"t":110.000004480392,"s":[-0.887]}],"ix":6},"o":{"a":0,"k":100,"ix":7},"sk":{"a":0,"k":0,"ix":4},"sa":{"a":0,"k":0,"ix":5},"nm":"Transform"}],"nm":"Layer 5 Outlines - Group 116","np":1,"cix":2,"bm":0,"ix":3,"mn":"ADBE Vector Group","hd":false},{"ty":"gr","it":[{"ty":"gr","it":[{"ind":0,"ty":"sh","ix":1,"ks":{"a":0,"k":{"i":[[0.353,0],[0,3.053],[-3.053,0],[0,-3.054],[0.353,0],[0,0.352],[2.351,0],[0,-2.351],[-2.351,0],[0,-0.352]],"o":[[-3.053,0],[0,-3.054],[3.054,0],[0,0.352],[-0.352,0],[0,-2.351],[-2.351,0],[0,2.35],[0.353,0],[0,0.353]],"v":[[0,5.538],[-5.538,0],[0,-5.538],[5.538,0],[4.9,0.638],[4.263,0],[0,-4.263],[-4.263,0],[0,4.263],[0.638,4.9]],"c":true},"ix":2},"nm":"Path 1","mn":"ADBE Vector Shape - Group","hd":false},{"ty":"fl","c":{"a":0,"k":[0.250999987125,0.063000001013,0.286000013351,1],"ix":4,"x":"var $bm_rt;\ntry {\n    $bm_rt = thisComp.layer('Controller')('Effects')('Color')('ADBE Color Control-0001');\n} catch (e) {\n    $bm_rt = value;\n}"},"o":{"a":0,"k":100,"ix":5},"r":1,"bm":0,"nm":"Fill 1","mn":"ADBE Vector Graphic - Fill","hd":false},{"ty":"tr","p":{"a":0,"k":[5.788,54.305],"ix":2},"a":{"a":0,"k":[0,0],"ix":1},"s":{"a":0,"k":[100,100],"ix":3},"r":{"a":0,"k":0,"ix":6},"o":{"a":0,"k":100,"ix":7},"sk":{"a":0,"k":0,"ix":4},"sa":{"a":0,"k":0,"ix":5},"nm":"Transform"}],"nm":"Group 15","np":2,"cix":2,"bm":0,"ix":1,"mn":"ADBE Vector Group","hd":false},{"ty":"tr","p":{"a":0,"k":[116.92,359.985],"ix":2},"a":{"a":0,"k":[5.788,54.305],"ix":1},"s":{"a":0,"k":[500,500],"ix":3},"r":{"a":1,"k":[{"i":{"x":[0.64],"y":[1]},"o":{"x":[0.36],"y":[0]},"t":5,"s":[-0.887]},{"i":{"x":[0.64],"y":[1]},"o":{"x":[0.36],"y":[0]},"t":20,"s":[24.113]},{"i":{"x":[0.64],"y":[1]},"o":{"x":[0.36],"y":[0]},"t":35,"s":[-0.887]},{"i":{"x":[0.64],"y":[1]},"o":{"x":[0.36],"y":[0]},"t":80,"s":[-0.887]},{"i":{"x":[0.64],"y":[1]},"o":{"x":[0.36],"y":[0]},"t":95,"s":[24.113]},{"t":110.000004480392,"s":[-0.887]}],"ix":6},"o":{"a":0,"k":100,"ix":7},"sk":{"a":0,"k":0,"ix":4},"sa":{"a":0,"k":0,"ix":5},"nm":"Transform"}],"nm":"Layer 5 Outlines - Group 115","np":1,"cix":2,"bm":0,"ix":4,"mn":"ADBE Vector Group","hd":false}],"ip":0,"op":150.000006109625,"st":0,"bm":0},{"ddd":0,"ind":2,"ty":4,"nm":"Layer 5 Outlines - Group 1 :M","parent":6,"sr":1,"ks":{"o":{"a":0,"k":100,"ix":11},"r":{"a":0,"k":0,"ix":10},"p":{"a":0,"k":[269.597,225.504,0],"ix":2},"a":{"a":0,"k":[269.597,225.504,0],"ix":1},"s":{"a":0,"k":[100,100,100],"ix":6}},"ao":0,"shapes":[{"ty":"gr","it":[{"ty":"gr","it":[{"ind":0,"ty":"sh","ix":1,"ks":{"a":0,"k":{"i":[[2.236,0],[0,-2.704],[-2.062,0],[0,2.543]],"o":[[-1.86,0],[0,2.543],[2.061,0],[0,-2.342]],"v":[[0,-4.264],[-3.738,-0.35],[0,4.262],[3.738,-0.35]],"c":true},"ix":2},"nm":"Path 1","mn":"ADBE Vector Shape - Group","hd":false},{"ind":1,"ty":"sh","ix":2,"ks":{"a":0,"k":{"i":[[2.764,0],[0,3.245],[-2.951,0],[0,-3.056]],"o":[[-2.764,0],[0,-3.056],[2.951,0],[0,3.245]],"v":[[0,5.538],[-5.013,-0.35],[0,-5.538],[5.013,-0.35]],"c":true},"ix":2},"nm":"Path 2","mn":"ADBE Vector Shape - Group","hd":false},{"ty":"mm","mm":1,"nm":"Merge Paths 1","mn":"ADBE Vector Filter - Merge","hd":false},{"ty":"fl","c":{"a":0,"k":[0.250999987125,0.063000001013,0.286000013351,1],"ix":4,"x":"var $bm_rt;\ntry {\n    $bm_rt = thisComp.layer('Controller')('Effects')('Color')('ADBE Color Control-0001');\n} catch (e) {\n    $bm_rt = value;\n}"},"o":{"a":0,"k":100,"ix":5},"r":1,"bm":0,"nm":"Fill 1","mn":"ADBE Vector Graphic - Fill","hd":false},{"ty":"tr","p":{"a":0,"k":[36.17,24.062],"ix":2},"a":{"a":0,"k":[0,0],"ix":1},"s":{"a":0,"k":[100,100],"ix":3},"r":{"a":0,"k":0,"ix":6},"o":{"a":0,"k":100,"ix":7},"sk":{"a":0,"k":0,"ix":4},"sa":{"a":0,"k":0,"ix":5},"nm":"Transform"}],"nm":"Group 1","np":4,"cix":2,"bm":0,"ix":1,"mn":"ADBE Vector Group","hd":false},{"ty":"tr","p":{"a":0,"k":[269.599,209.058],"ix":2},"a":{"a":0,"k":[36.17,24.062],"ix":1},"s":{"a":0,"k":[500,500],"ix":3},"r":{"a":0,"k":0,"ix":6},"o":{"a":0,"k":100,"ix":7},"sk":{"a":0,"k":0,"ix":4},"sa":{"a":0,"k":0,"ix":5},"nm":"Transform"}],"nm":"Layer 5 Outlines - Group 1","np":1,"cix":2,"bm":0,"ix":1,"mn":"ADBE Vector Group","hd":false},{"ty":"gr","it":[{"ty":"gr","it":[{"ind":0,"ty":"sh","ix":1,"ks":{"a":0,"k":{"i":[[0,2.827],[1.585,0],[0,-2.827],[-1.585,0]],"o":[[0,-2.827],[-1.585,0],[0,2.827],[1.585,0]],"v":[[2.87,-0.341],[-0.001,-4.778],[-2.87,-0.341],[-0.001,4.778]],"c":true},"ix":2},"nm":"Path 1","mn":"ADBE Vector Shape - Group","hd":false},{"ty":"fl","c":{"a":0,"k":[0.972999989986,0.913999974728,0.796000003815,1],"ix":4,"x":"var $bm_rt;\ntry {\n    $bm_rt = thisComp.layer('Controller').effect('Color 2')('ADBE Color Control-0001');\n} catch (e) {\n    $bm_rt = value;\n}"},"o":{"a":0,"k":100,"ix":5},"r":1,"bm":0,"nm":"Fill 1","mn":"ADBE Vector Graphic - Fill","hd":false},{"ty":"tr","p":{"a":0,"k":[34.665,24.061],"ix":2},"a":{"a":0,"k":[0,0],"ix":1},"s":{"a":0,"k":[100,100],"ix":3},"r":{"a":0,"k":0,"ix":6},"o":{"a":0,"k":100,"ix":7},"sk":{"a":0,"k":0,"ix":4},"sa":{"a":0,"k":0,"ix":5},"nm":"Transform"}],"nm":"Group 2","np":2,"cix":2,"bm":0,"ix":1,"mn":"ADBE Vector Group","hd":false},{"ty":"tr","p":{"a":0,"k":[262.073,209.055],"ix":2},"a":{"a":0,"k":[34.665,24.061],"ix":1},"s":{"a":0,"k":[500,500],"ix":3},"r":{"a":0,"k":0,"ix":6},"o":{"a":0,"k":100,"ix":7},"sk":{"a":0,"k":0,"ix":4},"sa":{"a":0,"k":0,"ix":5},"nm":"Transform"}],"nm":"Layer 5 Outlines - Group 2","np":1,"cix":2,"bm":0,"ix":2,"mn":"ADBE Vector Group","hd":false},{"ty":"gr","it":[{"ty":"gr","it":[{"ind":0,"ty":"sh","ix":1,"ks":{"a":0,"k":{"i":[[0,2.9],[2.417,0],[0,-2.899],[-2.416,0]],"o":[[0,-2.899],[-2.416,0],[0,2.9],[2.417,0]],"v":[[4.376,-0.351],[-0.001,-4.9],[-4.376,-0.351],[-0.001,4.9]],"c":true},"ix":2},"nm":"Path 1","mn":"ADBE Vector Shape - Group","hd":false},{"ty":"fl","c":{"a":0,"k":[0.875,0.717999994755,0.56099998951,1],"ix":4,"x":"var $bm_rt;\ntry {\n    $bm_rt = thisComp.layer('Controller').effect('Color 3')('ADBE Color Control-0001');\n} catch (e) {\n    $bm_rt = value;\n}"},"o":{"a":0,"k":100,"ix":5},"r":1,"bm":0,"nm":"Fill 1","mn":"ADBE Vector Graphic - Fill","hd":false},{"ty":"tr","p":{"a":0,"k":[36.17,24.062],"ix":2},"a":{"a":0,"k":[0,0],"ix":1},"s":{"a":0,"k":[100,100],"ix":3},"r":{"a":0,"k":0,"ix":6},"o":{"a":0,"k":100,"ix":7},"sk":{"a":0,"k":0,"ix":4},"sa":{"a":0,"k":0,"ix":5},"nm":"Transform"}],"nm":"Group 3","np":2,"cix":2,"bm":0,"ix":1,"mn":"ADBE Vector Group","hd":false},{"ty":"tr","p":{"a":0,"k":[269.601,209.058],"ix":2},"a":{"a":0,"k":[36.17,24.062],"ix":1},"s":{"a":0,"k":[500,500],"ix":3},"r":{"a":0,"k":0,"ix":6},"o":{"a":0,"k":100,"ix":7},"sk":{"a":0,"k":0,"ix":4},"sa":{"a":0,"k":0,"ix":5},"nm":"Transform"}],"nm":"Layer 5 Outlines - Group 3","np":1,"cix":2,"bm":0,"ix":3,"mn":"ADBE Vector Group","hd":false},{"ty":"gr","it":[{"ty":"gr","it":[{"ind":0,"ty":"sh","ix":1,"ks":{"a":0,"k":{"i":[[0.754,-0.511],[-1.351,-1.118],[-0.34,0.803],[0.168,0.893],[0.012,0.253],[0,0],[0.016,-0.085]],"o":[[0.349,0.806],[1.358,-1.121],[-0.762,-0.532],[-0.013,-0.073],[0,0],[-0.014,0.277],[-0.173,0.889]],"v":[[-3.045,-0.351],[0.001,2.971],[3.052,-0.355],[1.586,-2.585],[1.547,-3.152],[-1.554,-3.15],[-1.602,-2.518]],"c":true},"ix":2},"nm":"Path 1","mn":"ADBE Vector Shape - Group","hd":false},{"ind":1,"ty":"sh","ix":2,"ks":{"a":0,"k":{"i":[[0.139,0],[0.115,0.091],[0.037,1.731],[-0.223,0.109],[-0.129,0.657],[-0.012,0.25],[-0.008,0.064],[-0.324,0.001],[0,0],[-0.036,-0.321],[-0.008,-0.216],[-0.012,-0.093],[-0.639,-0.326],[0.003,-0.243],[0.665,-0.522]],"o":[[-0.139,0],[-0.664,-0.522],[-0.006,-0.248],[0.633,-0.311],[0.013,-0.094],[0.008,-0.211],[0.035,-0.322],[0,0],[0.324,0],[0.007,0.059],[0.01,0.233],[0.123,0.65],[0.216,0.112],[-0.029,1.739],[-0.115,0.089]],"v":[[0,4.426],[-0.393,4.29],[-4.404,-0.652],[-4.049,-1.236],[-2.853,-2.76],[-2.817,-3.398],[-2.791,-3.857],[-2.159,-4.424],[2.154,-4.426],[2.787,-3.863],[2.811,-3.396],[2.841,-2.803],[4.059,-1.234],[4.407,-0.656],[0.393,4.292]],"c":true},"ix":2},"nm":"Path 2","mn":"ADBE Vector Shape - Group","hd":false},{"ty":"mm","mm":1,"nm":"Merge Paths 1","mn":"ADBE Vector Filter - Merge","hd":false},{"ty":"fl","c":{"a":0,"k":[0.250999987125,0.063000001013,0.286000013351,1],"ix":4,"x":"var $bm_rt;\ntry {\n    $bm_rt = thisComp.layer('Controller')('Effects')('Color')('ADBE Color Control-0001');\n} catch (e) {\n    $bm_rt = value;\n}"},"o":{"a":0,"k":100,"ix":5},"r":1,"bm":0,"nm":"Fill 1","mn":"ADBE Vector Graphic - Fill","hd":false},{"ty":"tr","p":{"a":0,"k":[36.17,31.204],"ix":2},"a":{"a":0,"k":[0,0],"ix":1},"s":{"a":0,"k":[100,100],"ix":3},"r":{"a":0,"k":0,"ix":6},"o":{"a":0,"k":100,"ix":7},"sk":{"a":0,"k":0,"ix":4},"sa":{"a":0,"k":0,"ix":5},"nm":"Transform"}],"nm":"Group 4","np":4,"cix":2,"bm":0,"ix":1,"mn":"ADBE Vector Group","hd":false},{"ty":"tr","p":{"a":0,"k":[269.607,244.766],"ix":2},"a":{"a":0,"k":[36.171,31.204],"ix":1},"s":{"a":0,"k":[500,500],"ix":3},"r":{"a":0,"k":0,"ix":6},"o":{"a":0,"k":100,"ix":7},"sk":{"a":0,"k":0,"ix":4},"sa":{"a":0,"k":0,"ix":5},"nm":"Transform"}],"nm":"Layer 5 Outlines - Group 4","np":1,"cix":2,"bm":0,"ix":4,"mn":"ADBE Vector Group","hd":false},{"ty":"gr","it":[{"ty":"gr","it":[{"ind":0,"ty":"sh","ix":1,"ks":{"a":0,"k":{"i":[[0,0],[-0.025,1.522],[0.167,0.891],[0.015,0.125],[0,0],[0.03,-0.154],[0.784,-0.385]],"o":[[0,0],[-0.794,-0.406],[-0.025,-0.131],[0,0],[-0.017,0.143],[-0.169,0.874],[0.034,1.517]],"v":[[-0.001,3.789],[3.769,-0.665],[2.212,-2.704],[2.153,-3.789],[-2.159,-3.786],[-2.229,-2.638],[-3.769,-0.665]],"c":true},"ix":2},"nm":"Path 1","mn":"ADBE Vector Shape - Group","hd":false},{"ty":"fl","c":{"a":0,"k":[0.875,0.717999994755,0.56099998951,1],"ix":4,"x":"var $bm_rt;\ntry {\n    $bm_rt = thisComp.layer('Controller')('Effects')('Color 3')('ADBE Color Control-0001');\n} catch (e) {\n    $bm_rt = value;\n}"},"o":{"a":0,"k":100,"ix":5},"r":1,"bm":0,"nm":"Fill 1","mn":"ADBE Vector Graphic - Fill","hd":false},{"ty":"tr","p":{"a":0,"k":[36.171,31.204],"ix":2},"a":{"a":0,"k":[0,0],"ix":1},"s":{"a":0,"k":[100,100],"ix":3},"r":{"a":0,"k":0,"ix":6},"o":{"a":0,"k":100,"ix":7},"sk":{"a":0,"k":0,"ix":4},"sa":{"a":0,"k":0,"ix":5},"nm":"Transform"}],"nm":"Group 5","np":2,"cix":2,"bm":0,"ix":1,"mn":"ADBE Vector Group","hd":false},{"ty":"tr","p":{"a":0,"k":[269.604,244.767],"ix":2},"a":{"a":0,"k":[36.171,31.204],"ix":1},"s":{"a":0,"k":[500,500],"ix":3},"r":{"a":0,"k":0,"ix":6},"o":{"a":0,"k":100,"ix":7},"sk":{"a":0,"k":0,"ix":4},"sa":{"a":0,"k":0,"ix":5},"nm":"Transform"}],"nm":"Layer 5 Outlines - Group 5","np":1,"cix":2,"bm":0,"ix":5,"mn":"ADBE Vector Group","hd":false},{"ty":"gr","it":[{"ty":"gr","it":[{"ind":0,"ty":"sh","ix":1,"ks":{"a":0,"k":{"i":[[0,0],[-3.19,0],[-2.279,2.233],[0,0],[0.951,0.25],[0,0],[0,0],[0,0],[0,-0.983]],"o":[[2.276,2.233],[3.191,0],[0,0],[0,-0.983],[0,0],[0,0],[0,0],[-0.95,0.25],[0,0]],"v":[[-8.463,0.682],[-0.002,4.139],[8.463,0.68],[8.463,-1.215],[6.85,-3.309],[3.687,-4.14],[-3.687,-4.14],[-6.851,-3.309],[-8.463,-1.215]],"c":true},"ix":2},"nm":"Path 1","mn":"ADBE Vector Shape - Group","hd":false},{"ind":1,"ty":"sh","ix":2,"ks":{"a":0,"k":{"i":[[3.622,0],[2.541,2.594],[0,0.167],[0,0],[-1.511,0.397],[0,0],[-0.054,0],[0,0],[-0.052,-0.013],[0,0],[0,-1.562],[0,0],[0.116,-0.119]],"o":[[-3.621,0],[-0.115,-0.119],[0,0],[0,-1.562],[0,0],[0.053,-0.013],[0,0],[0.055,0],[0,0],[1.509,0.397],[0,0],[0,0.166],[-2.541,2.595]],"v":[[-0.002,5.415],[-9.558,1.392],[-9.739,0.945],[-9.739,-1.215],[-7.174,-4.542],[-3.93,-5.394],[-3.769,-5.415],[3.769,-5.415],[3.93,-5.394],[7.174,-4.542],[9.739,-1.215],[9.739,0.945],[9.557,1.391]],"c":true},"ix":2},"nm":"Path 2","mn":"ADBE Vector Shape - Group","hd":false},{"ty":"mm","mm":1,"nm":"Merge Paths 1","mn":"ADBE Vector Filter - Merge","hd":false},{"ty":"fl","c":{"a":0,"k":[0.250999987125,0.063000001013,0.286000013351,1],"ix":4,"x":"var $bm_rt;\ntry {\n    $bm_rt = thisComp.layer('Controller')('Effects')('Color')('ADBE Color Control-0001');\n} catch (e) {\n    $bm_rt = value;\n}"},"o":{"a":0,"k":100,"ix":5},"r":1,"bm":0,"nm":"Fill 1","mn":"ADBE Vector Graphic - Fill","hd":false},{"ty":"tr","p":{"a":0,"k":[36.17,35.315],"ix":2},"a":{"a":0,"k":[0,0],"ix":1},"s":{"a":0,"k":[100,100],"ix":3},"r":{"a":0,"k":0,"ix":6},"o":{"a":0,"k":100,"ix":7},"sk":{"a":0,"k":0,"ix":4},"sa":{"a":0,"k":0,"ix":5},"nm":"Transform"}],"nm":"Group 6","np":4,"cix":2,"bm":0,"ix":1,"mn":"ADBE Vector Group","hd":false},{"ty":"tr","p":{"a":0,"k":[269.602,265.324],"ix":2},"a":{"a":0,"k":[36.17,35.315],"ix":1},"s":{"a":0,"k":[500,500],"ix":3},"r":{"a":0,"k":0,"ix":6},"o":{"a":0,"k":100,"ix":7},"sk":{"a":0,"k":0,"ix":4},"sa":{"a":0,"k":0,"ix":5},"nm":"Transform"}],"nm":"Layer 5 Outlines - Group 6","np":1,"cix":2,"bm":0,"ix":6,"mn":"ADBE Vector Group","hd":false},{"ty":"gr","it":[{"ty":"gr","it":[{"ind":0,"ty":"sh","ix":1,"ks":{"a":0,"k":{"i":[[-3.567,0],[0,0],[0,0],[0,0],[0,0],[0,0],[0,-1.274],[0,0]],"o":[[6.407,0],[0,0],[0,0],[0,0],[0,0],[-1.23,0.323],[0,0],[2.313,2.362]],"v":[[1.347,4.777],[7.091,-4.258],[5.116,-4.777],[1.347,-4.777],[-2.421,-4.777],[-5.665,-3.925],[-7.754,-1.216],[-7.754,0.945]],"c":true},"ix":2},"nm":"Path 1","mn":"ADBE Vector Shape - Group","hd":false},{"ty":"fl","c":{"a":0,"k":[0.885999977589,1,0.524999976158,1],"ix":4,"x":"var $bm_rt;\ntry {\n    $bm_rt = thisComp.layer('Controller').effect('Color 4')('ADBE Color Control-0001');\n} catch (e) {\n    $bm_rt = value;\n}"},"o":{"a":0,"k":100,"ix":5},"r":1,"bm":0,"nm":"Fill 1","mn":"ADBE Vector Graphic - Fill","hd":false},{"ty":"tr","p":{"a":0,"k":[34.823,35.315],"ix":2},"a":{"a":0,"k":[0,0],"ix":1},"s":{"a":0,"k":[100,100],"ix":3},"r":{"a":0,"k":0,"ix":6},"o":{"a":0,"k":100,"ix":7},"sk":{"a":0,"k":0,"ix":4},"sa":{"a":0,"k":0,"ix":5},"nm":"Transform"}],"nm":"Group 7","np":2,"cix":2,"bm":0,"ix":1,"mn":"ADBE Vector Group","hd":false},{"ty":"tr","p":{"a":0,"k":[261.255,265.325],"ix":2},"a":{"a":0,"k":[34.501,35.315],"ix":1},"s":{"a":0,"k":[500,500],"ix":3},"r":{"a":0,"k":0,"ix":6},"o":{"a":0,"k":100,"ix":7},"sk":{"a":0,"k":0,"ix":4},"sa":{"a":0,"k":0,"ix":5},"nm":"Transform"}],"nm":"Layer 5 Outlines - Group 7","np":1,"cix":2,"bm":0,"ix":7,"mn":"ADBE Vector Group","hd":false},{"ty":"gr","it":[{"ty":"gr","it":[{"ind":0,"ty":"sh","ix":1,"ks":{"a":0,"k":{"i":[[-3.567,0],[-2.313,2.363],[0,0],[1.231,0.323],[0,0],[0,0],[0,0],[0,0],[0,-1.274],[0,0]],"o":[[3.567,0],[0,0],[0,-1.274],[0,0],[0,0],[0,0],[0,0],[-1.23,0.323],[0,0],[2.313,2.362]],"v":[[0,4.777],[9.101,0.944],[9.101,-1.216],[7.012,-3.925],[3.769,-4.777],[0,-4.777],[-3.768,-4.777],[-7.012,-3.925],[-9.101,-1.216],[-9.101,0.945]],"c":true},"ix":2},"nm":"Path 1","mn":"ADBE Vector Shape - Group","hd":false},{"ty":"fl","c":{"a":0,"k":[0.725000023842,0.838999986649,0.375999987125,1],"ix":4,"x":"var $bm_rt;\ntry {\n    $bm_rt = thisComp.layer('Controller').effect('Color 5')('ADBE Color Control-0001');\n} catch (e) {\n    $bm_rt = value;\n}"},"o":{"a":0,"k":100,"ix":5},"r":1,"bm":0,"nm":"Fill 1","mn":"ADBE Vector Graphic - Fill","hd":false},{"ty":"tr","p":{"a":0,"k":[36.17,35.315],"ix":2},"a":{"a":0,"k":[0,0],"ix":1},"s":{"a":0,"k":[100,100],"ix":3},"r":{"a":0,"k":0,"ix":6},"o":{"a":0,"k":100,"ix":7},"sk":{"a":0,"k":0,"ix":4},"sa":{"a":0,"k":0,"ix":5},"nm":"Transform"}],"nm":"Group 8","np":2,"cix":2,"bm":0,"ix":1,"mn":"ADBE Vector Group","hd":false},{"ty":"tr","p":{"a":0,"k":[269.599,265.325],"ix":2},"a":{"a":0,"k":[36.17,35.315],"ix":1},"s":{"a":0,"k":[500,500],"ix":3},"r":{"a":0,"k":0,"ix":6},"o":{"a":0,"k":100,"ix":7},"sk":{"a":0,"k":0,"ix":4},"sa":{"a":0,"k":0,"ix":5},"nm":"Transform"}],"nm":"Layer 5 Outlines - Group 8","np":1,"cix":2,"bm":0,"ix":8,"mn":"ADBE Vector Group","hd":false},{"ty":"gr","it":[{"ty":"gr","it":[{"ind":0,"ty":"sh","ix":1,"ks":{"a":0,"k":{"i":[[6.674,0],[0,-6.674],[-6.674,0],[0,6.673]],"o":[[-6.674,0],[0,6.673],[6.674,0],[0,-6.674]],"v":[[0,-12.104],[-12.104,0.001],[0,12.104],[12.103,0.001]],"c":true},"ix":2},"nm":"Path 1","mn":"ADBE Vector Shape - Group","hd":false},{"ind":1,"ty":"sh","ix":2,"ks":{"a":0,"k":{"i":[[7.377,0],[0,7.375],[-7.376,0],[0,-7.376]],"o":[[-7.376,0],[0,-7.376],[7.377,0],[0,7.375]],"v":[[0,13.378],[-13.379,0.001],[0,-13.378],[13.379,0.001]],"c":true},"ix":2},"nm":"Path 2","mn":"ADBE Vector Shape - Group","hd":false},{"ty":"mm","mm":1,"nm":"Merge Paths 1","mn":"ADBE Vector Filter - Merge","hd":false},{"ty":"fl","c":{"a":0,"k":[0.250999987125,0.063000001013,0.286000013351,1],"ix":4,"x":"var $bm_rt;\ntry {\n    $bm_rt = thisComp.layer('Controller')('Effects')('Color')('ADBE Color Control-0001');\n} catch (e) {\n    $bm_rt = value;\n}"},"o":{"a":0,"k":100,"ix":5},"r":1,"bm":0,"nm":"Fill 1","mn":"ADBE Vector Graphic - Fill","hd":false},{"ty":"tr","p":{"a":0,"k":[36.169,27.351],"ix":2},"a":{"a":0,"k":[0,0],"ix":1},"s":{"a":0,"k":[100,100],"ix":3},"r":{"a":0,"k":0,"ix":6},"o":{"a":0,"k":100,"ix":7},"sk":{"a":0,"k":0,"ix":4},"sa":{"a":0,"k":0,"ix":5},"nm":"Transform"}],"nm":"Group 9","np":4,"cix":2,"bm":0,"ix":1,"mn":"ADBE Vector Group","hd":false},{"ty":"tr","p":{"a":0,"k":[269.597,225.504],"ix":2},"a":{"a":0,"k":[36.169,27.351],"ix":1},"s":{"a":0,"k":[500,500],"ix":3},"r":{"a":0,"k":0,"ix":6},"o":{"a":0,"k":100,"ix":7},"sk":{"a":0,"k":0,"ix":4},"sa":{"a":0,"k":0,"ix":5},"nm":"Transform"}],"nm":"Layer 5 Outlines - Group 9","np":1,"cix":2,"bm":0,"ix":9,"mn":"ADBE Vector Group","hd":false},{"ty":"gr","it":[{"ty":"gr","it":[{"ind":0,"ty":"sh","ix":1,"ks":{"a":0,"k":{"i":[[0,7.037],[-7.037,0],[0,-7.036],[3.77,0]],"o":[[0,-7.036],[4.376,0],[0,7.037],[-7.037,0]],"v":[[-10.617,-0.001],[2.124,-12.741],[10.617,-0.001],[2.124,12.741]],"c":true},"ix":2},"nm":"Path 1","mn":"ADBE Vector Shape - Group","hd":false},{"ty":"fl","c":{"a":0,"k":[1,1,1,1],"ix":4,"x":"var $bm_rt;\ntry {\n    $bm_rt = thisComp.layer('Controller').effect('Color 6')('ADBE Color Control-0001');\n} catch (e) {\n    $bm_rt = value;\n}"},"o":{"a":0,"k":100,"ix":5},"r":1,"bm":0,"nm":"Fill 1","mn":"ADBE Vector Graphic - Fill","hd":false},{"ty":"tr","p":{"a":0,"k":[34.046,27.352],"ix":2},"a":{"a":0,"k":[0,0],"ix":1},"s":{"a":0,"k":[100,100],"ix":3},"r":{"a":0,"k":0,"ix":6},"o":{"a":0,"k":100,"ix":7},"sk":{"a":0,"k":0,"ix":4},"sa":{"a":0,"k":0,"ix":5},"nm":"Transform"}],"nm":"Group 10","np":2,"cix":2,"bm":0,"ix":1,"mn":"ADBE Vector Group","hd":false},{"ty":"tr","p":{"a":0,"k":[258.978,225.507],"ix":2},"a":{"a":0,"k":[34.046,27.352],"ix":1},"s":{"a":0,"k":[500,500],"ix":3},"r":{"a":0,"k":0,"ix":6},"o":{"a":0,"k":100,"ix":7},"sk":{"a":0,"k":0,"ix":4},"sa":{"a":0,"k":0,"ix":5},"nm":"Transform"}],"nm":"Layer 5 Outlines - Group 110","np":1,"cix":2,"bm":0,"ix":10,"mn":"ADBE Vector Group","hd":false},{"ty":"gr","it":[{"ty":"gr","it":[{"ind":0,"ty":"sh","ix":1,"ks":{"a":0,"k":{"i":[[0,7.037],[-7.037,0],[0,-7.036],[7.036,0]],"o":[[0,-7.036],[7.036,0],[0,7.037],[-7.037,0]],"v":[[-12.74,-0.001],[0.001,-12.741],[12.74,-0.001],[0.001,12.741]],"c":true},"ix":2},"nm":"Path 1","mn":"ADBE Vector Shape - Group","hd":false},{"ty":"fl","c":{"a":0,"k":[0.882000029087,0.902000010014,0.917999982834,1],"ix":4,"x":"var $bm_rt;\ntry {\n    $bm_rt = thisComp.layer('Controller').effect('Color 7')('ADBE Color Control-0001');\n} catch (e) {\n    $bm_rt = value;\n}"},"o":{"a":0,"k":100,"ix":5},"r":1,"bm":0,"nm":"Fill 1","mn":"ADBE Vector Graphic - Fill","hd":false},{"ty":"tr","p":{"a":0,"k":[36.169,27.352],"ix":2},"a":{"a":0,"k":[0,0],"ix":1},"s":{"a":0,"k":[100,100],"ix":3},"r":{"a":0,"k":0,"ix":6},"o":{"a":0,"k":100,"ix":7},"sk":{"a":0,"k":0,"ix":4},"sa":{"a":0,"k":0,"ix":5},"nm":"Transform"}],"nm":"Group 11","np":2,"cix":2,"bm":0,"ix":1,"mn":"ADBE Vector Group","hd":false},{"ty":"tr","p":{"a":0,"k":[269.595,225.507],"ix":2},"a":{"a":0,"k":[36.169,27.352],"ix":1},"s":{"a":0,"k":[500,500],"ix":3},"r":{"a":0,"k":0,"ix":6},"o":{"a":0,"k":100,"ix":7},"sk":{"a":0,"k":0,"ix":4},"sa":{"a":0,"k":0,"ix":5},"nm":"Transform"}],"nm":"Layer 5 Outlines - Group 111","np":1,"cix":2,"bm":0,"ix":11,"mn":"ADBE Vector Group","hd":false}],"ip":0,"op":150.000006109625,"st":0,"bm":0},{"ddd":0,"ind":3,"ty":4,"nm":"Layer 5 Outlines - Group 12","parent":6,"sr":1,"ks":{"o":{"a":0,"k":100,"ix":11},"r":{"a":0,"k":0,"ix":10},"p":{"a":0,"k":[254.896,338.222,0],"ix":2},"a":{"a":0,"k":[33.229,49.895,0],"ix":1},"s":{"a":0,"k":[500,500,100],"ix":6}},"ao":0,"shapes":[{"ty":"gr","it":[{"ind":0,"ty":"sh","ix":1,"ks":{"a":0,"k":{"i":[[0.352,0],[0,0],[0,0.352],[-0.352,0],[0,0],[0,-0.352]],"o":[[0,0],[-0.352,0],[0,-0.352],[0,0],[0.352,0],[0,0.352]],"v":[[6.861,0.637],[-6.861,0.637],[-7.497,0],[-6.861,-0.637],[6.861,-0.637],[7.497,0]],"c":true},"ix":2},"nm":"Path 1","mn":"ADBE Vector Shape - Group","hd":false},{"ty":"fl","c":{"a":0,"k":[0.250999989229,0.063000002094,0.286000001197,1],"ix":4,"x":"var $bm_rt;\ntry {\n    $bm_rt = thisComp.layer('Controller')('Effects')('Color')('ADBE Color Control-0001');\n} catch (e) {\n    $bm_rt = value;\n}"},"o":{"a":0,"k":100,"ix":5},"r":1,"bm":0,"nm":"Fill 1","mn":"ADBE Vector Graphic - Fill","hd":false},{"ty":"tr","p":{"a":0,"k":[33.229,49.895],"ix":2},"a":{"a":0,"k":[0,0],"ix":1},"s":{"a":0,"k":[100,100],"ix":3},"r":{"a":0,"k":0,"ix":6},"o":{"a":0,"k":100,"ix":7},"sk":{"a":0,"k":0,"ix":4},"sa":{"a":0,"k":0,"ix":5},"nm":"Transform"}],"nm":"Group 12","np":2,"cix":2,"bm":0,"ix":1,"mn":"ADBE Vector Group","hd":false}],"ip":0,"op":150.000006109625,"st":0,"bm":0},{"ddd":0,"ind":4,"ty":4,"nm":"Layer 5 Outlines - Group 14","parent":6,"sr":1,"ks":{"o":{"a":0,"k":100,"ix":11},"r":{"a":0,"k":0,"ix":10},"p":{"a":0,"k":[296.548,313.716,0],"ix":2},"a":{"a":0,"k":[41.56,44.993,0],"ix":1},"s":{"a":0,"k":[500,500,100],"ix":6}},"ao":0,"shapes":[{"ty":"gr","it":[{"ind":0,"ty":"sh","ix":1,"ks":{"a":0,"k":{"i":[[0.353,0],[0,0],[0,0.352],[-0.353,0],[0,0],[0,-0.352]],"o":[[0,0],[-0.353,0],[0,-0.352],[0,0],[0.353,0],[0,0.352]],"v":[[4.41,0.637],[-4.41,0.637],[-5.048,0],[-4.41,-0.637],[4.41,-0.637],[5.048,0]],"c":true},"ix":2},"nm":"Path 1","mn":"ADBE Vector Shape - Group","hd":false},{"ty":"fl","c":{"a":0,"k":[0.250999989229,0.063000002094,0.286000001197,1],"ix":4,"x":"var $bm_rt;\ntry {\n    $bm_rt = thisComp.layer('Controller')('Effects')('Color')('ADBE Color Control-0001');\n} catch (e) {\n    $bm_rt = value;\n}"},"o":{"a":0,"k":100,"ix":5},"r":1,"bm":0,"nm":"Fill 1","mn":"ADBE Vector Graphic - Fill","hd":false},{"ty":"tr","p":{"a":0,"k":[41.56,44.993],"ix":2},"a":{"a":0,"k":[0,0],"ix":1},"s":{"a":0,"k":[100,100],"ix":3},"r":{"a":0,"k":0,"ix":6},"o":{"a":0,"k":100,"ix":7},"sk":{"a":0,"k":0,"ix":4},"sa":{"a":0,"k":0,"ix":5},"nm":"Transform"}],"nm":"Group 14","np":2,"cix":2,"bm":0,"ix":1,"mn":"ADBE Vector Group","hd":false}],"ip":0,"op":150.000006109625,"st":0,"bm":0},{"ddd":0,"ind":5,"ty":4,"nm":"Layer 5 Outlines - Group 13","parent":6,"sr":1,"ks":{"o":{"a":0,"k":100,"ix":11},"r":{"a":0,"k":0,"ix":10},"p":{"a":0,"k":[237.744,313.716,0],"ix":2},"a":{"a":0,"k":[29.799,44.993,0],"ix":1},"s":{"a":0,"k":[500,500,100],"ix":6}},"ao":0,"shapes":[{"ty":"gr","it":[{"ind":0,"ty":"sh","ix":1,"ks":{"a":0,"k":{"i":[[0.352,0],[0,0],[0,0.352],[-0.353,0],[0,0],[0,-0.352]],"o":[[0,0],[-0.353,0],[0,-0.352],[0,0],[0.352,0],[0,0.352]],"v":[[3.431,0.637],[-3.43,0.637],[-4.068,0],[-3.43,-0.637],[3.431,-0.637],[4.068,0]],"c":true},"ix":2},"nm":"Path 1","mn":"ADBE Vector Shape - Group","hd":false},{"ty":"fl","c":{"a":0,"k":[0.250999989229,0.063000002094,0.286000001197,1],"ix":4,"x":"var $bm_rt;\ntry {\n    $bm_rt = thisComp.layer('Controller')('Effects')('Color')('ADBE Color Control-0001');\n} catch (e) {\n    $bm_rt = value;\n}"},"o":{"a":0,"k":100,"ix":5},"r":1,"bm":0,"nm":"Fill 1","mn":"ADBE Vector Graphic - Fill","hd":false},{"ty":"tr","p":{"a":0,"k":[29.799,44.993],"ix":2},"a":{"a":0,"k":[0,0],"ix":1},"s":{"a":0,"k":[100,100],"ix":3},"r":{"a":0,"k":0,"ix":6},"o":{"a":0,"k":100,"ix":7},"sk":{"a":0,"k":0,"ix":4},"sa":{"a":0,"k":0,"ix":5},"nm":"Transform"}],"nm":"Group 13","np":2,"cix":2,"bm":0,"ix":1,"mn":"ADBE Vector Group","hd":false}],"ip":0,"op":150.000006109625,"st":0,"bm":0},{"ddd":0,"ind":6,"ty":4,"nm":"Layer 5 Outlines - Group 19 :M","sr":1,"ks":{"o":{"a":0,"k":100,"ix":11},"r":{"a":1,"k":[{"i":{"x":[0.64],"y":[1]},"o":{"x":[0.36],"y":[0]},"t":5,"s":[0]},{"i":{"x":[0.64],"y":[1]},"o":{"x":[0.36],"y":[0]},"t":20,"s":[10]},{"i":{"x":[0.64],"y":[1]},"o":{"x":[0.36],"y":[0]},"t":35,"s":[-12]},{"i":{"x":[0.64],"y":[1]},"o":{"x":[0.36],"y":[0]},"t":50,"s":[5]},{"i":{"x":[0.64],"y":[1]},"o":{"x":[0.36],"y":[0]},"t":60,"s":[0]},{"i":{"x":[0.64],"y":[1]},"o":{"x":[0.36],"y":[0]},"t":80,"s":[0]},{"i":{"x":[0.64],"y":[1]},"o":{"x":[0.36],"y":[0]},"t":95,"s":[10]},{"i":{"x":[0.64],"y":[1]},"o":{"x":[0.36],"y":[0]},"t":110,"s":[-12]},{"i":{"x":[0.64],"y":[1]},"o":{"x":[0.36],"y":[0]},"t":125,"s":[5]},{"t":135.000005498663,"s":[0]}],"ix":10},"p":{"a":1,"k":[{"i":{"x":0.64,"y":1},"o":{"x":0.36,"y":0},"t":0,"s":[114.501,410.001,0],"to":[0,4.285,0],"ti":[0,0,0]},{"i":{"x":0.64,"y":1},"o":{"x":0.36,"y":0},"t":15,"s":[114.501,435.71,0],"to":[0,0,0],"ti":[0,4.285,0]},{"i":{"x":0.64,"y":1},"o":{"x":0.36,"y":0},"t":30,"s":[114.501,388.725,0],"to":[0,-4.285,0],"ti":[0,-3.546,0]},{"i":{"x":0.64,"y":0.64},"o":{"x":0.36,"y":0.36},"t":45,"s":[114.501,410.001,0],"to":[0,0,0],"ti":[0,0,0]},{"i":{"x":0.64,"y":1},"o":{"x":0.36,"y":0},"t":75,"s":[114.501,410.001,0],"to":[0,4.285,0],"ti":[0,0,0]},{"i":{"x":0.64,"y":1},"o":{"x":0.36,"y":0},"t":90,"s":[114.501,435.71,0],"to":[0,0,0],"ti":[0,4.285,0]},{"i":{"x":0.64,"y":1},"o":{"x":0.36,"y":0},"t":105,"s":[114.501,388.725,0],"to":[0,-4.285,0],"ti":[0,-3.546,0]},{"t":120.0000048877,"s":[114.501,410.001,0]}],"ix":2},"a":{"a":0,"k":[114.501,410.001,0],"ix":1},"s":{"a":0,"k":[100,100,100],"ix":6}},"ao":0,"shapes":[{"ty":"gr","it":[{"ty":"gr","it":[{"ind":0,"ty":"sh","ix":1,"ks":{"a":0,"k":{"i":[[0.353,0],[0,0],[0,0.891],[0,0],[-0.892,0],[0,0],[0,-0.353],[0,0],[0.353,0],[0,0.353],[0,0],[0,0],[0,-0.189],[0,0],[-0.189,0],[0,0],[0,0],[-0.352,0],[0,-0.352],[0,0]],"o":[[0,0],[-0.892,0],[0,0],[0,-0.891],[0,0],[0.353,0],[0,0],[0,0.353],[-0.352,0],[0,0],[0,0],[-0.189,0],[0,0],[0,0.189],[0,0],[0,0],[0,-0.352],[0.353,0],[0,0],[0,0.353]],"v":[[4.41,32],[-3.43,32],[-5.048,30.383],[-5.048,-30.383],[-3.43,-32],[4.41,-32],[5.048,-31.362],[5.048,-15.681],[4.41,-15.043],[3.773,-15.681],[3.773,-30.726],[-3.43,-30.726],[-3.773,-30.383],[-3.773,30.383],[-3.43,30.726],[3.773,30.726],[3.773,-11.76],[4.41,-12.397],[5.048,-11.76],[5.048,31.362]],"c":true},"ix":2},"nm":"Path 1","mn":"ADBE Vector Shape - Group","hd":false},{"ty":"fl","c":{"a":0,"k":[0.250999987125,0.063000001013,0.286000013351,1],"ix":4,"x":"var $bm_rt;\ntry {\n    $bm_rt = thisComp.layer('Controller')('Effects')('Color')('ADBE Color Control-0001');\n} catch (e) {\n    $bm_rt = value;\n}"},"o":{"a":0,"k":100,"ix":5},"r":1,"bm":0,"nm":"Fill 1","mn":"ADBE Vector Graphic - Fill","hd":false},{"ty":"tr","p":{"a":0,"k":[10.198,32.251],"ix":2},"a":{"a":0,"k":[0,0],"ix":1},"s":{"a":0,"k":[100,100],"ix":3},"r":{"a":0,"k":0,"ix":6},"o":{"a":0,"k":100,"ix":7},"sk":{"a":0,"k":0,"ix":4},"sa":{"a":0,"k":0,"ix":5},"nm":"Transform"}],"nm":"Group 19","np":2,"cix":2,"bm":0,"ix":1,"mn":"ADBE Vector Group","hd":false},{"ty":"tr","p":{"a":0,"k":[139.741,250.001],"ix":2},"a":{"a":0,"k":[10.198,32.251],"ix":1},"s":{"a":0,"k":[500,500],"ix":3},"r":{"a":0,"k":0,"ix":6},"o":{"a":0,"k":100,"ix":7},"sk":{"a":0,"k":0,"ix":4},"sa":{"a":0,"k":0,"ix":5},"nm":"Transform"}],"nm":"Layer 5 Outlines - Group 119","np":1,"cix":2,"bm":0,"ix":1,"mn":"ADBE Vector Group","hd":false},{"ty":"gr","it":[{"ty":"gr","it":[{"ind":0,"ty":"sh","ix":1,"ks":{"a":0,"k":{"i":[[-0.552,0],[0,0],[0,0],[0,0],[0,0.551],[0,0]],"o":[[0,0],[0,0],[0,0],[-0.552,0],[0,0],[0,-0.553]],"v":[[-1.94,-31.363],[2.94,-31.363],[2.94,31.363],[-1.94,31.363],[-2.94,30.363],[-2.94,-30.363]],"c":true},"ix":2},"nm":"Path 1","mn":"ADBE Vector Shape - Group","hd":false},{"ty":"fl","c":{"a":0,"k":[0.882000029087,0.902000010014,0.917999982834,1],"ix":4,"x":"var $bm_rt;\ntry {\n    $bm_rt = thisComp.layer('Controller')('Effects')('Color 7')('ADBE Color Control-0001');\n} catch (e) {\n    $bm_rt = value;\n}"},"o":{"a":0,"k":100,"ix":5},"r":1,"bm":0,"nm":"Fill 1","mn":"ADBE Vector Graphic - Fill","hd":false},{"ty":"tr","p":{"a":0,"k":[11.669,32.251],"ix":2},"a":{"a":0,"k":[0,0],"ix":1},"s":{"a":0,"k":[100,100],"ix":3},"r":{"a":0,"k":0,"ix":6},"o":{"a":0,"k":100,"ix":7},"sk":{"a":0,"k":0,"ix":4},"sa":{"a":0,"k":0,"ix":5},"nm":"Transform"}],"nm":"Group 20","np":2,"cix":2,"bm":0,"ix":1,"mn":"ADBE Vector Group","hd":false},{"ty":"tr","p":{"a":0,"k":[147.094,250.005],"ix":2},"a":{"a":0,"k":[11.669,32.251],"ix":1},"s":{"a":0,"k":[500,500],"ix":3},"r":{"a":0,"k":0,"ix":6},"o":{"a":0,"k":100,"ix":7},"sk":{"a":0,"k":0,"ix":4},"sa":{"a":0,"k":0,"ix":5},"nm":"Transform"}],"nm":"Layer 5 Outlines - Group 220","np":1,"cix":2,"bm":0,"ix":2,"mn":"ADBE Vector Group","hd":false},{"ty":"gr","it":[{"ty":"gr","it":[{"ind":0,"ty":"sh","ix":1,"ks":{"a":0,"k":{"i":[[-0.552,0],[0,0],[0,0],[0,0],[0,0.551],[0,0]],"o":[[0,0],[0,0],[0,0],[-0.552,0],[0,0],[0,-0.553]],"v":[[-3.41,-31.363],[4.41,-31.363],[4.41,31.363],[-3.41,31.363],[-4.41,30.363],[-4.41,-30.363]],"c":true},"ix":2},"nm":"Path 1","mn":"ADBE Vector Shape - Group","hd":false},{"ty":"fl","c":{"a":0,"k":[1,1,1,1],"ix":4,"x":"var $bm_rt;\ntry {\n    $bm_rt = thisComp.layer('Controller')('Effects')('Color 6')('ADBE Color Control-0001');\n} catch (e) {\n    $bm_rt = value;\n}"},"o":{"a":0,"k":100,"ix":5},"r":1,"bm":0,"nm":"Fill 1","mn":"ADBE Vector Graphic - Fill","hd":false},{"ty":"tr","p":{"a":0,"k":[10.198,32.251],"ix":2},"a":{"a":0,"k":[0,0],"ix":1},"s":{"a":0,"k":[100,100],"ix":3},"r":{"a":0,"k":0,"ix":6},"o":{"a":0,"k":100,"ix":7},"sk":{"a":0,"k":0,"ix":4},"sa":{"a":0,"k":0,"ix":5},"nm":"Transform"}],"nm":"Group 21","np":2,"cix":2,"bm":0,"ix":1,"mn":"ADBE Vector Group","hd":false},{"ty":"tr","p":{"a":0,"k":[139.742,250.005],"ix":2},"a":{"a":0,"k":[10.198,32.251],"ix":1},"s":{"a":0,"k":[500,500],"ix":3},"r":{"a":0,"k":0,"ix":6},"o":{"a":0,"k":100,"ix":7},"sk":{"a":0,"k":0,"ix":4},"sa":{"a":0,"k":0,"ix":5},"nm":"Transform"}],"nm":"Layer 5 Outlines - Group 221","np":1,"cix":2,"bm":0,"ix":3,"mn":"ADBE Vector Group","hd":false},{"ty":"gr","it":[{"ty":"gr","it":[{"ind":0,"ty":"sh","ix":1,"ks":{"a":0,"k":{"i":[[0.353,0],[0,0.353],[0,0],[0.189,0],[0,0],[0,0.352],[-0.353,0],[0,0],[0,-0.892],[0,0]],"o":[[-0.352,0],[0,0],[0,-0.19],[0,0],[-0.353,0],[0,-0.352],[0,0],[0.891,0],[0,0],[0,0.353]],"v":[[19.601,18.281],[18.963,17.643],[18.963,-16.663],[18.622,-17.005],[-19.601,-17.005],[-20.239,-17.643],[-19.601,-18.281],[18.622,-18.281],[20.239,-16.663],[20.239,17.643]],"c":true},"ix":2},"nm":"Path 1","mn":"ADBE Vector Shape - Group","hd":false},{"ty":"fl","c":{"a":0,"k":[0.250999987125,0.063000001013,0.286000013351,1],"ix":4,"x":"var $bm_rt;\ntry {\n    $bm_rt = thisComp.layer('Controller')('Effects')('Color')('ADBE Color Control-0001');\n} catch (e) {\n    $bm_rt = value;\n}"},"o":{"a":0,"k":100,"ix":5},"r":1,"bm":0,"nm":"Fill 1","mn":"ADBE Vector Graphic - Fill","hd":false},{"ty":"tr","p":{"a":0,"k":[38.13,18.531],"ix":2},"a":{"a":0,"k":[0,0],"ix":1},"s":{"a":0,"k":[100,100],"ix":3},"r":{"a":0,"k":0,"ix":6},"o":{"a":0,"k":100,"ix":7},"sk":{"a":0,"k":0,"ix":4},"sa":{"a":0,"k":0,"ix":5},"nm":"Transform"}],"nm":"Group 22","np":2,"cix":2,"bm":0,"ix":1,"mn":"ADBE Vector Group","hd":false},{"ty":"tr","p":{"a":0,"k":[279.402,181.401],"ix":2},"a":{"a":0,"k":[38.13,18.531],"ix":1},"s":{"a":0,"k":[500,500],"ix":3},"r":{"a":0,"k":0,"ix":6},"o":{"a":0,"k":100,"ix":7},"sk":{"a":0,"k":0,"ix":4},"sa":{"a":0,"k":0,"ix":5},"nm":"Transform"}],"nm":"Layer 5 Outlines - Group 222","np":1,"cix":2,"bm":0,"ix":4,"mn":"ADBE Vector Group","hd":false},{"ty":"gr","it":[{"ty":"gr","it":[{"ind":0,"ty":"sh","ix":1,"ks":{"a":0,"k":{"i":[[0.892,0],[0,0],[0,0.353],[-0.352,0],[0,0],[0,0.189],[0,0],[-0.351,0],[0,-0.353],[0,0]],"o":[[0,0],[-0.352,0],[0,-0.351],[0,0],[0.189,0],[0,0],[0,-0.353],[0.353,0],[0,0],[0,0.891]],"v":[[5.391,12.397],[-6.371,12.397],[-7.008,11.759],[-6.371,11.123],[5.391,11.123],[5.733,10.78],[5.733,-11.759],[6.37,-12.397],[7.008,-11.759],[7.008,10.78]],"c":true},"ix":2},"nm":"Path 1","mn":"ADBE Vector Shape - Group","hd":false},{"ty":"fl","c":{"a":0,"k":[0.250999987125,0.063000001013,0.286000013351,1],"ix":4,"x":"var $bm_rt;\ntry {\n    $bm_rt = thisComp.layer('Controller')('Effects')('Color')('ADBE Color Control-0001');\n} catch (e) {\n    $bm_rt = value;\n}"},"o":{"a":0,"k":100,"ix":5},"r":1,"bm":0,"nm":"Fill 1","mn":"ADBE Vector Graphic - Fill","hd":false},{"ty":"tr","p":{"a":0,"k":[51.361,51.854],"ix":2},"a":{"a":0,"k":[0,0],"ix":1},"s":{"a":0,"k":[100,100],"ix":3},"r":{"a":0,"k":0,"ix":6},"o":{"a":0,"k":100,"ix":7},"sk":{"a":0,"k":0,"ix":4},"sa":{"a":0,"k":0,"ix":5},"nm":"Transform"}],"nm":"Group 23","np":2,"cix":2,"bm":0,"ix":1,"mn":"ADBE Vector Group","hd":false},{"ty":"tr","p":{"a":0,"k":[345.554,348.016],"ix":2},"a":{"a":0,"k":[51.361,51.854],"ix":1},"s":{"a":0,"k":[500,500],"ix":3},"r":{"a":0,"k":0,"ix":6},"o":{"a":0,"k":100,"ix":7},"sk":{"a":0,"k":0,"ix":4},"sa":{"a":0,"k":0,"ix":5},"nm":"Transform"}],"nm":"Layer 5 Outlines - Group 223","np":1,"cix":2,"bm":0,"ix":5,"mn":"ADBE Vector Group","hd":false},{"ty":"gr","it":[{"ty":"gr","it":[{"ind":0,"ty":"sh","ix":1,"ks":{"a":0,"k":{"i":[[0.353,0],[0,0],[0,0.353],[-0.351,0],[0,0],[0,-0.351]],"o":[[0,0],[-0.351,0],[0,-0.351],[0,0],[0.353,0],[0,0.353]],"v":[[13.23,0.637],[-13.231,0.637],[-13.868,-0.001],[-13.231,-0.637],[13.23,-0.637],[13.868,-0.001]],"c":true},"ix":2},"nm":"Path 1","mn":"ADBE Vector Shape - Group","hd":false},{"ty":"fl","c":{"a":0,"k":[0.250999987125,0.063000001013,0.286000013351,1],"ix":4,"x":"var $bm_rt;\ntry {\n    $bm_rt = thisComp.layer('Controller')('Effects')('Color')('ADBE Color Control-0001');\n} catch (e) {\n    $bm_rt = value;\n}"},"o":{"a":0,"k":100,"ix":5},"r":1,"bm":0,"nm":"Fill 1","mn":"ADBE Vector Graphic - Fill","hd":false},{"ty":"tr","p":{"a":0,"k":[27.839,63.614],"ix":2},"a":{"a":0,"k":[0,0],"ix":1},"s":{"a":0,"k":[100,100],"ix":3},"r":{"a":0,"k":0,"ix":6},"o":{"a":0,"k":100,"ix":7},"sk":{"a":0,"k":0,"ix":4},"sa":{"a":0,"k":0,"ix":5},"nm":"Transform"}],"nm":"Group 24","np":2,"cix":2,"bm":0,"ix":1,"mn":"ADBE Vector Group","hd":false},{"ty":"tr","p":{"a":0,"k":[227.946,406.816],"ix":2},"a":{"a":0,"k":[27.839,63.614],"ix":1},"s":{"a":0,"k":[500,500],"ix":3},"r":{"a":0,"k":0,"ix":6},"o":{"a":0,"k":100,"ix":7},"sk":{"a":0,"k":0,"ix":4},"sa":{"a":0,"k":0,"ix":5},"nm":"Transform"}],"nm":"Layer 5 Outlines - Group 224","np":1,"cix":2,"bm":0,"ix":6,"mn":"ADBE Vector Group","hd":false},{"ty":"gr","it":[{"ty":"gr","it":[{"ind":0,"ty":"sh","ix":1,"ks":{"a":0,"k":{"i":[[0,0],[0,0],[0,-0.553],[0,0],[0.553,0],[0,0]],"o":[[0,0],[0.553,0],[0,0],[0,0.551],[0,0],[0,0]],"v":[[-19.601,-31.363],[18.601,-31.363],[19.601,-30.363],[19.601,30.363],[18.601,31.363],[-19.601,31.363]],"c":true},"ix":2},"nm":"Path 1","mn":"ADBE Vector Shape - Group","hd":false},{"ty":"fl","c":{"a":0,"k":[0.776000022888,0.600000023842,0.458999991417,1],"ix":4,"x":"var $bm_rt;\ntry {\n    $bm_rt = thisComp.layer('Controller').effect('Color 8')('ADBE Color Control-0001');\n} catch (e) {\n    $bm_rt = value;\n}"},"o":{"a":0,"k":100,"ix":5},"r":1,"bm":0,"nm":"Fill 1","mn":"ADBE Vector Graphic - Fill","hd":false},{"ty":"tr","p":{"a":0,"k":[34.21,32.251],"ix":2},"a":{"a":0,"k":[0,0],"ix":1},"s":{"a":0,"k":[100,100],"ix":3},"r":{"a":0,"k":0,"ix":6},"o":{"a":0,"k":100,"ix":7},"sk":{"a":0,"k":0,"ix":4},"sa":{"a":0,"k":0,"ix":5},"nm":"Transform"}],"nm":"Group 25","np":2,"cix":2,"bm":0,"ix":1,"mn":"ADBE Vector Group","hd":false},{"ty":"tr","p":{"a":0,"k":[259.801,250.005],"ix":2},"a":{"a":0,"k":[34.21,32.251],"ix":1},"s":{"a":0,"k":[500,500],"ix":3},"r":{"a":0,"k":0,"ix":6},"o":{"a":0,"k":100,"ix":7},"sk":{"a":0,"k":0,"ix":4},"sa":{"a":0,"k":0,"ix":5},"nm":"Transform"}],"nm":"Layer 5 Outlines - Group 225","np":1,"cix":2,"bm":0,"ix":7,"mn":"ADBE Vector Group","hd":false},{"ty":"gr","it":[{"ty":"gr","it":[{"ind":0,"ty":"sh","ix":1,"ks":{"a":0,"k":{"i":[[0,0],[0,0],[0,-0.553],[0,0],[0.552,0],[0,0]],"o":[[0,0],[0.552,0],[0,0],[0,0.551],[0,0],[0,0]],"v":[[-21.561,-31.363],[20.561,-31.363],[21.561,-30.363],[21.561,30.363],[20.561,31.363],[-21.561,31.363]],"c":true},"ix":2},"nm":"Path 1","mn":"ADBE Vector Shape - Group","hd":false},{"ty":"fl","c":{"a":0,"k":[0.634999990463,0.430999994278,0.340999990702,1],"ix":4,"x":"var $bm_rt;\ntry {\n    $bm_rt = thisComp.layer('Controller').effect('Color 9')('ADBE Color Control-0001');\n} catch (e) {\n    $bm_rt = value;\n}"},"o":{"a":0,"k":100,"ix":5},"r":1,"bm":0,"nm":"Fill 1","mn":"ADBE Vector Graphic - Fill","hd":false},{"ty":"tr","p":{"a":0,"k":[36.171,32.251],"ix":2},"a":{"a":0,"k":[0,0],"ix":1},"s":{"a":0,"k":[100,100],"ix":3},"r":{"a":0,"k":0,"ix":6},"o":{"a":0,"k":100,"ix":7},"sk":{"a":0,"k":0,"ix":4},"sa":{"a":0,"k":0,"ix":5},"nm":"Transform"}],"nm":"Group 26","np":2,"cix":2,"bm":0,"ix":1,"mn":"ADBE Vector Group","hd":false},{"ty":"tr","p":{"a":0,"k":[269.604,250.005],"ix":2},"a":{"a":0,"k":[36.171,32.251],"ix":1},"s":{"a":0,"k":[500,500],"ix":3},"r":{"a":0,"k":0,"ix":6},"o":{"a":0,"k":100,"ix":7},"sk":{"a":0,"k":0,"ix":4},"sa":{"a":0,"k":0,"ix":5},"nm":"Transform"}],"nm":"Layer 5 Outlines - Group 226","np":1,"cix":2,"bm":0,"ix":8,"mn":"ADBE Vector Group","hd":false}],"ip":0,"op":150.000006109625,"st":0,"bm":0},{"ddd":0,"ind":7,"ty":4,"nm":"Layer 5 Outlines - Group 27 :M","parent":6,"sr":1,"ks":{"o":{"a":0,"k":100,"ix":11},"r":{"a":0,"k":0,"ix":10},"p":{"a":1,"k":[{"i":{"x":0.64,"y":1},"o":{"x":0.36,"y":0},"t":60,"s":[392.11,318.625,0],"to":[-2.512,0,0],"ti":[0,0,0]},{"i":{"x":0.64,"y":1},"o":{"x":0.36,"y":0},"t":70,"s":[377.039,318.625,0],"to":[0,0,0],"ti":[-2.512,0,0]},{"i":{"x":0.833,"y":0.833},"o":{"x":0.167,"y":0.167},"t":80,"s":[392.11,318.625,0],"to":[0,0,0],"ti":[0,0,0]},{"i":{"x":0.64,"y":1},"o":{"x":0.36,"y":0},"t":135,"s":[392.11,318.625,0],"to":[-2.512,0,0],"ti":[0,0,0]},{"i":{"x":0.64,"y":1},"o":{"x":0.36,"y":0},"t":143,"s":[377.039,318.625,0],"to":[0,0,0],"ti":[-2.512,0,0]},{"t":150.000006109625,"s":[392.11,318.625,0]}],"ix":2},"a":{"a":0,"k":[392.11,318.625,0],"ix":1},"s":{"a":0,"k":[100,100,100],"ix":6}},"ao":0,"shapes":[{"ty":"gr","it":[{"ty":"gr","it":[{"ind":0,"ty":"sh","ix":1,"ks":{"a":0,"k":{"i":[[0,0],[0,0],[0,1.271],[0,0],[1.27,0],[0,0]],"o":[[0,0],[1.27,0],[0,0],[0,-1.27],[0,0],[0,0]],"v":[[-2.303,5.243],[0.001,5.243],[2.303,2.94],[2.303,-2.94],[0.001,-5.243],[-2.303,-5.243]],"c":true},"ix":2},"nm":"Path 1","mn":"ADBE Vector Shape - Group","hd":false},{"ind":1,"ty":"sh","ix":2,"ks":{"a":0,"k":{"i":[[1.972,0],[0,0],[0,0.352],[0,0],[-0.351,0],[0,0],[0,-1.972],[0,0]],"o":[[0,0],[-0.351,0],[0,0],[0,-0.353],[0,0],[1.972,0],[0,0],[0,1.973]],"v":[[0.001,6.518],[-2.941,6.518],[-3.578,5.881],[-3.578,-5.88],[-2.941,-6.518],[0.001,-6.518],[3.578,-2.94],[3.578,2.94]],"c":true},"ix":2},"nm":"Path 2","mn":"ADBE Vector Shape - Group","hd":false},{"ty":"mm","mm":1,"nm":"Merge Paths 1","mn":"ADBE Vector Filter - Merge","hd":false},{"ty":"fl","c":{"a":0,"k":[0.250999987125,0.063000001013,0.286000013351,1],"ix":4,"x":"var $bm_rt;\ntry {\n    $bm_rt = thisComp.layer('Controller')('Effects')('Color')('ADBE Color Control-0001');\n} catch (e) {\n    $bm_rt = value;\n}"},"o":{"a":0,"k":100,"ix":5},"r":1,"bm":0,"nm":"Fill 1","mn":"ADBE Vector Graphic - Fill","hd":false},{"ty":"tr","p":{"a":0,"k":[60.672,45.975],"ix":2},"a":{"a":0,"k":[0,0],"ix":1},"s":{"a":0,"k":[100,100],"ix":3},"r":{"a":0,"k":0,"ix":6},"o":{"a":0,"k":100,"ix":7},"sk":{"a":0,"k":0,"ix":4},"sa":{"a":0,"k":0,"ix":5},"nm":"Transform"}],"nm":"Group 27","np":4,"cix":2,"bm":0,"ix":1,"mn":"ADBE Vector Group","hd":false},{"ty":"tr","p":{"a":0,"k":[392.11,318.625],"ix":2},"a":{"a":0,"k":[60.672,45.975],"ix":1},"s":{"a":0,"k":[500,500],"ix":3},"r":{"a":0,"k":0,"ix":6},"o":{"a":0,"k":100,"ix":7},"sk":{"a":0,"k":0,"ix":4},"sa":{"a":0,"k":0,"ix":5},"nm":"Transform"}],"nm":"Layer 5 Outlines - Group 227","np":1,"cix":2,"bm":0,"ix":1,"mn":"ADBE Vector Group","hd":false},{"ty":"gr","it":[{"ty":"gr","it":[{"ind":0,"ty":"sh","ix":1,"ks":{"a":0,"k":{"i":[[0,0],[0,0],[0,-1.657],[0,0],[1.657,0],[0,0]],"o":[[0,0],[1.657,0],[0,0],[0,1.657],[0,0],[0,0]],"v":[[-2.94,-5.881],[-0.06,-5.881],[2.94,-2.881],[2.94,2.881],[-0.06,5.881],[-2.94,5.881]],"c":true},"ix":2},"nm":"Path 1","mn":"ADBE Vector Shape - Group","hd":false},{"ty":"fl","c":{"a":0,"k":[0.972999989986,0.913999974728,0.796000003815,1],"ix":4,"x":"var $bm_rt;\ntry {\n    $bm_rt = thisComp.layer('Controller')('Effects')('Color 2')('ADBE Color Control-0001');\n} catch (e) {\n    $bm_rt = value;\n}"},"o":{"a":0,"k":100,"ix":5},"r":1,"bm":0,"nm":"Fill 1","mn":"ADBE Vector Graphic - Fill","hd":false},{"ty":"tr","p":{"a":0,"k":[60.672,45.976],"ix":2},"a":{"a":0,"k":[0,0],"ix":1},"s":{"a":0,"k":[100,100],"ix":3},"r":{"a":0,"k":0,"ix":6},"o":{"a":0,"k":100,"ix":7},"sk":{"a":0,"k":0,"ix":4},"sa":{"a":0,"k":0,"ix":5},"nm":"Transform"}],"nm":"Group 28","np":2,"cix":2,"bm":0,"ix":1,"mn":"ADBE Vector Group","hd":false},{"ty":"tr","p":{"a":0,"k":[392.111,318.627],"ix":2},"a":{"a":0,"k":[60.672,45.976],"ix":1},"s":{"a":0,"k":[500,500],"ix":3},"r":{"a":0,"k":0,"ix":6},"o":{"a":0,"k":100,"ix":7},"sk":{"a":0,"k":0,"ix":4},"sa":{"a":0,"k":0,"ix":5},"nm":"Transform"}],"nm":"Layer 5 Outlines - Group 228","np":1,"cix":2,"bm":0,"ix":2,"mn":"ADBE Vector Group","hd":false}],"ip":0,"op":150.000006109625,"st":0,"bm":0},{"ddd":0,"ind":8,"ty":4,"nm":"Layer 5 Outlines - Group 29 :M","parent":6,"sr":1,"ks":{"o":{"a":0,"k":100,"ix":11},"r":{"a":0,"k":0,"ix":10},"p":{"a":1,"k":[{"i":{"x":0.64,"y":1},"o":{"x":0.36,"y":0},"t":55,"s":[392.109,259.816,0],"to":[-2.512,0,0],"ti":[0,0,0]},{"i":{"x":0.64,"y":1},"o":{"x":0.36,"y":0},"t":65,"s":[377.038,259.816,0],"to":[0,0,0],"ti":[-2.512,0,0]},{"i":{"x":0.833,"y":0.833},"o":{"x":0.167,"y":0.167},"t":75,"s":[392.109,259.816,0],"to":[0,0,0],"ti":[0,0,0]},{"i":{"x":0.64,"y":1},"o":{"x":0.36,"y":0},"t":130,"s":[392.109,259.816,0],"to":[-2.512,0,0],"ti":[0,0,0]},{"i":{"x":0.64,"y":1},"o":{"x":0.36,"y":0},"t":140,"s":[377.038,259.816,0],"to":[0,0,0],"ti":[-2.512,0,0]},{"t":150.000006109625,"s":[392.109,259.816,0]}],"ix":2},"a":{"a":0,"k":[392.109,259.816,0],"ix":1},"s":{"a":0,"k":[100,100,100],"ix":6}},"ao":0,"shapes":[{"ty":"gr","it":[{"ty":"gr","it":[{"ind":0,"ty":"sh","ix":1,"ks":{"a":0,"k":{"i":[[1.973,0],[0,0],[0,0.352],[-0.352,0],[0,0],[0,1.27],[0,0],[1.271,0],[0,0],[0,0.351],[-0.352,0],[0,0],[0,-1.973],[0,0]],"o":[[0,0],[-0.352,0],[0,-0.352],[0,0],[1.271,0],[0,0],[0,-1.27],[0,0],[-0.352,0],[0,-0.353],[0,0],[1.973,0],[0,0],[0,1.973]],"v":[[0.001,6.518],[-2.94,6.518],[-3.578,5.881],[-2.94,5.243],[0.001,5.243],[2.304,2.941],[2.304,-2.941],[0.001,-5.243],[-2.94,-5.243],[-3.578,-5.88],[-2.94,-6.518],[0.001,-6.518],[3.578,-2.941],[3.578,2.941]],"c":true},"ix":2},"nm":"Path 1","mn":"ADBE Vector Shape - Group","hd":false},{"ty":"fl","c":{"a":0,"k":[0.250999987125,0.063000001013,0.286000013351,1],"ix":4,"x":"var $bm_rt;\ntry {\n    $bm_rt = thisComp.layer('Controller')('Effects')('Color')('ADBE Color Control-0001');\n} catch (e) {\n    $bm_rt = value;\n}"},"o":{"a":0,"k":100,"ix":5},"r":1,"bm":0,"nm":"Fill 1","mn":"ADBE Vector Graphic - Fill","hd":false},{"ty":"tr","p":{"a":0,"k":[60.672,34.213],"ix":2},"a":{"a":0,"k":[0,0],"ix":1},"s":{"a":0,"k":[100,100],"ix":3},"r":{"a":0,"k":0,"ix":6},"o":{"a":0,"k":100,"ix":7},"sk":{"a":0,"k":0,"ix":4},"sa":{"a":0,"k":0,"ix":5},"nm":"Transform"}],"nm":"Group 29","np":2,"cix":2,"bm":0,"ix":1,"mn":"ADBE Vector Group","hd":false},{"ty":"tr","p":{"a":0,"k":[392.109,259.816],"ix":2},"a":{"a":0,"k":[60.672,34.213],"ix":1},"s":{"a":0,"k":[500,500],"ix":3},"r":{"a":0,"k":0,"ix":6},"o":{"a":0,"k":100,"ix":7},"sk":{"a":0,"k":0,"ix":4},"sa":{"a":0,"k":0,"ix":5},"nm":"Transform"}],"nm":"Layer 5 Outlines - Group 229","np":1,"cix":2,"bm":0,"ix":1,"mn":"ADBE Vector Group","hd":false},{"ty":"gr","it":[{"ty":"gr","it":[{"ind":0,"ty":"sh","ix":1,"ks":{"a":0,"k":{"i":[[0,0],[0,0],[0,-1.657],[0,0],[1.657,0],[0,0]],"o":[[0,0],[1.657,0],[0,0],[0,1.656],[0,0],[0,0]],"v":[[-2.94,-5.881],[-0.06,-5.881],[2.94,-2.881],[2.94,2.881],[-0.06,5.881],[-2.94,5.881]],"c":true},"ix":2},"nm":"Path 1","mn":"ADBE Vector Shape - Group","hd":false},{"ty":"fl","c":{"a":0,"k":[0.882000029087,0.446999996901,0.446999996901,1],"ix":4,"x":"var $bm_rt;\ntry {\n    $bm_rt = thisComp.layer('Controller').effect('Color 10')('ADBE Color Control-0001');\n} catch (e) {\n    $bm_rt = value;\n}"},"o":{"a":0,"k":100,"ix":5},"r":1,"bm":0,"nm":"Fill 1","mn":"ADBE Vector Graphic - Fill","hd":false},{"ty":"tr","p":{"a":0,"k":[60.672,34.214],"ix":2},"a":{"a":0,"k":[0,0],"ix":1},"s":{"a":0,"k":[100,100],"ix":3},"r":{"a":0,"k":0,"ix":6},"o":{"a":0,"k":100,"ix":7},"sk":{"a":0,"k":0,"ix":4},"sa":{"a":0,"k":0,"ix":5},"nm":"Transform"}],"nm":"Group 30","np":2,"cix":2,"bm":0,"ix":1,"mn":"ADBE Vector Group","hd":false},{"ty":"tr","p":{"a":0,"k":[392.111,259.819],"ix":2},"a":{"a":0,"k":[60.672,34.214],"ix":1},"s":{"a":0,"k":[500,500],"ix":3},"r":{"a":0,"k":0,"ix":6},"o":{"a":0,"k":100,"ix":7},"sk":{"a":0,"k":0,"ix":4},"sa":{"a":0,"k":0,"ix":5},"nm":"Transform"}],"nm":"Layer 5 Outlines - Group 330","np":1,"cix":2,"bm":0,"ix":2,"mn":"ADBE Vector Group","hd":false}],"ip":0,"op":150.000006109625,"st":0,"bm":0},{"ddd":0,"ind":9,"ty":4,"nm":"Layer 5 Outlines - Group 31 :M","parent":6,"sr":1,"ks":{"o":{"a":0,"k":100,"ix":11},"r":{"a":0,"k":0,"ix":10},"p":{"a":1,"k":[{"i":{"x":0.64,"y":1},"o":{"x":0.36,"y":0},"t":50,"s":[392.11,201.005,0],"to":[-2.512,0,0],"ti":[0,0,0]},{"i":{"x":0.64,"y":1},"o":{"x":0.36,"y":0},"t":60,"s":[377.039,201.005,0],"to":[0,0,0],"ti":[-2.512,0,0]},{"i":{"x":0.833,"y":0.833},"o":{"x":0.167,"y":0.167},"t":70,"s":[392.11,201.005,0],"to":[0,0,0],"ti":[0,0,0]},{"i":{"x":0.64,"y":1},"o":{"x":0.36,"y":0},"t":125,"s":[392.11,201.005,0],"to":[-2.512,0,0],"ti":[0,0,0]},{"i":{"x":0.64,"y":1},"o":{"x":0.36,"y":0},"t":135,"s":[377.039,201.005,0],"to":[0,0,0],"ti":[-2.512,0,0]},{"t":145.000005905971,"s":[392.11,201.005,0]}],"ix":2},"a":{"a":0,"k":[392.11,201.005,0],"ix":1},"s":{"a":0,"k":[100,100,100],"ix":6}},"ao":0,"shapes":[{"ty":"gr","it":[{"ty":"gr","it":[{"ind":0,"ty":"sh","ix":1,"ks":{"a":0,"k":{"i":[[0,0],[0,0],[0,1.27],[0,0],[1.27,0],[0,0]],"o":[[0,0],[1.27,0],[0,0],[0,-1.269],[0,0],[0,0]],"v":[[-2.303,5.243],[0.001,5.243],[2.303,2.941],[2.303,-2.941],[0.001,-5.243],[-2.303,-5.243]],"c":true},"ix":2},"nm":"Path 1","mn":"ADBE Vector Shape - Group","hd":false},{"ind":1,"ty":"sh","ix":2,"ks":{"a":0,"k":{"i":[[1.972,0],[0,0],[0,0.351],[0,0],[-0.351,0],[0,0],[0,-1.972],[0,0]],"o":[[0,0],[-0.351,0],[0,0],[0,-0.352],[0,0],[1.972,0],[0,0],[0,1.973]],"v":[[0.001,6.518],[-2.941,6.518],[-3.578,5.882],[-3.578,-5.88],[-2.941,-6.518],[0.001,-6.518],[3.578,-2.941],[3.578,2.941]],"c":true},"ix":2},"nm":"Path 2","mn":"ADBE Vector Shape - Group","hd":false},{"ty":"mm","mm":1,"nm":"Merge Paths 1","mn":"ADBE Vector Filter - Merge","hd":false},{"ty":"fl","c":{"a":0,"k":[0.250999987125,0.063000001013,0.286000013351,1],"ix":4,"x":"var $bm_rt;\ntry {\n    $bm_rt = thisComp.layer('Controller')('Effects')('Color')('ADBE Color Control-0001');\n} catch (e) {\n    $bm_rt = value;\n}"},"o":{"a":0,"k":100,"ix":5},"r":1,"bm":0,"nm":"Fill 1","mn":"ADBE Vector Graphic - Fill","hd":false},{"ty":"tr","p":{"a":0,"k":[60.672,22.451],"ix":2},"a":{"a":0,"k":[0,0],"ix":1},"s":{"a":0,"k":[100,100],"ix":3},"r":{"a":0,"k":0,"ix":6},"o":{"a":0,"k":100,"ix":7},"sk":{"a":0,"k":0,"ix":4},"sa":{"a":0,"k":0,"ix":5},"nm":"Transform"}],"nm":"Group 31","np":4,"cix":2,"bm":0,"ix":1,"mn":"ADBE Vector Group","hd":false},{"ty":"tr","p":{"a":0,"k":[392.11,201.005],"ix":2},"a":{"a":0,"k":[60.672,22.451],"ix":1},"s":{"a":0,"k":[500,500],"ix":3},"r":{"a":0,"k":0,"ix":6},"o":{"a":0,"k":100,"ix":7},"sk":{"a":0,"k":0,"ix":4},"sa":{"a":0,"k":0,"ix":5},"nm":"Transform"}],"nm":"Layer 5 Outlines - Group 331","np":1,"cix":2,"bm":0,"ix":1,"mn":"ADBE Vector Group","hd":false},{"ty":"gr","it":[{"ty":"gr","it":[{"ind":0,"ty":"sh","ix":1,"ks":{"a":0,"k":{"i":[[0,0],[0,0],[0,-1.656],[0,0],[1.657,0],[0,0]],"o":[[0,0],[1.657,0],[0,0],[0,1.657],[0,0],[0,0]],"v":[[-2.94,-5.881],[-0.06,-5.881],[2.94,-2.881],[2.94,2.881],[-0.06,5.881],[-2.94,5.881]],"c":true},"ix":2},"nm":"Path 1","mn":"ADBE Vector Shape - Group","hd":false},{"ty":"fl","c":{"a":0,"k":[0.624000012875,0.882000029087,0.991999983788,1],"ix":4,"x":"var $bm_rt;\ntry {\n    $bm_rt = thisComp.layer('Controller').effect('Color 11')('ADBE Color Control-0001');\n} catch (e) {\n    $bm_rt = value;\n}"},"o":{"a":0,"k":100,"ix":5},"r":1,"bm":0,"nm":"Fill 1","mn":"ADBE Vector Graphic - Fill","hd":false},{"ty":"tr","p":{"a":0,"k":[60.672,22.451],"ix":2},"a":{"a":0,"k":[0,0],"ix":1},"s":{"a":0,"k":[100,100],"ix":3},"r":{"a":0,"k":0,"ix":6},"o":{"a":0,"k":100,"ix":7},"sk":{"a":0,"k":0,"ix":4},"sa":{"a":0,"k":0,"ix":5},"nm":"Transform"}],"nm":"Group 32","np":2,"cix":2,"bm":0,"ix":1,"mn":"ADBE Vector Group","hd":false},{"ty":"tr","p":{"a":0,"k":[392.111,201.005],"ix":2},"a":{"a":0,"k":[60.672,22.451],"ix":1},"s":{"a":0,"k":[500,500],"ix":3},"r":{"a":0,"k":0,"ix":6},"o":{"a":0,"k":100,"ix":7},"sk":{"a":0,"k":0,"ix":4},"sa":{"a":0,"k":0,"ix":5},"nm":"Transform"}],"nm":"Layer 5 Outlines - Group 332","np":1,"cix":2,"bm":0,"ix":2,"mn":"ADBE Vector Group","hd":false}],"ip":0,"op":150.000006109625,"st":0,"bm":0},{"ddd":0,"ind":10,"ty":4,"nm":"Layer 5 Outlines - Group 33 :M","parent":6,"sr":1,"ks":{"o":{"a":0,"k":100,"ix":11},"r":{"a":0,"k":0,"ix":10},"p":{"a":1,"k":[{"i":{"x":0.64,"y":1},"o":{"x":0.36,"y":0},"t":45,"s":[392.11,142.194,0],"to":[-2.512,0,0],"ti":[0,0,0]},{"i":{"x":0.64,"y":1},"o":{"x":0.36,"y":0},"t":55,"s":[377.039,142.194,0],"to":[0,0,0],"ti":[-2.512,0,0]},{"i":{"x":0.833,"y":0.833},"o":{"x":0.167,"y":0.167},"t":65,"s":[392.11,142.194,0],"to":[0,0,0],"ti":[0,0,0]},{"i":{"x":0.64,"y":1},"o":{"x":0.36,"y":0},"t":120,"s":[392.11,142.194,0],"to":[-2.512,0,0],"ti":[0,0,0]},{"i":{"x":0.64,"y":1},"o":{"x":0.36,"y":0},"t":130,"s":[377.039,142.194,0],"to":[0,0,0],"ti":[-2.512,0,0]},{"t":140.000005702317,"s":[392.11,142.194,0]}],"ix":2},"a":{"a":0,"k":[392.11,142.194,0],"ix":1},"s":{"a":0,"k":[100,100,100],"ix":6}},"ao":0,"shapes":[{"ty":"gr","it":[{"ty":"gr","it":[{"ind":0,"ty":"sh","ix":1,"ks":{"a":0,"k":{"i":[[0,0],[0,0],[0,1.27],[0,0],[1.27,0],[0,0]],"o":[[0,0],[1.27,0],[0,0],[0,-1.27],[0,0],[0,0]],"v":[[-2.303,5.244],[0.001,5.244],[2.303,2.941],[2.303,-2.94],[0.001,-5.242],[-2.303,-5.242]],"c":true},"ix":2},"nm":"Path 1","mn":"ADBE Vector Shape - Group","hd":false},{"ind":1,"ty":"sh","ix":2,"ks":{"a":0,"k":{"i":[[1.972,0],[0,0],[0,0.352],[0,0],[-0.351,0],[0,0],[0,-1.972],[0,0]],"o":[[0,0],[-0.351,0],[0,0],[0,-0.353],[0,0],[1.972,0],[0,0],[0,1.972]],"v":[[0.001,6.518],[-2.941,6.518],[-3.578,5.881],[-3.578,-5.88],[-2.941,-6.518],[0.001,-6.518],[3.578,-2.94],[3.578,2.941]],"c":true},"ix":2},"nm":"Path 2","mn":"ADBE Vector Shape - Group","hd":false},{"ty":"mm","mm":1,"nm":"Merge Paths 1","mn":"ADBE Vector Filter - Merge","hd":false},{"ty":"fl","c":{"a":0,"k":[0.250999987125,0.063000001013,0.286000013351,1],"ix":4,"x":"var $bm_rt;\ntry {\n    $bm_rt = thisComp.layer('Controller')('Effects')('Color')('ADBE Color Control-0001');\n} catch (e) {\n    $bm_rt = value;\n}"},"o":{"a":0,"k":100,"ix":5},"r":1,"bm":0,"nm":"Fill 1","mn":"ADBE Vector Graphic - Fill","hd":false},{"ty":"tr","p":{"a":0,"k":[60.672,10.689],"ix":2},"a":{"a":0,"k":[0,0],"ix":1},"s":{"a":0,"k":[100,100],"ix":3},"r":{"a":0,"k":0,"ix":6},"o":{"a":0,"k":100,"ix":7},"sk":{"a":0,"k":0,"ix":4},"sa":{"a":0,"k":0,"ix":5},"nm":"Transform"}],"nm":"Group 33","np":4,"cix":2,"bm":0,"ix":1,"mn":"ADBE Vector Group","hd":false},{"ty":"tr","p":{"a":0,"k":[392.11,142.194],"ix":2},"a":{"a":0,"k":[60.672,10.689],"ix":1},"s":{"a":0,"k":[500,500],"ix":3},"r":{"a":0,"k":0,"ix":6},"o":{"a":0,"k":100,"ix":7},"sk":{"a":0,"k":0,"ix":4},"sa":{"a":0,"k":0,"ix":5},"nm":"Transform"}],"nm":"Layer 5 Outlines - Group 333","np":1,"cix":2,"bm":0,"ix":1,"mn":"ADBE Vector Group","hd":false},{"ty":"gr","it":[{"ty":"gr","it":[{"ind":0,"ty":"sh","ix":1,"ks":{"a":0,"k":{"i":[[0,0],[0,0],[0,-1.657],[0,0],[1.657,0],[0,0]],"o":[[0,0],[1.657,0],[0,0],[0,1.657],[0,0],[0,0]],"v":[[-2.94,-5.881],[-0.06,-5.881],[2.94,-2.881],[2.94,2.881],[-0.06,5.881],[-2.94,5.881]],"c":true},"ix":2},"nm":"Path 1","mn":"ADBE Vector Shape - Group","hd":false},{"ty":"fl","c":{"a":0,"k":[0.96899998188,0.889999985695,0.493999987841,1],"ix":4,"x":"var $bm_rt;\ntry {\n    $bm_rt = thisComp.layer('Controller').effect('Color 12')('ADBE Color Control-0001');\n} catch (e) {\n    $bm_rt = value;\n}"},"o":{"a":0,"k":100,"ix":5},"r":1,"bm":0,"nm":"Fill 1","mn":"ADBE Vector Graphic - Fill","hd":false},{"ty":"tr","p":{"a":0,"k":[60.672,10.69],"ix":2},"a":{"a":0,"k":[0,0],"ix":1},"s":{"a":0,"k":[100,100],"ix":3},"r":{"a":0,"k":0,"ix":6},"o":{"a":0,"k":100,"ix":7},"sk":{"a":0,"k":0,"ix":4},"sa":{"a":0,"k":0,"ix":5},"nm":"Transform"}],"nm":"Group 34","np":2,"cix":2,"bm":0,"ix":1,"mn":"ADBE Vector Group","hd":false},{"ty":"tr","p":{"a":0,"k":[392.111,142.197],"ix":2},"a":{"a":0,"k":[60.672,10.69],"ix":1},"s":{"a":0,"k":[500,500],"ix":3},"r":{"a":0,"k":0,"ix":6},"o":{"a":0,"k":100,"ix":7},"sk":{"a":0,"k":0,"ix":4},"sa":{"a":0,"k":0,"ix":5},"nm":"Transform"}],"nm":"Layer 5 Outlines - Group 334","np":1,"cix":2,"bm":0,"ix":2,"mn":"ADBE Vector Group","hd":false}],"ip":0,"op":150.000006109625,"st":0,"bm":0}],"markers":[]}