{"v":"5.5.7","meta":{"g":"LottieFiles AE 0.1.20","a":"","k":"","d":"","tc":""},"fr":30,"ip":0,"op":150,"w":500,"h":500,"nm":"Support","ddd":0,"assets":[],"layers":[{"ddd":0,"ind":2,"ty":4,"nm":"Layer 28 Outlines 2","sr":1,"ks":{"o":{"a":0,"k":100,"ix":11},"r":{"a":0,"k":0,"ix":10},"p":{"s":true,"x":{"a":1,"k":[{"i":{"x":[0.833],"y":[0.833]},"o":{"x":[0.167],"y":[0.167]},"t":0,"s":[250]},{"i":{"x":[0.833],"y":[0.833]},"o":{"x":[0.167],"y":[0.167]},"t":34,"s":[250]},{"i":{"x":[0.833],"y":[0.833]},"o":{"x":[0.167],"y":[0.167]},"t":76,"s":[250]},{"i":{"x":[0.833],"y":[0.833]},"o":{"x":[0.167],"y":[0.167]},"t":112,"s":[250]},{"t":149,"s":[250]}],"ix":3},"y":{"a":1,"k":[{"i":{"x":[0.57],"y":[1]},"o":{"x":[0.43],"y":[0]},"t":0,"s":[250]},{"i":{"x":[0.57],"y":[1]},"o":{"x":[0.43],"y":[0]},"t":34,"s":[242.506]},{"i":{"x":[0.57],"y":[1]},"o":{"x":[0.43],"y":[0]},"t":76,"s":[256.182]},{"i":{"x":[0.57],"y":[1]},"o":{"x":[0.43],"y":[0]},"t":112,"s":[242.506]},{"t":149,"s":[250]}],"ix":4}},"a":{"a":0,"k":[22.25,22.25,0],"ix":1},"s":{"a":0,"k":[936.364,936.364,100],"ix":6}},"ao":0,"shapes":[{"ty":"gr","it":[{"ind":0,"ty":"sh","ix":1,"ks":{"a":1,"k":[{"i":{"x":0.57,"y":1},"o":{"x":0.43,"y":0},"t":0,"s":[{"i":[[0.276,0],[0,0],[0,0.276],[-0.276,0],[0,0],[0,-0.276]],"o":[[0,0],[-0.276,0],[0,-0.276],[0,0],[0.276,0],[0,0.276]],"v":[[6.5,0.5],[-6.5,0.5],[-7,0],[-6.5,-0.5],[6.5,-0.5],[7,0]],"c":true}]},{"i":{"x":0.57,"y":1},"o":{"x":0.43,"y":0},"t":22,"s":[{"i":[[0.276,0],[0,0],[0,0.276],[-0.276,0],[0,0],[0,-0.276]],"o":[[0,0],[-0.276,0],[0,-0.276],[0,0],[0.276,0],[0,0.276]],"v":[[-5.782,0.509],[-6.5,0.5],[-7,0],[-6.5,-0.5],[-5.782,-0.491],[-5.282,0.009]],"c":true}]},{"i":{"x":0.57,"y":1},"o":{"x":0.43,"y":0},"t":45.457,"s":[{"i":[[0.276,0],[0,0],[0,0.276],[-0.276,0],[0,0],[0,-0.276]],"o":[[0,0],[-0.276,0],[0,-0.276],[0,0],[0.276,0],[0,0.276]],"v":[[6.5,0.5],[-6.5,0.5],[-7,0],[-6.5,-0.5],[6.5,-0.5],[7,0]],"c":true}]},{"i":{"x":0.57,"y":1},"o":{"x":0.43,"y":0},"t":69.458,"s":[{"i":[[0.276,0],[0,0],[0,0.276],[-0.276,0],[0,0],[0,-0.276]],"o":[[0,0],[-0.276,0],[0,-0.276],[0,0],[0.276,0],[0,0.276]],"v":[[-5.782,0.509],[-6.5,0.5],[-7,0],[-6.5,-0.5],[-5.782,-0.491],[-5.282,0.009]],"c":true}]},{"i":{"x":0.57,"y":1},"o":{"x":0.43,"y":0},"t":89.457,"s":[{"i":[[0.276,0],[0,0],[0,0.276],[-0.276,0],[0,0],[0,-0.276]],"o":[[0,0],[-0.276,0],[0,-0.276],[0,0],[0.276,0],[0,0.276]],"v":[[6.5,0.5],[-6.5,0.5],[-7,0],[-6.5,-0.5],[6.5,-0.5],[7,0]],"c":true}]},{"i":{"x":0.57,"y":1},"o":{"x":0.43,"y":0},"t":109,"s":[{"i":[[0.276,0],[0,0],[0,0.276],[-0.276,0],[0,0],[0,-0.276]],"o":[[0,0],[-0.276,0],[0,-0.276],[0,0],[0.276,0],[0,0.276]],"v":[[-5.782,0.509],[-6.5,0.5],[-7,0],[-6.5,-0.5],[-5.782,-0.491],[-5.282,0.009]],"c":true}]},{"t":139,"s":[{"i":[[0.276,0],[0,0],[0,0.276],[-0.276,0],[0,0],[0,-0.276]],"o":[[0,0],[-0.276,0],[0,-0.276],[0,0],[0.276,0],[0,0.276]],"v":[[6.5,0.5],[-6.5,0.5],[-7,0],[-6.5,-0.5],[6.5,-0.5],[7,0]],"c":true}]}],"ix":2},"nm":"Path 1","mn":"ADBE Vector Shape - Group","hd":false},{"ty":"fl","c":{"a":0,"k":[0.008000000785,0.46699999641,0.741000007181,1],"ix":4,"x":"var $bm_rt;\n$bm_rt = thisComp.layer('Color Control').effect('Color Control 1')('ADBE Color Control-0001');"},"o":{"a":0,"k":100,"ix":5},"r":1,"bm":0,"nm":"Fill 1","mn":"ADBE Vector Graphic - Fill","hd":false},{"ty":"tr","p":{"a":0,"k":[22.25,17.75],"ix":2},"a":{"a":0,"k":[0,0],"ix":1},"s":{"a":0,"k":[100,100],"ix":3},"r":{"a":0,"k":0,"ix":6},"o":{"a":0,"k":100,"ix":7},"sk":{"a":0,"k":0,"ix":4},"sa":{"a":0,"k":0,"ix":5},"nm":"Transform"}],"nm":"Group 7","np":2,"cix":2,"bm":0,"ix":1,"mn":"ADBE Vector Group","hd":false},{"ty":"gr","it":[{"ind":0,"ty":"sh","ix":1,"ks":{"a":1,"k":[{"i":{"x":0.57,"y":1},"o":{"x":0.43,"y":0},"t":4,"s":[{"i":[[0.276,0],[0,0],[0,0.276],[-0.276,0],[0,0],[0,-0.276]],"o":[[0,0],[-0.276,0],[0,-0.276],[0,0],[0.276,0],[0,0.276]],"v":[[6.5,0.5],[-6.5,0.5],[-7,0],[-6.5,-0.5],[6.5,-0.5],[7,0]],"c":true}]},{"i":{"x":0.57,"y":1},"o":{"x":0.43,"y":0},"t":25.771,"s":[{"i":[[0.276,0],[0,0],[0,0.276],[-0.276,0],[0,0],[0,-0.276]],"o":[[0,0],[-0.276,0],[0,-0.276],[0,0],[0.276,0],[0,0.276]],"v":[[-5.782,0.509],[-6.5,0.5],[-7,0],[-6.5,-0.5],[-5.782,-0.491],[-5.282,0.009]],"c":true}]},{"i":{"x":0.57,"y":1},"o":{"x":0.43,"y":0},"t":49.229,"s":[{"i":[[0.276,0],[0,0],[0,0.276],[-0.276,0],[0,0],[0,-0.276]],"o":[[0,0],[-0.276,0],[0,-0.276],[0,0],[0.276,0],[0,0.276]],"v":[[6.5,0.5],[-6.5,0.5],[-7,0],[-6.5,-0.5],[6.5,-0.5],[7,0]],"c":true}]},{"i":{"x":0.57,"y":1},"o":{"x":0.43,"y":0},"t":73.229,"s":[{"i":[[0.276,0],[0,0],[0,0.276],[-0.276,0],[0,0],[0,-0.276]],"o":[[0,0],[-0.276,0],[0,-0.276],[0,0],[0.276,0],[0,0.276]],"v":[[-5.782,0.509],[-6.5,0.5],[-7,0],[-6.5,-0.5],[-5.782,-0.491],[-5.282,0.009]],"c":true}]},{"i":{"x":0.57,"y":1},"o":{"x":0.43,"y":0},"t":93.229,"s":[{"i":[[0.276,0],[0,0],[0,0.276],[-0.276,0],[0,0],[0,-0.276]],"o":[[0,0],[-0.276,0],[0,-0.276],[0,0],[0.276,0],[0,0.276]],"v":[[6.5,0.5],[-6.5,0.5],[-7,0],[-6.5,-0.5],[6.5,-0.5],[7,0]],"c":true}]},{"i":{"x":0.57,"y":1},"o":{"x":0.43,"y":0},"t":113,"s":[{"i":[[0.276,0],[0,0],[0,0.276],[-0.276,0],[0,0],[0,-0.276]],"o":[[0,0],[-0.276,0],[0,-0.276],[0,0],[0.276,0],[0,0.276]],"v":[[-5.782,0.509],[-6.5,0.5],[-7,0],[-6.5,-0.5],[-5.782,-0.491],[-5.282,0.009]],"c":true}]},{"t":143,"s":[{"i":[[0.276,0],[0,0],[0,0.276],[-0.276,0],[0,0],[0,-0.276]],"o":[[0,0],[-0.276,0],[0,-0.276],[0,0],[0.276,0],[0,0.276]],"v":[[6.5,0.5],[-6.5,0.5],[-7,0],[-6.5,-0.5],[6.5,-0.5],[7,0]],"c":true}]}],"ix":2},"nm":"Path 1","mn":"ADBE Vector Shape - Group","hd":false},{"ty":"fl","c":{"a":0,"k":[0.008000000785,0.46699999641,0.741000007181,1],"ix":4,"x":"var $bm_rt;\n$bm_rt = thisComp.layer('Color Control').effect('Color Control 1')('ADBE Color Control-0001');"},"o":{"a":0,"k":100,"ix":5},"r":1,"bm":0,"nm":"Fill 1","mn":"ADBE Vector Graphic - Fill","hd":false},{"ty":"tr","p":{"a":0,"k":[22.25,20.75],"ix":2},"a":{"a":0,"k":[0,0],"ix":1},"s":{"a":0,"k":[100,100],"ix":3},"r":{"a":0,"k":0,"ix":6},"o":{"a":0,"k":100,"ix":7},"sk":{"a":0,"k":0,"ix":4},"sa":{"a":0,"k":0,"ix":5},"nm":"Transform"}],"nm":"Group 8","np":2,"cix":2,"bm":0,"ix":2,"mn":"ADBE Vector Group","hd":false},{"ty":"gr","it":[{"ind":0,"ty":"sh","ix":1,"ks":{"a":1,"k":[{"i":{"x":0.57,"y":1},"o":{"x":0.43,"y":0},"t":8,"s":[{"i":[[0.276,0],[0,0],[0,0.276],[-0.276,0],[0,0],[0,-0.276]],"o":[[0,0],[-0.276,0],[0,-0.276],[0,0],[0.276,0],[0,0.276]],"v":[[4.5,0.5],[-4.5,0.5],[-5,0],[-4.5,-0.5],[4.5,-0.5],[5,0]],"c":true}]},{"i":{"x":0.57,"y":1},"o":{"x":0.43,"y":0},"t":29.543,"s":[{"i":[[0.276,0],[0,0],[0,0.276],[-0.276,0],[0,0],[0,-0.276]],"o":[[0,0],[-0.276,0],[0,-0.276],[0,0],[0.276,0],[0,0.276]],"v":[[-3.883,0.521],[-4.5,0.5],[-5,0],[-4.5,-0.5],[-3.883,-0.479],[-3.383,0.021]],"c":true}]},{"i":{"x":0.57,"y":1},"o":{"x":0.43,"y":0},"t":53,"s":[{"i":[[0.276,0],[0,0],[0,0.276],[-0.276,0],[0,0],[0,-0.276]],"o":[[0,0],[-0.276,0],[0,-0.276],[0,0],[0.276,0],[0,0.276]],"v":[[4.5,0.5],[-4.5,0.5],[-5,0],[-4.5,-0.5],[4.5,-0.5],[5,0]],"c":true}]},{"i":{"x":0.57,"y":1},"o":{"x":0.43,"y":0},"t":77,"s":[{"i":[[0.276,0],[0,0],[0,0.276],[-0.276,0],[0,0],[0,-0.276]],"o":[[0,0],[-0.276,0],[0,-0.276],[0,0],[0.276,0],[0,0.276]],"v":[[-3.883,0.521],[-4.5,0.5],[-5,0],[-4.5,-0.5],[-3.883,-0.479],[-3.383,0.021]],"c":true}]},{"i":{"x":0.57,"y":1},"o":{"x":0.43,"y":0},"t":97,"s":[{"i":[[0.276,0],[0,0],[0,0.276],[-0.276,0],[0,0],[0,-0.276]],"o":[[0,0],[-0.276,0],[0,-0.276],[0,0],[0.276,0],[0,0.276]],"v":[[4.5,0.5],[-4.5,0.5],[-5,0],[-4.5,-0.5],[4.5,-0.5],[5,0]],"c":true}]},{"i":{"x":0.57,"y":1},"o":{"x":0.43,"y":0},"t":117,"s":[{"i":[[0.276,0],[0,0],[0,0.276],[-0.276,0],[0,0],[0,-0.276]],"o":[[0,0],[-0.276,0],[0,-0.276],[0,0],[0.276,0],[0,0.276]],"v":[[-3.883,0.521],[-4.5,0.5],[-5,0],[-4.5,-0.5],[-3.883,-0.479],[-3.383,0.021]],"c":true}]},{"t":147,"s":[{"i":[[0.276,0],[0,0],[0,0.276],[-0.276,0],[0,0],[0,-0.276]],"o":[[0,0],[-0.276,0],[0,-0.276],[0,0],[0.276,0],[0,0.276]],"v":[[4.5,0.5],[-4.5,0.5],[-5,0],[-4.5,-0.5],[4.5,-0.5],[5,0]],"c":true}]}],"ix":2},"nm":"Path 1","mn":"ADBE Vector Shape - Group","hd":false},{"ty":"fl","c":{"a":0,"k":[0.008000000785,0.46699999641,0.741000007181,1],"ix":4,"x":"var $bm_rt;\n$bm_rt = thisComp.layer('Color Control').effect('Color Control 1')('ADBE Color Control-0001');"},"o":{"a":0,"k":100,"ix":5},"r":1,"bm":0,"nm":"Fill 1","mn":"ADBE Vector Graphic - Fill","hd":false},{"ty":"tr","p":{"a":0,"k":[20.25,23.75],"ix":2},"a":{"a":0,"k":[0,0],"ix":1},"s":{"a":0,"k":[100,100],"ix":3},"r":{"a":0,"k":0,"ix":6},"o":{"a":0,"k":100,"ix":7},"sk":{"a":0,"k":0,"ix":4},"sa":{"a":0,"k":0,"ix":5},"nm":"Transform"}],"nm":"Group 9","np":2,"cix":2,"bm":0,"ix":3,"mn":"ADBE Vector Group","hd":false},{"ty":"gr","it":[{"ind":0,"ty":"sh","ix":1,"ks":{"a":0,"k":{"i":[[0.276,0],[0,0.276],[0,0],[-0.276,0],[0,0],[0,-0.276],[0.276,0],[0,0],[0,0]],"o":[[-0.276,0],[0,0],[0,-0.276],[0,0],[0.276,0],[0,0.276],[0,0],[0,0],[0,0.276]],"v":[[-8,6.5],[-8.5,6],[-8.5,-6],[-8,-6.5],[8,-6.5],[8.5,-6],[8,-5.5],[-7.5,-5.5],[-7.5,6]],"c":true},"ix":2},"nm":"Path 1","mn":"ADBE Vector Shape - Group","hd":false},{"ty":"fl","c":{"a":0,"k":[1,1,1,1],"ix":4,"x":"var $bm_rt;\n$bm_rt = thisComp.layer('Color Control').effect('Color Control 5')('ADBE Color Control-0001');"},"o":{"a":0,"k":100,"ix":5},"r":1,"bm":0,"nm":"Fill 1","mn":"ADBE Vector Graphic - Fill","hd":false},{"ty":"tr","p":{"a":0,"k":[21.75,20.75],"ix":2},"a":{"a":0,"k":[0,0],"ix":1},"s":{"a":0,"k":[100,100],"ix":3},"r":{"a":0,"k":0,"ix":6},"o":{"a":0,"k":100,"ix":7},"sk":{"a":0,"k":0,"ix":4},"sa":{"a":0,"k":0,"ix":5},"nm":"Transform"}],"nm":"Group 10","np":2,"cix":2,"bm":0,"ix":4,"mn":"ADBE Vector Group","hd":false},{"ty":"gr","it":[{"ind":0,"ty":"sh","ix":1,"ks":{"a":0,"k":{"i":[[0,0],[0,-0.275],[0,0],[-0.276,0],[0,0],[-0.094,-0.111],[0,0],[0,0],[-0.276,0],[0,0],[0,0.275],[0,0],[0.276,0]],"o":[[-0.276,0],[0,0],[0,0.275],[0,0],[0.146,0],[0,0],[0,0],[0,-0.276],[0,0],[0.276,0],[0,0],[0,-0.275],[0,0]],"v":[[-8.5,-8.859],[-9,-8.359],[-9,4.641],[-8.5,5.141],[0,5.141],[0.378,5.315],[3,8.351],[3,5.641],[3.5,5.141],[8.5,5.141],[9,4.641],[9,-8.359],[8.5,-8.859]],"c":true},"ix":2},"nm":"Path 1","mn":"ADBE Vector Shape - Group","hd":false},{"ind":1,"ty":"sh","ix":2,"ks":{"a":0,"k":{"i":[[0.18,0],[0.133,0.133],[0,0],[0,0],[0,0.827],[0,0],[-0.827,0],[0,0],[0,-0.827],[0,0],[0.827,0],[0,0],[0,0],[0.142,-0.132]],"o":[[-0.185,0],[0,0],[0,0],[-0.827,0],[0,0],[0,-0.827],[0,0],[0.827,0],[0,0],[0,0.827],[0,0],[0,0],[0,0.195],[-0.131,0.123]],"v":[[3.298,9.859],[2.805,9.653],[-0.229,6.141],[-8.5,6.141],[-10,4.641],[-10,-8.359],[-8.5,-9.859],[8.5,-9.859],[10,-8.359],[10,4.641],[8.5,6.141],[4,6.141],[4,9.159],[3.779,9.668]],"c":true},"ix":2},"nm":"Path 2","mn":"ADBE Vector Shape - Group","hd":false},{"ty":"mm","mm":1,"nm":"Merge Paths 1","mn":"ADBE Vector Filter - Merge","hd":false},{"ty":"fl","c":{"a":0,"k":[0.008000000785,0.46699999641,0.741000007181,1],"ix":4,"x":"var $bm_rt;\n$bm_rt = thisComp.layer('Color Control').effect('Color Control 1')('ADBE Color Control-0001');"},"o":{"a":0,"k":100,"ix":5},"r":1,"bm":0,"nm":"Fill 1","mn":"ADBE Vector Graphic - Fill","hd":false},{"ty":"tr","p":{"a":0,"k":[22.25,23.109],"ix":2},"a":{"a":0,"k":[0,0],"ix":1},"s":{"a":0,"k":[100,100],"ix":3},"r":{"a":0,"k":0,"ix":6},"o":{"a":0,"k":100,"ix":7},"sk":{"a":0,"k":0,"ix":4},"sa":{"a":0,"k":0,"ix":5},"nm":"Transform"}],"nm":"Group 11","np":4,"cix":2,"bm":0,"ix":5,"mn":"ADBE Vector Group","hd":false},{"ty":"gr","it":[{"ind":0,"ty":"sh","ix":1,"ks":{"a":0,"k":{"i":[[0,-0.553],[0,0],[-0.552,0],[0,0],[0,0],[0,0.177],[0,0],[0,0],[0,0.553],[0,0],[0.552,0],[0,0]],"o":[[0,0],[0,0.553],[0,0],[0,0],[0.126,0.127],[0,0],[0,0],[0.552,0],[0,0],[0,-0.553],[0,0],[-0.552,0]],"v":[[-9.5,-8.393],[-9.5,4.607],[-8.5,5.607],[0,5.607],[3.159,9.266],[3.5,9.126],[3.5,5.607],[8.5,5.607],[9.5,4.607],[9.5,-8.393],[8.5,-9.393],[-8.5,-9.393]],"c":true},"ix":2},"nm":"Path 1","mn":"ADBE Vector Shape - Group","hd":false},{"ty":"fl","c":{"a":0,"k":[0.961000031116,0.961000031116,0.961000031116,1],"ix":4,"x":"var $bm_rt;\n$bm_rt = thisComp.layer('Color Control').effect('Color Control 4')('ADBE Color Control-0001');"},"o":{"a":0,"k":100,"ix":5},"r":1,"bm":0,"nm":"Fill 1","mn":"ADBE Vector Graphic - Fill","hd":false},{"ty":"tr","p":{"a":0,"k":[22.25,23.143],"ix":2},"a":{"a":0,"k":[0,0],"ix":1},"s":{"a":0,"k":[100,100],"ix":3},"r":{"a":0,"k":0,"ix":6},"o":{"a":0,"k":100,"ix":7},"sk":{"a":0,"k":0,"ix":4},"sa":{"a":0,"k":0,"ix":5},"nm":"Transform"}],"nm":"Group 12","np":2,"cix":2,"bm":0,"ix":6,"mn":"ADBE Vector Group","hd":false}],"ip":0,"op":150,"st":0,"bm":0},{"ddd":0,"ind":3,"ty":4,"nm":"Layer 28 Outlines","sr":1,"ks":{"o":{"a":0,"k":100,"ix":11},"r":{"a":1,"k":[{"i":{"x":[0.57],"y":[1]},"o":{"x":[0.43],"y":[0]},"t":43.115,"s":[0]},{"i":{"x":[0.57],"y":[1]},"o":{"x":[0.43],"y":[0]},"t":54.346,"s":[7]},{"i":{"x":[0.57],"y":[1]},"o":{"x":[0.43],"y":[0]},"t":64.641,"s":[-7]},{"i":{"x":[0.57],"y":[1]},"o":{"x":[0.43],"y":[0]},"t":74,"s":[0]},{"i":{"x":[0.57],"y":[1]},"o":{"x":[0.43],"y":[0]},"t":118.538,"s":[0]},{"i":{"x":[0.57],"y":[1]},"o":{"x":[0.43],"y":[0]},"t":129.615,"s":[7]},{"i":{"x":[0.57],"y":[1]},"o":{"x":[0.43],"y":[0]},"t":139.77,"s":[-7]},{"t":149,"s":[0]}],"ix":10},"p":{"a":0,"k":[250,250,0],"ix":2},"a":{"a":0,"k":[22.25,22.25,0],"ix":1},"s":{"a":1,"k":[{"i":{"x":[0.56,0.56,0.56],"y":[1,1,1]},"o":{"x":[0.44,0.44,0.44],"y":[0,0,0]},"t":1,"s":[936.364,936.364,100]},{"i":{"x":[0.56,0.56,0.56],"y":[1,1,1]},"o":{"x":[0.44,0.44,0.44],"y":[0,0,0]},"t":13.033,"s":[1016.364,1016.364,100]},{"i":{"x":[0.56,0.56,0.56],"y":[1,1,1]},"o":{"x":[0.44,0.44,0.44],"y":[0,0,0]},"t":26.402,"s":[908.364,908.364,100]},{"i":{"x":[0.833,0.833,0.833],"y":[1,1,1]},"o":{"x":[0.167,0.167,0.167],"y":[0,0,0]},"t":38.436,"s":[936.364,936.364,100]},{"i":{"x":[0.56,0.56,0.56],"y":[1,1,1]},"o":{"x":[0.44,0.44,0.44],"y":[0,0,0]},"t":77,"s":[936.364,936.364,100]},{"i":{"x":[0.56,0.56,0.56],"y":[1,1,1]},"o":{"x":[0.44,0.44,0.44],"y":[0,0,0]},"t":88.868,"s":[1016.364,1016.364,100]},{"i":{"x":[0.56,0.56,0.56],"y":[1,1,1]},"o":{"x":[0.44,0.44,0.44],"y":[0,0,0]},"t":102.055,"s":[908.364,908.364,100]},{"t":113.9228515625,"s":[936.364,936.364,100]}],"ix":6}},"ao":0,"shapes":[{"ty":"gr","it":[{"ind":0,"ty":"sh","ix":1,"ks":{"a":0,"k":{"i":[[0.276,0],[0,0.276],[0,0],[-0.551,0],[0,0],[0,-0.276],[0.276,0],[0,0],[0,0]],"o":[[-0.276,0],[0,0],[0,-0.551],[0,0],[0.276,0],[0,0.276],[0,0],[0,0],[0,0.276]],"v":[[-0.5,6.75],[-1,6.25],[-1,-5.75],[0,-6.75],[0.5,-6.75],[1,-6.25],[0.5,-5.75],[0,-5.75],[0,6.25]],"c":true},"ix":2},"nm":"Path 1","mn":"ADBE Vector Shape - Group","hd":false},{"ty":"fl","c":{"a":0,"k":[1,1,1,1],"ix":4,"x":"var $bm_rt;\n$bm_rt = thisComp.layer('Color Control').effect('Color Control 5')('ADBE Color Control-0001');"},"o":{"a":0,"k":100,"ix":5},"r":1,"bm":0,"nm":"Fill 1","mn":"ADBE Vector Graphic - Fill","hd":false},{"ty":"tr","p":{"a":0,"k":[36.25,24],"ix":2},"a":{"a":0,"k":[0,0],"ix":1},"s":{"a":0,"k":[100,100],"ix":3},"r":{"a":0,"k":0,"ix":6},"o":{"a":0,"k":100,"ix":7},"sk":{"a":0,"k":0,"ix":4},"sa":{"a":0,"k":0,"ix":5},"nm":"Transform"}],"nm":"Group 1","np":2,"cix":2,"bm":0,"ix":1,"mn":"ADBE Vector Group","hd":false},{"ty":"gr","it":[{"ind":0,"ty":"sh","ix":1,"ks":{"a":0,"k":{"i":[[0,0],[0,-0.551],[0,0],[-0.551,0],[0,0],[0,0.551],[0,0],[0.551,0]],"o":[[-0.551,0],[0,0],[0,0.551],[0,0],[0.551,0],[0,0],[0,-0.551],[0,0]],"v":[[-0.5,-7.5],[-1.5,-6.5],[-1.5,6.5],[-0.5,7.5],[0.5,7.5],[1.5,6.5],[1.5,-6.5],[0.5,-7.5]],"c":true},"ix":2},"nm":"Path 1","mn":"ADBE Vector Shape - Group","hd":false},{"ind":1,"ty":"sh","ix":2,"ks":{"a":0,"k":{"i":[[1.103,0],[0,0],[0,1.104],[0,0],[-1.103,0],[0,0],[0,-1.104],[0,0]],"o":[[0,0],[-1.103,0],[0,0],[0,-1.104],[0,0],[1.103,0],[0,0],[0,1.104]],"v":[[0.5,8.5],[-0.5,8.5],[-2.5,6.5],[-2.5,-6.5],[-0.5,-8.5],[0.5,-8.5],[2.5,-6.5],[2.5,6.5]],"c":true},"ix":2},"nm":"Path 2","mn":"ADBE Vector Shape - Group","hd":false},{"ty":"mm","mm":1,"nm":"Merge Paths 1","mn":"ADBE Vector Filter - Merge","hd":false},{"ty":"fl","c":{"a":0,"k":[0.008000000785,0.46699999641,0.741000007181,1],"ix":4,"x":"var $bm_rt;\n$bm_rt = thisComp.layer('Color Control').effect('Color Control 1')('ADBE Color Control-0001');"},"o":{"a":0,"k":100,"ix":5},"r":1,"bm":0,"nm":"Fill 1","mn":"ADBE Vector Graphic - Fill","hd":false},{"ty":"tr","p":{"a":0,"k":[36.75,24.75],"ix":2},"a":{"a":0,"k":[0,0],"ix":1},"s":{"a":0,"k":[100,100],"ix":3},"r":{"a":0,"k":0,"ix":6},"o":{"a":0,"k":100,"ix":7},"sk":{"a":0,"k":0,"ix":4},"sa":{"a":0,"k":0,"ix":5},"nm":"Transform"}],"nm":"Group 2","np":4,"cix":2,"bm":0,"ix":2,"mn":"ADBE Vector Group","hd":false},{"ty":"gr","it":[{"ind":0,"ty":"sh","ix":1,"ks":{"a":0,"k":{"i":[[0.829,0],[0,0],[0,0.828],[0,0],[-0.829,0],[0,0],[0,-0.828],[0,0]],"o":[[0,0],[-0.829,0],[0,0],[0,-0.828],[0,0],[0.829,0],[0,0],[0,0.828]],"v":[[0.5,8],[-0.5,8],[-2,6.5],[-2,-6.5],[-0.5,-8],[0.5,-8],[2,-6.5],[2,6.5]],"c":true},"ix":2},"nm":"Path 1","mn":"ADBE Vector Shape - Group","hd":false},{"ty":"fl","c":{"a":0,"k":[0.39199999641,1,0.855000035903,1],"ix":4,"x":"var $bm_rt;\n$bm_rt = thisComp.layer('Color Control').effect('Color Control 2')('ADBE Color Control-0001');"},"o":{"a":0,"k":100,"ix":5},"r":1,"bm":0,"nm":"Fill 1","mn":"ADBE Vector Graphic - Fill","hd":false},{"ty":"tr","p":{"a":0,"k":[36.75,24.75],"ix":2},"a":{"a":0,"k":[0,0],"ix":1},"s":{"a":0,"k":[100,100],"ix":3},"r":{"a":0,"k":0,"ix":6},"o":{"a":0,"k":100,"ix":7},"sk":{"a":0,"k":0,"ix":4},"sa":{"a":0,"k":0,"ix":5},"nm":"Transform"}],"nm":"Group 3","np":2,"cix":2,"bm":0,"ix":3,"mn":"ADBE Vector Group","hd":false},{"ty":"gr","it":[{"ind":0,"ty":"sh","ix":1,"ks":{"a":0,"k":{"i":[[0.276,0],[0,0.276],[0,0],[-0.276,0],[0,-0.276],[0,0]],"o":[[-0.276,0],[0,0],[0,-0.276],[0.276,0],[0,0],[0,0.276]],"v":[[0,5],[-0.5,4.5],[-0.5,-4.5],[0,-5],[0.5,-4.5],[0.5,4.5]],"c":true},"ix":2},"nm":"Path 1","mn":"ADBE Vector Shape - Group","hd":false},{"ty":"fl","c":{"a":0,"k":[0.910000011968,0.917999985639,0.964999988032,1],"ix":4,"x":"var $bm_rt;\n$bm_rt = thisComp.layer('Color Control').effect('Color Control 4')('ADBE Color Control-0001');"},"o":{"a":0,"k":100,"ix":5},"r":1,"bm":0,"nm":"Fill 1","mn":"ADBE Vector Graphic - Fill","hd":false},{"ty":"tr","p":{"a":0,"k":[39.75,24.75],"ix":2},"a":{"a":0,"k":[0,0],"ix":1},"s":{"a":0,"k":[100,100],"ix":3},"r":{"a":0,"k":0,"ix":6},"o":{"a":0,"k":100,"ix":7},"sk":{"a":0,"k":0,"ix":4},"sa":{"a":0,"k":0,"ix":5},"nm":"Transform"}],"nm":"Group 4","np":2,"cix":2,"bm":0,"ix":4,"mn":"ADBE Vector Group","hd":false},{"ty":"gr","it":[{"ind":0,"ty":"sh","ix":1,"ks":{"a":0,"k":{"i":[[0.039,0],[0.055,0.229],[-0.268,0.066],[0,1.62],[0,0],[1.524,0.411],[-0.071,0.267],[-0.265,-0.073],[0,-2.031],[0,0],[2.021,-0.492]],"o":[[-0.225,0],[-0.066,-0.268],[1.572,-0.382],[0,0],[0,-1.58],[-0.266,-0.071],[0.072,-0.266],[1.96,0.527],[0,0],[0,2.083],[-0.04,0.01]],"v":[[-1.5,6.402],[-1.985,6.021],[-1.618,5.417],[1.051,2.016],[1.051,-1.984],[-1.537,-5.365],[-1.891,-5.977],[-1.277,-6.329],[2.051,-1.984],[2.051,2.016],[-1.382,6.389]],"c":true},"ix":2},"nm":"Path 1","mn":"ADBE Vector Shape - Group","hd":false},{"ty":"fl","c":{"a":0,"k":[0.008000000785,0.46699999641,0.741000007181,1],"ix":4,"x":"var $bm_rt;\n$bm_rt = thisComp.layer('Color Control').effect('Color Control 1')('ADBE Color Control-0001');"},"o":{"a":0,"k":100,"ix":5},"r":1,"bm":0,"nm":"Fill 1","mn":"ADBE Vector Graphic - Fill","hd":false},{"ty":"tr","p":{"a":0,"k":[42.199,24.734],"ix":2},"a":{"a":0,"k":[0,0],"ix":1},"s":{"a":0,"k":[100,100],"ix":3},"r":{"a":0,"k":0,"ix":6},"o":{"a":0,"k":100,"ix":7},"sk":{"a":0,"k":0,"ix":4},"sa":{"a":0,"k":0,"ix":5},"nm":"Transform"}],"nm":"Group 5","np":2,"cix":2,"bm":0,"ix":5,"mn":"ADBE Vector Group","hd":false},{"ty":"gr","it":[{"ind":0,"ty":"sh","ix":1,"ks":{"a":0,"k":{"i":[[2.209,0],[0,0],[0,0],[0,0],[0,-2.209],[0,0]],"o":[[0,0],[0,0],[0,0],[2.209,0],[0,0],[0,2.209]],"v":[[-1.5,6],[-2.5,6],[-2.5,-6],[-1.5,-6],[2.5,-2],[2.5,2]],"c":true},"ix":2},"nm":"Path 1","mn":"ADBE Vector Shape - Group","hd":false},{"ty":"fl","c":{"a":0,"k":[0.54900004069,0.620000023935,1,1],"ix":4,"x":"var $bm_rt;\n$bm_rt = thisComp.layer('Color Control').effect('Color Control 3')('ADBE Color Control-0001');"},"o":{"a":0,"k":100,"ix":5},"r":1,"bm":0,"nm":"Fill 1","mn":"ADBE Vector Graphic - Fill","hd":false},{"ty":"tr","p":{"a":0,"k":[41.25,24.75],"ix":2},"a":{"a":0,"k":[0,0],"ix":1},"s":{"a":0,"k":[100,100],"ix":3},"r":{"a":0,"k":0,"ix":6},"o":{"a":0,"k":100,"ix":7},"sk":{"a":0,"k":0,"ix":4},"sa":{"a":0,"k":0,"ix":5},"nm":"Transform"}],"nm":"Group 6","np":2,"cix":2,"bm":0,"ix":6,"mn":"ADBE Vector Group","hd":false},{"ty":"gr","it":[{"ind":0,"ty":"sh","ix":1,"ks":{"a":1,"k":[{"i":{"x":0.57,"y":1},"o":{"x":0.43,"y":0},"t":4,"s":[{"i":[[0.276,0],[0,0.276],[0,0],[-0.276,0],[0,0],[0,-0.276],[0.276,0],[0,0]],"o":[[-0.276,0],[0,0],[0,-0.276],[0,0],[0.276,0],[0,0.276],[0,0],[0,0.276]],"v":[[-2.5,0.75],[-3,0.25],[-3,-0.25],[-2.5,-0.75],[2.5,-0.75],[3,-0.25],[2.5,0.25],[-2,0.25]],"c":true}]},{"i":{"x":0.57,"y":1},"o":{"x":0.43,"y":0},"t":17,"s":[{"i":[[0.276,0],[0,0.276],[0,0],[-0.276,0],[0,0],[0,-0.276],[0.276,0],[0,0]],"o":[[-0.276,0],[0,0],[0,-0.276],[0,0],[0.276,0],[0,0.276],[0,0],[0,0.276]],"v":[[-2.513,1.993],[-3.013,1.493],[-3.013,0.993],[-2.513,0.493],[2.487,0.493],[2.987,0.993],[2.487,1.493],[-2.013,1.493]],"c":true}]},{"i":{"x":0.57,"y":1},"o":{"x":0.43,"y":0},"t":30.04,"s":[{"i":[[0.276,0],[0,0.276],[0,0],[-0.276,0],[0,0],[0,-0.276],[0.276,0],[0,0]],"o":[[-0.276,0],[0,0],[0,-0.276],[0,0],[0.276,0],[0,0.276],[0,0],[0,0.276]],"v":[[-2.51,0.617],[-3.01,0.117],[-3.01,-0.383],[-2.51,-0.883],[2.49,-0.883],[2.99,-0.383],[2.49,0.117],[-2.01,0.117]],"c":true}]},{"i":{"x":0.833,"y":1},"o":{"x":0.167,"y":0},"t":43,"s":[{"i":[[0.276,0],[0,0.276],[0,0],[-0.276,0],[0,0],[0,-0.276],[0.276,0],[0,0]],"o":[[-0.276,0],[0,0],[0,-0.276],[0,0],[0.276,0],[0,0.276],[0,0],[0,0.276]],"v":[[-2.5,0.75],[-3,0.25],[-3,-0.25],[-2.5,-0.75],[2.5,-0.75],[3,-0.25],[2.5,0.25],[-2,0.25]],"c":true}]},{"i":{"x":0.57,"y":1},"o":{"x":0.43,"y":0},"t":79,"s":[{"i":[[0.276,0],[0,0.276],[0,0],[-0.276,0],[0,0],[0,-0.276],[0.276,0],[0,0]],"o":[[-0.276,0],[0,0],[0,-0.276],[0,0],[0.276,0],[0,0.276],[0,0],[0,0.276]],"v":[[-2.5,0.75],[-3,0.25],[-3,-0.25],[-2.5,-0.75],[2.5,-0.75],[3,-0.25],[2.5,0.25],[-2,0.25]],"c":true}]},{"i":{"x":0.57,"y":1},"o":{"x":0.43,"y":0},"t":92,"s":[{"i":[[0.276,0],[0,0.276],[0,0],[-0.276,0],[0,0],[0,-0.276],[0.276,0],[0,0]],"o":[[-0.276,0],[0,0],[0,-0.276],[0,0],[0.276,0],[0,0.276],[0,0],[0,0.276]],"v":[[-2.513,1.993],[-3.013,1.493],[-3.013,0.993],[-2.513,0.493],[2.487,0.493],[2.987,0.993],[2.487,1.493],[-2.013,1.493]],"c":true}]},{"i":{"x":0.57,"y":1},"o":{"x":0.43,"y":0},"t":105.04,"s":[{"i":[[0.276,0],[0,0.276],[0,0],[-0.276,0],[0,0],[0,-0.276],[0.276,0],[0,0]],"o":[[-0.276,0],[0,0],[0,-0.276],[0,0],[0.276,0],[0,0.276],[0,0],[0,0.276]],"v":[[-2.51,0.617],[-3.01,0.117],[-3.01,-0.383],[-2.51,-0.883],[2.49,-0.883],[2.99,-0.383],[2.49,0.117],[-2.01,0.117]],"c":true}]},{"t":118,"s":[{"i":[[0.276,0],[0,0.276],[0,0],[-0.276,0],[0,0],[0,-0.276],[0.276,0],[0,0]],"o":[[-0.276,0],[0,0],[0,-0.276],[0,0],[0.276,0],[0,0.276],[0,0],[0,0.276]],"v":[[-2.5,0.75],[-3,0.25],[-3,-0.25],[-2.5,-0.75],[2.5,-0.75],[3,-0.25],[2.5,0.25],[-2,0.25]],"c":true}]}],"ix":2},"nm":"Path 1","mn":"ADBE Vector Shape - Group","hd":false},{"ty":"fl","c":{"a":0,"k":[1,0.972999961703,0.882000014361,1],"ix":4,"x":"var $bm_rt;\n$bm_rt = thisComp.layer('Color Control').effect('Color Control 7')('ADBE Color Control-0001');"},"o":{"a":0,"k":100,"ix":5},"r":1,"bm":0,"nm":"Fill 1","mn":"ADBE Vector Graphic - Fill","hd":false},{"ty":"tr","p":{"a":0,"k":[22.25,42],"ix":2},"a":{"a":0,"k":[0,0],"ix":1},"s":{"a":0,"k":[100,100],"ix":3},"r":{"a":0,"k":0,"ix":6},"o":{"a":0,"k":100,"ix":7},"sk":{"a":0,"k":0,"ix":4},"sa":{"a":0,"k":0,"ix":5},"nm":"Transform"}],"nm":"Group 13","np":2,"cix":2,"bm":0,"ix":7,"mn":"ADBE Vector Group","hd":false},{"ty":"gr","it":[{"ind":0,"ty":"sh","ix":1,"ks":{"a":1,"k":[{"i":{"x":0.57,"y":1},"o":{"x":0.43,"y":0},"t":4,"s":[{"i":[[0,0],[0,-0.275],[0,0],[-0.276,0],[0,0],[0,0.275],[0,0],[0.276,0]],"o":[[-0.276,0],[0,0],[0,0.275],[0,0],[0.276,0],[0,0],[0,-0.275],[0,0]],"v":[[-3,-1],[-3.5,-0.5],[-3.5,0.5],[-3,1],[3,1],[3.5,0.5],[3.5,-0.5],[3,-1]],"c":true}]},{"i":{"x":0.57,"y":1},"o":{"x":0.43,"y":0},"t":17,"s":[{"i":[[0,0],[0,-0.275],[0,0],[-0.276,0],[0,0],[0,0.275],[0,0],[0.276,0]],"o":[[-0.276,0],[0,0],[0,0.275],[0,0],[0.276,0],[0,0],[0,-0.275],[0,0]],"v":[[-3.013,0.243],[-3.513,0.743],[-3.513,1.743],[-3.013,2.243],[2.987,2.243],[3.487,1.743],[3.487,0.743],[2.987,0.243]],"c":true}]},{"i":{"x":0.57,"y":1},"o":{"x":0.43,"y":0},"t":30.04,"s":[{"i":[[0,0],[0,-0.275],[0,0],[-0.276,0],[0,0],[0,0.275],[0,0],[0.276,0]],"o":[[-0.276,0],[0,0],[0,0.275],[0,0],[0.276,0],[0,0],[0,-0.275],[0,0]],"v":[[-3.01,-1.133],[-3.51,-0.633],[-3.51,0.367],[-3.01,0.867],[2.99,0.867],[3.49,0.367],[3.49,-0.633],[2.99,-1.133]],"c":true}]},{"i":{"x":0.833,"y":1},"o":{"x":0.167,"y":0},"t":43,"s":[{"i":[[0,0],[0,-0.275],[0,0],[-0.276,0],[0,0],[0,0.275],[0,0],[0.276,0]],"o":[[-0.276,0],[0,0],[0,0.275],[0,0],[0.276,0],[0,0],[0,-0.275],[0,0]],"v":[[-3,-1],[-3.5,-0.5],[-3.5,0.5],[-3,1],[3,1],[3.5,0.5],[3.5,-0.5],[3,-1]],"c":true}]},{"i":{"x":0.57,"y":1},"o":{"x":0.43,"y":0},"t":79,"s":[{"i":[[0,0],[0,-0.275],[0,0],[-0.276,0],[0,0],[0,0.275],[0,0],[0.276,0]],"o":[[-0.276,0],[0,0],[0,0.275],[0,0],[0.276,0],[0,0],[0,-0.275],[0,0]],"v":[[-3,-1],[-3.5,-0.5],[-3.5,0.5],[-3,1],[3,1],[3.5,0.5],[3.5,-0.5],[3,-1]],"c":true}]},{"i":{"x":0.57,"y":1},"o":{"x":0.43,"y":0},"t":92,"s":[{"i":[[0,0],[0,-0.275],[0,0],[-0.276,0],[0,0],[0,0.275],[0,0],[0.276,0]],"o":[[-0.276,0],[0,0],[0,0.275],[0,0],[0.276,0],[0,0],[0,-0.275],[0,0]],"v":[[-3.013,0.243],[-3.513,0.743],[-3.513,1.743],[-3.013,2.243],[2.987,2.243],[3.487,1.743],[3.487,0.743],[2.987,0.243]],"c":true}]},{"i":{"x":0.57,"y":1},"o":{"x":0.43,"y":0},"t":105.04,"s":[{"i":[[0,0],[0,-0.275],[0,0],[-0.276,0],[0,0],[0,0.275],[0,0],[0.276,0]],"o":[[-0.276,0],[0,0],[0,0.275],[0,0],[0.276,0],[0,0],[0,-0.275],[0,0]],"v":[[-3.01,-1.133],[-3.51,-0.633],[-3.51,0.367],[-3.01,0.867],[2.99,0.867],[3.49,0.367],[3.49,-0.633],[2.99,-1.133]],"c":true}]},{"t":118,"s":[{"i":[[0,0],[0,-0.275],[0,0],[-0.276,0],[0,0],[0,0.275],[0,0],[0.276,0]],"o":[[-0.276,0],[0,0],[0,0.275],[0,0],[0.276,0],[0,0],[0,-0.275],[0,0]],"v":[[-3,-1],[-3.5,-0.5],[-3.5,0.5],[-3,1],[3,1],[3.5,0.5],[3.5,-0.5],[3,-1]],"c":true}]}],"ix":2},"nm":"Path 1","mn":"ADBE Vector Shape - Group","hd":false},{"ind":1,"ty":"sh","ix":2,"ks":{"a":1,"k":[{"i":{"x":0.57,"y":1},"o":{"x":0.43,"y":0},"t":4,"s":[{"i":[[0.827,0],[0,0],[0,0.827],[0,0],[-0.827,0],[0,0],[0,-0.827],[0,0]],"o":[[0,0],[-0.827,0],[0,0],[0,-0.827],[0,0],[0.827,0],[0,0],[0,0.827]],"v":[[3,2],[-3,2],[-4.5,0.5],[-4.5,-0.5],[-3,-2],[3,-2],[4.5,-0.5],[4.5,0.5]],"c":true}]},{"i":{"x":0.57,"y":1},"o":{"x":0.43,"y":0},"t":17,"s":[{"i":[[0.827,0],[0,0],[0,0.827],[0,0],[-0.827,0],[0,0],[0,-0.827],[0,0]],"o":[[0,0],[-0.827,0],[0,0],[0,-0.827],[0,0],[0.827,0],[0,0],[0,0.827]],"v":[[2.987,3.243],[-3.013,3.243],[-4.513,1.743],[-4.513,0.743],[-3.013,-0.757],[2.987,-0.757],[4.487,0.743],[4.487,1.743]],"c":true}]},{"i":{"x":0.57,"y":1},"o":{"x":0.43,"y":0},"t":30.04,"s":[{"i":[[0.827,0],[0,0],[0,0.827],[0,0],[-0.827,0],[0,0],[0,-0.827],[0,0]],"o":[[0,0],[-0.827,0],[0,0],[0,-0.827],[0,0],[0.827,0],[0,0],[0,0.827]],"v":[[2.99,1.867],[-3.01,1.867],[-4.51,0.367],[-4.51,-0.633],[-3.01,-2.133],[2.99,-2.133],[4.49,-0.633],[4.49,0.367]],"c":true}]},{"i":{"x":0.833,"y":1},"o":{"x":0.167,"y":0},"t":43,"s":[{"i":[[0.827,0],[0,0],[0,0.827],[0,0],[-0.827,0],[0,0],[0,-0.827],[0,0]],"o":[[0,0],[-0.827,0],[0,0],[0,-0.827],[0,0],[0.827,0],[0,0],[0,0.827]],"v":[[3,2],[-3,2],[-4.5,0.5],[-4.5,-0.5],[-3,-2],[3,-2],[4.5,-0.5],[4.5,0.5]],"c":true}]},{"i":{"x":0.57,"y":1},"o":{"x":0.43,"y":0},"t":79,"s":[{"i":[[0.827,0],[0,0],[0,0.827],[0,0],[-0.827,0],[0,0],[0,-0.827],[0,0]],"o":[[0,0],[-0.827,0],[0,0],[0,-0.827],[0,0],[0.827,0],[0,0],[0,0.827]],"v":[[3,2],[-3,2],[-4.5,0.5],[-4.5,-0.5],[-3,-2],[3,-2],[4.5,-0.5],[4.5,0.5]],"c":true}]},{"i":{"x":0.57,"y":1},"o":{"x":0.43,"y":0},"t":92,"s":[{"i":[[0.827,0],[0,0],[0,0.827],[0,0],[-0.827,0],[0,0],[0,-0.827],[0,0]],"o":[[0,0],[-0.827,0],[0,0],[0,-0.827],[0,0],[0.827,0],[0,0],[0,0.827]],"v":[[2.987,3.243],[-3.013,3.243],[-4.513,1.743],[-4.513,0.743],[-3.013,-0.757],[2.987,-0.757],[4.487,0.743],[4.487,1.743]],"c":true}]},{"i":{"x":0.57,"y":1},"o":{"x":0.43,"y":0},"t":105.04,"s":[{"i":[[0.827,0],[0,0],[0,0.827],[0,0],[-0.827,0],[0,0],[0,-0.827],[0,0]],"o":[[0,0],[-0.827,0],[0,0],[0,-0.827],[0,0],[0.827,0],[0,0],[0,0.827]],"v":[[2.99,1.867],[-3.01,1.867],[-4.51,0.367],[-4.51,-0.633],[-3.01,-2.133],[2.99,-2.133],[4.49,-0.633],[4.49,0.367]],"c":true}]},{"t":118,"s":[{"i":[[0.827,0],[0,0],[0,0.827],[0,0],[-0.827,0],[0,0],[0,-0.827],[0,0]],"o":[[0,0],[-0.827,0],[0,0],[0,-0.827],[0,0],[0.827,0],[0,0],[0,0.827]],"v":[[3,2],[-3,2],[-4.5,0.5],[-4.5,-0.5],[-3,-2],[3,-2],[4.5,-0.5],[4.5,0.5]],"c":true}]}],"ix":2},"nm":"Path 2","mn":"ADBE Vector Shape - Group","hd":false},{"ty":"mm","mm":1,"nm":"Merge Paths 1","mn":"ADBE Vector Filter - Merge","hd":false},{"ty":"fl","c":{"a":0,"k":[0.008000000785,0.46699999641,0.741000007181,1],"ix":4,"x":"var $bm_rt;\n$bm_rt = thisComp.layer('Color Control').effect('Color Control 1')('ADBE Color Control-0001');"},"o":{"a":0,"k":100,"ix":5},"r":1,"bm":0,"nm":"Fill 1","mn":"ADBE Vector Graphic - Fill","hd":false},{"ty":"tr","p":{"a":0,"k":[22.75,42.25],"ix":2},"a":{"a":0,"k":[0,0],"ix":1},"s":{"a":0,"k":[100,100],"ix":3},"r":{"a":0,"k":0,"ix":6},"o":{"a":0,"k":100,"ix":7},"sk":{"a":0,"k":0,"ix":4},"sa":{"a":0,"k":0,"ix":5},"nm":"Transform"}],"nm":"Group 14","np":4,"cix":2,"bm":0,"ix":8,"mn":"ADBE Vector Group","hd":false},{"ty":"gr","it":[{"ind":0,"ty":"sh","ix":1,"ks":{"a":1,"k":[{"i":{"x":0.57,"y":1},"o":{"x":0.43,"y":0},"t":4,"s":[{"i":[[0.552,0],[0,0],[0,0.553],[0,0],[-0.552,0],[0,0],[0,-0.553],[0,0]],"o":[[0,0],[-0.552,0],[0,0],[0,-0.553],[0,0],[0.552,0],[0,0],[0,0.553]],"v":[[3,1.5],[-3,1.5],[-4,0.5],[-4,-0.5],[-3,-1.5],[3,-1.5],[4,-0.5],[4,0.5]],"c":true}]},{"i":{"x":0.57,"y":1},"o":{"x":0.43,"y":0},"t":17,"s":[{"i":[[0.552,0],[0,0],[0,0.553],[0,0],[-0.552,0],[0,0],[0,-0.553],[0,0]],"o":[[0,0],[-0.552,0],[0,0],[0,-0.553],[0,0],[0.552,0],[0,0],[0,0.553]],"v":[[2.987,2.743],[-3.013,2.743],[-4.013,1.743],[-4.013,0.743],[-3.013,-0.257],[2.987,-0.257],[3.987,0.743],[3.987,1.743]],"c":true}]},{"i":{"x":0.57,"y":1},"o":{"x":0.43,"y":0},"t":30.04,"s":[{"i":[[0.552,0],[0,0],[0,0.553],[0,0],[-0.552,0],[0,0],[0,-0.553],[0,0]],"o":[[0,0],[-0.552,0],[0,0],[0,-0.553],[0,0],[0.552,0],[0,0],[0,0.553]],"v":[[2.99,1.367],[-3.01,1.367],[-4.01,0.367],[-4.01,-0.633],[-3.01,-1.633],[2.99,-1.633],[3.99,-0.633],[3.99,0.367]],"c":true}]},{"i":{"x":0.833,"y":1},"o":{"x":0.167,"y":0},"t":43,"s":[{"i":[[0.552,0],[0,0],[0,0.553],[0,0],[-0.552,0],[0,0],[0,-0.553],[0,0]],"o":[[0,0],[-0.552,0],[0,0],[0,-0.553],[0,0],[0.552,0],[0,0],[0,0.553]],"v":[[3,1.5],[-3,1.5],[-4,0.5],[-4,-0.5],[-3,-1.5],[3,-1.5],[4,-0.5],[4,0.5]],"c":true}]},{"i":{"x":0.57,"y":1},"o":{"x":0.43,"y":0},"t":79,"s":[{"i":[[0.552,0],[0,0],[0,0.553],[0,0],[-0.552,0],[0,0],[0,-0.553],[0,0]],"o":[[0,0],[-0.552,0],[0,0],[0,-0.553],[0,0],[0.552,0],[0,0],[0,0.553]],"v":[[3,1.5],[-3,1.5],[-4,0.5],[-4,-0.5],[-3,-1.5],[3,-1.5],[4,-0.5],[4,0.5]],"c":true}]},{"i":{"x":0.57,"y":1},"o":{"x":0.43,"y":0},"t":92,"s":[{"i":[[0.552,0],[0,0],[0,0.553],[0,0],[-0.552,0],[0,0],[0,-0.553],[0,0]],"o":[[0,0],[-0.552,0],[0,0],[0,-0.553],[0,0],[0.552,0],[0,0],[0,0.553]],"v":[[2.987,2.743],[-3.013,2.743],[-4.013,1.743],[-4.013,0.743],[-3.013,-0.257],[2.987,-0.257],[3.987,0.743],[3.987,1.743]],"c":true}]},{"i":{"x":0.57,"y":1},"o":{"x":0.43,"y":0},"t":105.04,"s":[{"i":[[0.552,0],[0,0],[0,0.553],[0,0],[-0.552,0],[0,0],[0,-0.553],[0,0]],"o":[[0,0],[-0.552,0],[0,0],[0,-0.553],[0,0],[0.552,0],[0,0],[0,0.553]],"v":[[2.99,1.367],[-3.01,1.367],[-4.01,0.367],[-4.01,-0.633],[-3.01,-1.633],[2.99,-1.633],[3.99,-0.633],[3.99,0.367]],"c":true}]},{"t":118,"s":[{"i":[[0.552,0],[0,0],[0,0.553],[0,0],[-0.552,0],[0,0],[0,-0.553],[0,0]],"o":[[0,0],[-0.552,0],[0,0],[0,-0.553],[0,0],[0.552,0],[0,0],[0,0.553]],"v":[[3,1.5],[-3,1.5],[-4,0.5],[-4,-0.5],[-3,-1.5],[3,-1.5],[4,-0.5],[4,0.5]],"c":true}]}],"ix":2},"nm":"Path 1","mn":"ADBE Vector Shape - Group","hd":false},{"ty":"fl","c":{"a":0,"k":[1,0.898000021542,0.497999991623,1],"ix":4,"x":"var $bm_rt;\n$bm_rt = thisComp.layer('Color Control').effect('Color Control 6')('ADBE Color Control-0001');"},"o":{"a":0,"k":100,"ix":5},"r":1,"bm":0,"nm":"Fill 1","mn":"ADBE Vector Graphic - Fill","hd":false},{"ty":"tr","p":{"a":0,"k":[22.75,42.25],"ix":2},"a":{"a":0,"k":[0,0],"ix":1},"s":{"a":0,"k":[100,100],"ix":3},"r":{"a":0,"k":0,"ix":6},"o":{"a":0,"k":100,"ix":7},"sk":{"a":0,"k":0,"ix":4},"sa":{"a":0,"k":0,"ix":5},"nm":"Transform"}],"nm":"Group 15","np":2,"cix":2,"bm":0,"ix":9,"mn":"ADBE Vector Group","hd":false},{"ty":"gr","it":[{"ind":0,"ty":"sh","ix":1,"ks":{"a":1,"k":[{"i":{"x":0.57,"y":1},"o":{"x":0.43,"y":0},"t":4,"s":[{"i":[[5.557,0],[0,0],[0,0.276],[-0.276,0],[0,0],[-2.231,4.671],[-0.249,-0.119],[0.119,-0.25]],"o":[[0,0],[-0.276,0],[0,-0.276],[0,0],[5.173,0],[0.119,-0.249],[0.25,0.119],[-2.396,5.016]],"v":[[-2.855,4.522],[-9.855,4.522],[-10.355,4.022],[-9.855,3.522],[-2.855,3.522],[9.334,-4.167],[10,-4.403],[10.236,-3.736]],"c":true}]},{"i":{"x":0.57,"y":1},"o":{"x":0.43,"y":0},"t":17,"s":[{"i":[[5.557,0],[0,0],[0,0.276],[-0.276,0],[0,0],[-2.231,4.671],[-0.249,-0.119],[0.119,-0.25]],"o":[[0,0],[-0.276,0],[0,-0.276],[0,0],[5.173,0],[0.119,-0.249],[0.25,0.119],[-2.396,5.016]],"v":[[-2.868,5.765],[-9.868,5.765],[-10.368,5.265],[-9.868,4.765],[-2.868,4.765],[9.334,-4.167],[10,-4.403],[10.236,-3.736]],"c":true}]},{"i":{"x":0.57,"y":1},"o":{"x":0.43,"y":0},"t":30.04,"s":[{"i":[[5.557,0],[0,0],[0,0.276],[-0.276,0],[0,0],[-2.231,4.671],[-0.249,-0.119],[0.119,-0.25]],"o":[[0,0],[-0.276,0],[0,-0.276],[0,0],[5.173,0],[0.119,-0.249],[0.25,0.119],[-2.396,5.016]],"v":[[-2.865,4.389],[-9.865,4.389],[-10.365,3.889],[-9.865,3.389],[-2.865,3.389],[9.334,-4.167],[10,-4.403],[10.236,-3.736]],"c":true}]},{"i":{"x":0.833,"y":1},"o":{"x":0.167,"y":0},"t":43,"s":[{"i":[[5.557,0],[0,0],[0,0.276],[-0.276,0],[0,0],[-2.231,4.671],[-0.249,-0.119],[0.119,-0.25]],"o":[[0,0],[-0.276,0],[0,-0.276],[0,0],[5.173,0],[0.119,-0.249],[0.25,0.119],[-2.396,5.016]],"v":[[-2.855,4.522],[-9.855,4.522],[-10.355,4.022],[-9.855,3.522],[-2.855,3.522],[9.334,-4.167],[10,-4.403],[10.236,-3.736]],"c":true}]},{"i":{"x":0.57,"y":1},"o":{"x":0.43,"y":0},"t":79,"s":[{"i":[[5.557,0],[0,0],[0,0.276],[-0.276,0],[0,0],[-2.231,4.671],[-0.249,-0.119],[0.119,-0.25]],"o":[[0,0],[-0.276,0],[0,-0.276],[0,0],[5.173,0],[0.119,-0.249],[0.25,0.119],[-2.396,5.016]],"v":[[-2.855,4.522],[-9.855,4.522],[-10.355,4.022],[-9.855,3.522],[-2.855,3.522],[9.334,-4.167],[10,-4.403],[10.236,-3.736]],"c":true}]},{"i":{"x":0.57,"y":1},"o":{"x":0.43,"y":0},"t":92,"s":[{"i":[[5.557,0],[0,0],[0,0.276],[-0.276,0],[0,0],[-2.231,4.671],[-0.249,-0.119],[0.119,-0.25]],"o":[[0,0],[-0.276,0],[0,-0.276],[0,0],[5.173,0],[0.119,-0.249],[0.25,0.119],[-2.396,5.016]],"v":[[-2.868,5.765],[-9.868,5.765],[-10.368,5.265],[-9.868,4.765],[-2.868,4.765],[9.334,-4.167],[10,-4.403],[10.236,-3.736]],"c":true}]},{"i":{"x":0.57,"y":1},"o":{"x":0.43,"y":0},"t":105.04,"s":[{"i":[[5.557,0],[0,0],[0,0.276],[-0.276,0],[0,0],[-2.231,4.671],[-0.249,-0.119],[0.119,-0.25]],"o":[[0,0],[-0.276,0],[0,-0.276],[0,0],[5.173,0],[0.119,-0.249],[0.25,0.119],[-2.396,5.016]],"v":[[-2.865,4.389],[-9.865,4.389],[-10.365,3.889],[-9.865,3.389],[-2.865,3.389],[9.334,-4.167],[10,-4.403],[10.236,-3.736]],"c":true}]},{"t":118,"s":[{"i":[[5.557,0],[0,0],[0,0.276],[-0.276,0],[0,0],[-2.231,4.671],[-0.249,-0.119],[0.119,-0.25]],"o":[[0,0],[-0.276,0],[0,-0.276],[0,0],[5.173,0],[0.119,-0.249],[0.25,0.119],[-2.396,5.016]],"v":[[-2.855,4.522],[-9.855,4.522],[-10.355,4.022],[-9.855,3.522],[-2.855,3.522],[9.334,-4.167],[10,-4.403],[10.236,-3.736]],"c":true}]}],"ix":2},"nm":"Path 1","mn":"ADBE Vector Shape - Group","hd":false},{"ty":"fl","c":{"a":0,"k":[0.008000000785,0.46699999641,0.741000007181,1],"ix":4,"x":"var $bm_rt;\n$bm_rt = thisComp.layer('Color Control').effect('Color Control 1')('ADBE Color Control-0001');"},"o":{"a":0,"k":100,"ix":5},"r":1,"bm":0,"nm":"Fill 1","mn":"ADBE Vector Graphic - Fill","hd":false},{"ty":"tr","p":{"a":0,"k":[28.605,38.228],"ix":2},"a":{"a":0,"k":[0,0],"ix":1},"s":{"a":0,"k":[100,100],"ix":3},"r":{"a":0,"k":0,"ix":6},"o":{"a":0,"k":100,"ix":7},"sk":{"a":0,"k":0,"ix":4},"sa":{"a":0,"k":0,"ix":5},"nm":"Transform"}],"nm":"Group 16","np":2,"cix":2,"bm":0,"ix":10,"mn":"ADBE Vector Group","hd":false},{"ty":"gr","it":[{"ind":0,"ty":"sh","ix":1,"ks":{"a":0,"k":{"i":[[0.276,0],[0,0.276],[0,0],[-0.551,0],[0,0],[0,-0.276],[0.276,0],[0,0],[0,0]],"o":[[-0.276,0],[0,0],[0,-0.551],[0,0],[0.276,0],[0,0.276],[0,0],[0,0],[0,0.276]],"v":[[-0.5,6.75],[-1,6.25],[-1,-5.75],[0,-6.75],[0.5,-6.75],[1,-6.25],[0.5,-5.75],[0,-5.75],[0,6.25]],"c":true},"ix":2},"nm":"Path 1","mn":"ADBE Vector Shape - Group","hd":false},{"ty":"fl","c":{"a":0,"k":[1,1,1,1],"ix":4,"x":"var $bm_rt;\n$bm_rt = thisComp.layer('Color Control').effect('Color Control 5')('ADBE Color Control-0001');"},"o":{"a":0,"k":100,"ix":5},"r":1,"bm":0,"nm":"Fill 1","mn":"ADBE Vector Graphic - Fill","hd":false},{"ty":"tr","p":{"a":0,"k":[7.25,24],"ix":2},"a":{"a":0,"k":[0,0],"ix":1},"s":{"a":0,"k":[100,100],"ix":3},"r":{"a":0,"k":0,"ix":6},"o":{"a":0,"k":100,"ix":7},"sk":{"a":0,"k":0,"ix":4},"sa":{"a":0,"k":0,"ix":5},"nm":"Transform"}],"nm":"Group 17","np":2,"cix":2,"bm":0,"ix":11,"mn":"ADBE Vector Group","hd":false},{"ty":"gr","it":[{"ind":0,"ty":"sh","ix":1,"ks":{"a":0,"k":{"i":[[0,0],[0,-0.551],[0,0],[-0.551,0],[0,0],[0,0.551],[0,0],[0.551,0]],"o":[[-0.551,0],[0,0],[0,0.551],[0,0],[0.551,0],[0,0],[0,-0.551],[0,0]],"v":[[-0.5,-7.5],[-1.5,-6.5],[-1.5,6.5],[-0.5,7.5],[0.5,7.5],[1.5,6.5],[1.5,-6.5],[0.5,-7.5]],"c":true},"ix":2},"nm":"Path 1","mn":"ADBE Vector Shape - Group","hd":false},{"ind":1,"ty":"sh","ix":2,"ks":{"a":0,"k":{"i":[[1.103,0],[0,0],[0,1.104],[0,0],[-1.103,0],[0,0],[0,-1.104],[0,0]],"o":[[0,0],[-1.103,0],[0,0],[0,-1.104],[0,0],[1.103,0],[0,0],[0,1.104]],"v":[[0.5,8.5],[-0.5,8.5],[-2.5,6.5],[-2.5,-6.5],[-0.5,-8.5],[0.5,-8.5],[2.5,-6.5],[2.5,6.5]],"c":true},"ix":2},"nm":"Path 2","mn":"ADBE Vector Shape - Group","hd":false},{"ty":"mm","mm":1,"nm":"Merge Paths 1","mn":"ADBE Vector Filter - Merge","hd":false},{"ty":"fl","c":{"a":0,"k":[0.008000000785,0.46699999641,0.741000007181,1],"ix":4,"x":"var $bm_rt;\n$bm_rt = thisComp.layer('Color Control').effect('Color Control 1')('ADBE Color Control-0001');"},"o":{"a":0,"k":100,"ix":5},"r":1,"bm":0,"nm":"Fill 1","mn":"ADBE Vector Graphic - Fill","hd":false},{"ty":"tr","p":{"a":0,"k":[7.75,24.75],"ix":2},"a":{"a":0,"k":[0,0],"ix":1},"s":{"a":0,"k":[100,100],"ix":3},"r":{"a":0,"k":0,"ix":6},"o":{"a":0,"k":100,"ix":7},"sk":{"a":0,"k":0,"ix":4},"sa":{"a":0,"k":0,"ix":5},"nm":"Transform"}],"nm":"Group 18","np":4,"cix":2,"bm":0,"ix":12,"mn":"ADBE Vector Group","hd":false},{"ty":"gr","it":[{"ind":0,"ty":"sh","ix":1,"ks":{"a":0,"k":{"i":[[0.829,0],[0,0],[0,0.828],[0,0],[-0.829,0],[0,0],[0,-0.828],[0,0]],"o":[[0,0],[-0.829,0],[0,0],[0,-0.828],[0,0],[0.829,0],[0,0],[0,0.828]],"v":[[0.5,8],[-0.5,8],[-2,6.5],[-2,-6.5],[-0.5,-8],[0.5,-8],[2,-6.5],[2,6.5]],"c":true},"ix":2},"nm":"Path 1","mn":"ADBE Vector Shape - Group","hd":false},{"ty":"fl","c":{"a":0,"k":[0.39199999641,1,0.855000035903,1],"ix":4,"x":"var $bm_rt;\n$bm_rt = thisComp.layer('Color Control').effect('Color Control 2')('ADBE Color Control-0001');"},"o":{"a":0,"k":100,"ix":5},"r":1,"bm":0,"nm":"Fill 1","mn":"ADBE Vector Graphic - Fill","hd":false},{"ty":"tr","p":{"a":0,"k":[7.75,24.75],"ix":2},"a":{"a":0,"k":[0,0],"ix":1},"s":{"a":0,"k":[100,100],"ix":3},"r":{"a":0,"k":0,"ix":6},"o":{"a":0,"k":100,"ix":7},"sk":{"a":0,"k":0,"ix":4},"sa":{"a":0,"k":0,"ix":5},"nm":"Transform"}],"nm":"Group 19","np":2,"cix":2,"bm":0,"ix":13,"mn":"ADBE Vector Group","hd":false},{"ty":"gr","it":[{"ind":0,"ty":"sh","ix":1,"ks":{"a":0,"k":{"i":[[0.276,0],[0,0.276],[0,0],[-1.436,0.475],[-0.086,-0.262],[0.262,-0.087],[0,-1.08],[0,0]],"o":[[-0.276,0],[0,0],[0,-1.512],[0.262,-0.085],[0.087,0.262],[-1.027,0.34],[0,0],[0,0.276]],"v":[[-1.06,3.954],[-1.56,3.454],[-1.56,-0.546],[0.841,-3.869],[1.473,-3.552],[1.156,-2.92],[-0.56,-0.546],[-0.56,3.454]],"c":true},"ix":2},"nm":"Path 1","mn":"ADBE Vector Shape - Group","hd":false},{"ty":"fl","c":{"a":0,"k":[0.910000011968,0.917999985639,0.964999988032,1],"ix":4,"x":"var $bm_rt;\n$bm_rt = thisComp.layer('Color Control').effect('Color Control 4')('ADBE Color Control-0001');"},"o":{"a":0,"k":100,"ix":5},"r":1,"bm":0,"nm":"Fill 1","mn":"ADBE Vector Graphic - Fill","hd":false},{"ty":"tr","p":{"a":0,"k":[2.81,23.296],"ix":2},"a":{"a":0,"k":[0,0],"ix":1},"s":{"a":0,"k":[100,100],"ix":3},"r":{"a":0,"k":0,"ix":6},"o":{"a":0,"k":100,"ix":7},"sk":{"a":0,"k":0,"ix":4},"sa":{"a":0,"k":0,"ix":5},"nm":"Transform"}],"nm":"Group 20","np":2,"cix":2,"bm":0,"ix":14,"mn":"ADBE Vector Group","hd":false},{"ty":"gr","it":[{"ind":0,"ty":"sh","ix":1,"ks":{"a":0,"k":{"i":[[0.226,0],[0.04,0.01],[0,2.087],[0,0],[-1.965,0.523],[-0.071,-0.267],[0.267,-0.071],[0,-1.584],[0,0],[-1.576,-0.38],[0.065,-0.268]],"o":[[-0.039,0],[-2.026,-0.488],[0,0],[0,-2.035],[0.264,-0.073],[0.071,0.267],[-1.528,0.408],[0,0],[0,1.623],[0.268,0.064],[-0.055,0.229]],"v":[[1.505,6.404],[1.387,6.391],[-2.055,2.016],[-2.055,-1.984],[1.282,-6.331],[1.894,-5.979],[1.54,-5.367],[-1.055,-1.984],[-1.055,2.016],[1.622,5.419],[1.99,6.021]],"c":true},"ix":2},"nm":"Path 1","mn":"ADBE Vector Shape - Group","hd":false},{"ty":"fl","c":{"a":0,"k":[0.008000000785,0.46699999641,0.741000007181,1],"ix":4,"x":"var $bm_rt;\n$bm_rt = thisComp.layer('Color Control').effect('Color Control 1')('ADBE Color Control-0001');"},"o":{"a":0,"k":100,"ix":5},"r":1,"bm":0,"nm":"Fill 1","mn":"ADBE Vector Graphic - Fill","hd":false},{"ty":"tr","p":{"a":0,"k":[2.305,24.734],"ix":2},"a":{"a":0,"k":[0,0],"ix":1},"s":{"a":0,"k":[100,100],"ix":3},"r":{"a":0,"k":0,"ix":6},"o":{"a":0,"k":100,"ix":7},"sk":{"a":0,"k":0,"ix":4},"sa":{"a":0,"k":0,"ix":5},"nm":"Transform"}],"nm":"Group 21","np":2,"cix":2,"bm":0,"ix":15,"mn":"ADBE Vector Group","hd":false},{"ty":"gr","it":[{"ind":0,"ty":"sh","ix":1,"ks":{"a":0,"k":{"i":[[-2.209,0],[0,0],[0,0],[0,0],[0,-2.209],[0,0]],"o":[[0,0],[0,0],[0,0],[-2.209,0],[0,0],[0,2.209]],"v":[[1.5,6],[2.5,6],[2.5,-6],[1.5,-6],[-2.5,-2],[-2.5,2]],"c":true},"ix":2},"nm":"Path 1","mn":"ADBE Vector Shape - Group","hd":false},{"ty":"fl","c":{"a":0,"k":[0.54900004069,0.620000023935,1,1],"ix":4,"x":"var $bm_rt;\n$bm_rt = thisComp.layer('Color Control').effect('Color Control 3')('ADBE Color Control-0001');"},"o":{"a":0,"k":100,"ix":5},"r":1,"bm":0,"nm":"Fill 1","mn":"ADBE Vector Graphic - Fill","hd":false},{"ty":"tr","p":{"a":0,"k":[3.25,24.75],"ix":2},"a":{"a":0,"k":[0,0],"ix":1},"s":{"a":0,"k":[100,100],"ix":3},"r":{"a":0,"k":0,"ix":6},"o":{"a":0,"k":100,"ix":7},"sk":{"a":0,"k":0,"ix":4},"sa":{"a":0,"k":0,"ix":5},"nm":"Transform"}],"nm":"Group 22","np":2,"cix":2,"bm":0,"ix":16,"mn":"ADBE Vector Group","hd":false},{"ty":"gr","it":[{"ind":0,"ty":"sh","ix":1,"ks":{"a":0,"k":{"i":[[0.11,0],[0.098,0.123],[-0.215,0.174],[-3.757,0],[0,0],[-2.125,-0.949],[0.112,-0.253],[0.253,0.114],[2.207,0],[0,0],[2.73,-2.196]],"o":[[-0.146,0],[-0.173,-0.215],[2.908,-2.338],[0,0],[2.348,0],[0.252,0.113],[-0.113,0.251],[-1.996,-0.891],[0,0],[-3.53,0],[-0.092,0.074]],"v":[[-8.783,2.258],[-9.173,2.071],[-9.097,1.367],[1.239,-2.258],[2.239,-2.258],[8.981,-0.828],[9.234,-0.167],[8.573,0.086],[2.239,-1.258],[1.239,-1.258],[-8.47,2.147]],"c":true},"ix":2},"nm":"Path 1","mn":"ADBE Vector Shape - Group","hd":false},{"ty":"fl","c":{"a":0,"k":[1,1,1,1],"ix":4,"x":"var $bm_rt;\n$bm_rt = thisComp.layer('Color Control').effect('Color Control 5')('ADBE Color Control-0001');"},"o":{"a":0,"k":100,"ix":5},"r":1,"bm":0,"nm":"Fill 1","mn":"ADBE Vector Graphic - Fill","hd":false},{"ty":"tr","p":{"a":0,"k":[20.512,3.508],"ix":2},"a":{"a":0,"k":[0,0],"ix":1},"s":{"a":0,"k":[100,100],"ix":3},"r":{"a":0,"k":0,"ix":6},"o":{"a":0,"k":100,"ix":7},"sk":{"a":0,"k":0,"ix":4},"sa":{"a":0,"k":0,"ix":5},"nm":"Transform"}],"nm":"Group 23","np":2,"cix":2,"bm":0,"ix":17,"mn":"ADBE Vector Group","hd":false},{"ty":"gr","it":[{"ind":0,"ty":"sh","ix":1,"ks":{"a":0,"k":{"i":[[-5.133,0],[0,0],[-3.283,-3.777],[6.334,0],[0,0],[2.757,-5.448]],"o":[[0,0],[5.133,0],[-2.757,-5.448],[0,0],[-6.334,0],[3.283,-3.777]],"v":[[-1.988,-3.048],[2.013,-3.048],[15.209,2.961],[0.513,-6.048],[-0.488,-6.048],[-15.184,2.961]],"c":true},"ix":2},"nm":"Path 1","mn":"ADBE Vector Shape - Group","hd":false},{"ind":1,"ty":"sh","ix":2,"ks":{"a":0,"k":{"i":[[0,0],[0.089,0.167],[6.116,0],[0,0],[2.875,-5.413],[0.233,0.088],[-0.059,0.245],[-8.123,0],[0,0],[-1.935,-7.834],[0,-0.091],[0.259,-0.034]],"o":[[-0.181,0],[-2.875,-5.413],[0,0],[-6.116,0],[-0.118,0.222],[-0.236,-0.088],[1.889,-7.903],[0,0],[8.078,0],[0.042,0.072],[0,0.277],[0,0]],"v":[[17.031,6.993],[16.589,6.727],[2.013,-2.048],[-1.987,-2.048],[-16.564,6.727],[-17.182,6.96],[-17.492,6.376],[-0.488,-7.048],[0.513,-7.048],[17.485,6.245],[17.551,6.493],[17.043,6.993]],"c":true},"ix":2},"nm":"Path 2","mn":"ADBE Vector Shape - Group","hd":false},{"ty":"mm","mm":1,"nm":"Merge Paths 1","mn":"ADBE Vector Filter - Merge","hd":false},{"ty":"fl","c":{"a":0,"k":[0.008000000785,0.46699999641,0.741000007181,1],"ix":4,"x":"var $bm_rt;\n$bm_rt = thisComp.layer('Color Control').effect('Color Control 1')('ADBE Color Control-0001');"},"o":{"a":0,"k":100,"ix":5},"r":1,"bm":0,"nm":"Fill 1","mn":"ADBE Vector Graphic - Fill","hd":false},{"ty":"tr","p":{"a":0,"k":[22.238,7.298],"ix":2},"a":{"a":0,"k":[0,0],"ix":1},"s":{"a":0,"k":[100,100],"ix":3},"r":{"a":0,"k":0,"ix":6},"o":{"a":0,"k":100,"ix":7},"sk":{"a":0,"k":0,"ix":4},"sa":{"a":0,"k":0,"ix":5},"nm":"Transform"}],"nm":"Group 24","np":4,"cix":2,"bm":0,"ix":18,"mn":"ADBE Vector Group","hd":false},{"ty":"gr","it":[{"ind":0,"ty":"sh","ix":1,"ks":{"a":0,"k":{"i":[[-6.512,0],[0,0],[-2.856,-5.377],[8.023,0],[0,0],[1.787,-7.477]],"o":[[0,0],[6.512,0],[-1.787,-7.477],[0,0],[-8.023,0],[2.856,-5.377]],"v":[[-2,-2.521],[2,-2.521],[17.018,6.521],[0.5,-6.521],[-0.5,-6.521],[-17.018,6.521]],"c":true},"ix":2},"nm":"Path 1","mn":"ADBE Vector Shape - Group","hd":false},{"ty":"fl","c":{"a":0,"k":[0.39199999641,1,0.855000035903,1],"ix":4,"x":"var $bm_rt;\n$bm_rt = thisComp.layer('Color Control').effect('Color Control 2')('ADBE Color Control-0001');"},"o":{"a":0,"k":100,"ix":5},"r":1,"bm":0,"nm":"Fill 1","mn":"ADBE Vector Graphic - Fill","hd":false},{"ty":"tr","p":{"a":0,"k":[22.25,7.271],"ix":2},"a":{"a":0,"k":[0,0],"ix":1},"s":{"a":0,"k":[100,100],"ix":3},"r":{"a":0,"k":0,"ix":6},"o":{"a":0,"k":100,"ix":7},"sk":{"a":0,"k":0,"ix":4},"sa":{"a":0,"k":0,"ix":5},"nm":"Transform"}],"nm":"Group 25","np":2,"cix":2,"bm":0,"ix":19,"mn":"ADBE Vector Group","hd":false},{"ty":"gr","it":[{"ind":0,"ty":"sh","ix":1,"ks":{"a":0,"k":{"i":[[0.25,0],[0.019,0.003],[-0.032,0.274],[-8.889,0],[0,0],[-1.032,-8.803],[0.274,-0.033],[0.032,0.275],[8.369,0],[0,0],[0.962,-8.314]],"o":[[-0.019,0],[-0.275,-0.032],[1.02,-8.818],[0,0],[8.876,0],[0.032,0.273],[-0.272,0.035],[-0.973,-8.3],[0,0],[-8.382,0],[-0.029,0.254]],"v":[[-17.384,8.007],[-17.443,8.005],[-17.882,7.451],[-0.499,-8.016],[0.501,-8.016],[17.882,7.426],[17.443,7.98],[16.889,7.542],[0.501,-7.016],[-0.499,-7.016],[-16.889,7.566]],"c":true},"ix":2},"nm":"Path 1","mn":"ADBE Vector Shape - Group","hd":false},{"ty":"fl","c":{"a":0,"k":[0.008000000785,0.46699999641,0.741000007181,1],"ix":4,"x":"var $bm_rt;\n$bm_rt = thisComp.layer('Color Control').effect('Color Control 1')('ADBE Color Control-0001');"},"o":{"a":0,"k":100,"ix":5},"r":1,"bm":0,"nm":"Fill 1","mn":"ADBE Vector Graphic - Fill","hd":false},{"ty":"tr","p":{"a":0,"k":[22.249,8.266],"ix":2},"a":{"a":0,"k":[0,0],"ix":1},"s":{"a":0,"k":[100,100],"ix":3},"r":{"a":0,"k":0,"ix":6},"o":{"a":0,"k":100,"ix":7},"sk":{"a":0,"k":0,"ix":4},"sa":{"a":0,"k":0,"ix":5},"nm":"Transform"}],"nm":"Group 26","np":2,"cix":2,"bm":0,"ix":20,"mn":"ADBE Vector Group","hd":false}],"ip":0,"op":150,"st":0,"bm":0}],"markers":[]}