{"v":"4.8.0","meta":{"g":"LottieFiles AE 1.0.0","a":"","k":"","d":"","tc":""},"fr":29.9700012207031,"ip":0,"op":181.000007372281,"w":300,"h":300,"nm":"Magellan_Update","ddd":0,"assets":[],"layers":[{"ddd":0,"ind":1,"ty":4,"nm":"update circle/Magellan_phone01 Outlines","sr":1,"ks":{"o":{"a":0,"k":100,"ix":11},"r":{"a":1,"k":[{"i":{"x":[0.833],"y":[0.833]},"o":{"x":[0.167],"y":[0.167]},"t":0,"s":[0]},{"i":{"x":[0.833],"y":[0.833]},"o":{"x":[0.167],"y":[0.167]},"t":181,"s":[360]},{"i":{"x":[0.833],"y":[0.833]},"o":{"x":[0.167],"y":[0.167]},"t":449,"s":[180]},{"t":899.000036617021,"s":[180]}],"ix":10},"p":{"a":0,"k":[150,150,0],"ix":2},"a":{"a":0,"k":[150.5,150.5,0],"ix":1},"s":{"a":0,"k":[25.352,25.352,100],"ix":6}},"ao":0,"shapes":[{"ty":"gr","it":[{"ind":0,"ty":"sh","ix":1,"ks":{"a":0,"k":{"i":[[-0.4,-1.8],[4.8,1.6],[1.8,0.3],[1.1,3],[-2.3,2.3],[0,0],[29.4,0],[0,-62.9],[-0.5,-4.9],[2.1,-1.9],[2.7,0.5],[0,0],[0.3,3.8],[0,4.9],[0,0],[-82.4,0],[-26.5,-24.8],[0,0],[-3,-0.9],[-0.9,-3.2]],"o":[[1.2,6.9],[-3.7,-0.7],[-3.2,-0.7],[-0.9,-3.2],[0,0],[-20.2,-18.5],[-62.9,0],[0,4.2],[0.4,2.8],[-1.9,1.9],[0,0],[-3.9,-0.7],[-0.4,-3],[0,0],[0,-82.4],[39,0],[0,0],[2.3,-2.3],[3.2,0.9],[0,-0.1]],"v":[[143.35,11.4],[132.95,21.8],[76.75,3.5],[70.05,-2.5],[72.35,-11.3],[82.45,-21.6],[5.35,-51.9],[-109.45,62.9],[-108.55,76.8],[-111.35,84.2],[-118.95,86.5],[-137.05,82.8],[-144.05,75.1],[-144.55,63.3],[-144.55,63],[5.45,-87],[107.45,-46.5],[116.05,-54.9],[124.65,-57.2],[130.85,-50.7]],"c":true},"ix":2},"nm":"Path 1","mn":"ADBE Vector Shape - Group","hd":false},{"ty":"fl","c":{"a":0,"k":[0.733333333333,0.054901964524,0.513725490196,1],"ix":4},"o":{"a":0,"k":100,"ix":5},"r":1,"bm":0,"nm":"Fill 1","mn":"ADBE Vector Graphic - Fill","hd":false},{"ty":"tr","p":{"a":0,"k":[144.8,87.25],"ix":2},"a":{"a":0,"k":[0,0],"ix":1},"s":{"a":0,"k":[100,100],"ix":3},"r":{"a":0,"k":0,"ix":6},"o":{"a":0,"k":100,"ix":7},"sk":{"a":0,"k":0,"ix":4},"sa":{"a":0,"k":0,"ix":5},"nm":"Transform"}],"nm":"Group 1","np":2,"cix":2,"bm":0,"ix":1,"mn":"ADBE Vector Group","hd":false},{"ty":"gr","it":[{"ind":0,"ty":"sh","ix":1,"ks":{"a":0,"k":{"i":[[0,-3.9],[0,0],[82.4,0],[26.6,24.8],[0,0],[3.7,0.9],[0.8,3.2],[0.4,1.8],[-2.1,1.9],[-3,-0.5],[-1.8,-0.3],[-1.1,-3],[2.3,-2.3],[0,0],[-29.4,0],[0,62.9],[0.5,5.1],[-2.1,2],[-2.7,-0.5],[0,0],[-0.3,-3.8]],"o":[[0,0],[0,82.4],[-39.2,0],[0,0],[-1.9,2.1],[-3.2,-0.9],[-0.7,-3.7],[-0.5,-2.8],[1.9,-2.1],[0,0],[3.2,0.7],[0.9,3.2],[0,0],[20.2,18.6],[62.9,0],[0,-3.9],[-0.4,-2.8],[1.9,-1.9],[0,0],[3.9,0.7],[0.3,4]],"v":[[144.2,-63.4],[144.2,-62.9],[-5.8,87.1],[-108,46.6],[-116.4,55],[-125,57.3],[-131.2,50.6],[-143.7,-11.5],[-141.2,-19.4],[-133.5,-21.9],[-77.1,-3.6],[-70.4,2.4],[-72.7,11.2],[-82.8,21.3],[-5.7,51.8],[109.1,-63],[108.2,-76.9],[111,-84.5],[118.6,-86.6],[136.7,-82.9],[143.7,-75.2]],"c":true},"ix":2},"nm":"Path 1","mn":"ADBE Vector Shape - Group","hd":false},{"ty":"fl","c":{"a":0,"k":[0.733333333333,0.054901964524,0.513725490196,1],"ix":4},"o":{"a":0,"k":100,"ix":5},"r":1,"bm":0,"nm":"Fill 1","mn":"ADBE Vector Graphic - Fill","hd":false},{"ty":"tr","p":{"a":0,"k":[156.05,213.05],"ix":2},"a":{"a":0,"k":[0,0],"ix":1},"s":{"a":0,"k":[100,100],"ix":3},"r":{"a":0,"k":0,"ix":6},"o":{"a":0,"k":100,"ix":7},"sk":{"a":0,"k":0,"ix":4},"sa":{"a":0,"k":0,"ix":5},"nm":"Transform"}],"nm":"Group 2","np":2,"cix":2,"bm":0,"ix":2,"mn":"ADBE Vector Group","hd":false}],"ip":0,"op":181.000007372281,"st":0,"bm":0},{"ddd":0,"ind":2,"ty":4,"nm":"gear 01/Magellan_phone01 Outlines","sr":1,"ks":{"o":{"a":0,"k":100,"ix":11},"r":{"a":1,"k":[{"i":{"x":[0.667],"y":[1]},"o":{"x":[0.333],"y":[0]},"t":0,"s":[0]},{"i":{"x":[0.667],"y":[1]},"o":{"x":[0.333],"y":[0]},"t":31,"s":[60]},{"i":{"x":[0.667],"y":[1]},"o":{"x":[0.333],"y":[0]},"t":34,"s":[55]},{"i":{"x":[0.667],"y":[1]},"o":{"x":[0.333],"y":[0]},"t":63,"s":[120]},{"i":{"x":[0.667],"y":[1]},"o":{"x":[0.333],"y":[0]},"t":66,"s":[115]},{"i":{"x":[0.667],"y":[1]},"o":{"x":[0.333],"y":[0]},"t":92,"s":[180]},{"i":{"x":[0.667],"y":[1]},"o":{"x":[0.333],"y":[0]},"t":95,"s":[175]},{"i":{"x":[0.667],"y":[1]},"o":{"x":[0.333],"y":[0]},"t":120,"s":[240]},{"i":{"x":[0.667],"y":[1]},"o":{"x":[0.333],"y":[0]},"t":123,"s":[235]},{"i":{"x":[0.667],"y":[1]},"o":{"x":[0.333],"y":[0]},"t":148,"s":[300]},{"i":{"x":[0.667],"y":[1]},"o":{"x":[0.333],"y":[0]},"t":151,"s":[295]},{"i":{"x":[0.667],"y":[1]},"o":{"x":[0.333],"y":[0]},"t":177,"s":[360]},{"t":180.00000733155,"s":[355]}],"ix":10},"p":{"a":0,"k":[226.5,52,0],"ix":2},"a":{"a":0,"k":[149,148,0],"ix":1},"s":{"a":0,"k":[25.352,25.352,100],"ix":6}},"ao":0,"shapes":[{"ty":"gr","it":[{"ind":0,"ty":"sh","ix":1,"ks":{"a":0,"k":{"i":[[0.1,-0.1],[17.8,0],[1.8,0.2],[0,24.1],[-26,0],[0,-25.8],[3.5,-6.5]],"o":[[-7.9,14.6],[-1.8,0],[-23.5,-2.6],[0,-25.8],[25.9,0],[0,8],[0,0.1]],"v":[[41.2,22.3],[0,46.8],[-5.3,46.5],[-47,0],[0,-46.8],[46.9,0],[41.4,22]],"c":true},"ix":2},"nm":"Path 1","mn":"ADBE Vector Shape - Group","hd":false},{"ind":1,"ty":"sh","ix":2,"ks":{"a":0,"k":{"i":[[40.3,0],[0,-40.3],[-38.6,-1.9],[-1.2,0],[-1.6,38.9],[0,1]],"o":[[-40.3,0],[0,39.1],[1.2,0.1],[39.3,0],[0,-1],[0,-40.3]],"v":[[0,-73],[-73,0],[-3.6,72.9],[0,73],[72.9,3.1],[73,0]],"c":true},"ix":2},"nm":"Path 2","mn":"ADBE Vector Shape - Group","hd":false},{"ty":"mm","mm":1,"nm":"Merge Paths 1","mn":"ADBE Vector Filter - Merge","hd":false},{"ty":"fl","c":{"a":0,"k":[0.360784313725,0.784313785329,0.921568687289,1],"ix":4},"o":{"a":0,"k":100,"ix":5},"r":1,"bm":0,"nm":"Fill 1","mn":"ADBE Vector Graphic - Fill","hd":false},{"ty":"tr","p":{"a":0,"k":[148.25,147.25],"ix":2},"a":{"a":0,"k":[0,0],"ix":1},"s":{"a":0,"k":[100,100],"ix":3},"r":{"a":0,"k":0,"ix":6},"o":{"a":0,"k":100,"ix":7},"sk":{"a":0,"k":0,"ix":4},"sa":{"a":0,"k":0,"ix":5},"nm":"Transform"}],"nm":"Group 1","np":4,"cix":2,"bm":0,"ix":1,"mn":"ADBE Vector Group","hd":false},{"ty":"gr","it":[{"ind":0,"ty":"sh","ix":1,"ks":{"a":0,"k":{"i":[[30.5,0],[0,30.4],[-30.5,0],[0,-30.4]],"o":[[-30.5,0],[0,-30.4],[30.5,0],[0,30.4]],"v":[[0,55.2],[-55.3,0.1],[0,-55],[55.3,0.1]],"c":true},"ix":2},"nm":"Path 1","mn":"ADBE Vector Shape - Group","hd":false},{"ind":1,"ty":"sh","ix":2,"ks":{"a":0,"k":{"i":[[0,6.7],[0,0],[6.6,0],[0,0],[4.8,8.4],[0,0],[4.7,4.7],[0,0],[4.7,-4.7],[0,0],[9.4,2.7],[0,0],[6.6,0],[0,0],[0,-6.6],[0,0],[8.5,-4.7],[0,0],[4.7,-4.7],[0,0],[-4.7,-4.7],[0,0],[2.7,-9.5],[0,0],[0,-6.6],[0,0],[-6.6,0],[0,0],[-4.7,-8.4],[0,0],[-4.7,-4.7],[0,0],[-4.7,4.7],[0,0],[-9.5,-2.6],[0,0],[-6.6,0],[0,0],[0,6.6],[0,0],[-8.4,4.7],[0,0],[-4.7,4.7],[0,0],[4.7,4.6],[0,0],[-2.7,9.5],[0,0]],"o":[[0,0],[0,-6.6],[0,0],[-2.7,-9.4],[0,0],[4.7,-4.7],[0,0],[-4.7,-4.7],[0,0],[-8.4,-4.7],[0,0],[0,-6.6],[0,0],[-6.6,0],[0,0],[-9.5,2.7],[0,0],[-4.7,-4.7],[0,0],[-4.7,4.7],[0,0],[-4.7,8.4],[0,0],[-6.6,0],[0,0],[0,6.6],[0,0],[2.7,9.4],[0,0],[-4.7,4.7],[0,0],[4.7,4.7],[0,0],[8.4,4.7],[0,0],[0,6.6],[0,0],[6.6,0],[0,0],[9.5,-2.7],[0,0],[4.7,4.7],[0,0],[4.7,-4.7],[0,0],[4.7,-8.4],[0,0],[6.7,-0.1]],"v":[[148.3,21.6],[148.3,-21.6],[136.3,-33.6],[119.8,-33.6],[108.6,-60.4],[120.2,-71.9],[120.2,-88.9],[89.4,-119.5],[72.5,-119.5],[60.8,-107.8],[33.9,-118.9],[33.9,-135.3],[21.9,-147.3],[-21.7,-147.3],[-33.7,-135.3],[-33.7,-118.9],[-60.7,-107.8],[-72.4,-119.4],[-89.3,-119.4],[-120.1,-88.8],[-120.1,-71.8],[-108.6,-60.3],[-119.8,-33.5],[-136.3,-33.5],[-148.3,-21.5],[-148.3,21.7],[-136.3,33.7],[-119.8,33.7],[-108.6,60.5],[-120.2,72],[-120.2,89],[-89.4,119.6],[-72.5,119.6],[-60.8,107.9],[-33.8,119],[-33.8,135.3],[-21.8,147.3],[21.8,147.3],[33.8,135.3],[33.8,119],[60.7,107.9],[72.4,119.6],[89.3,119.6],[120.1,89],[120.1,72],[108.5,60.5],[119.7,33.7],[136.2,33.7]],"c":true},"ix":2},"nm":"Path 2","mn":"ADBE Vector Shape - Group","hd":false},{"ty":"mm","mm":1,"nm":"Merge Paths 1","mn":"ADBE Vector Filter - Merge","hd":false},{"ty":"fl","c":{"a":0,"k":[0,0.443137284821,0.745098039216,1],"ix":4},"o":{"a":0,"k":100,"ix":5},"r":1,"bm":0,"nm":"Fill 1","mn":"ADBE Vector Graphic - Fill","hd":false},{"ty":"tr","p":{"a":0,"k":[148.55,147.55],"ix":2},"a":{"a":0,"k":[0,0],"ix":1},"s":{"a":0,"k":[100,100],"ix":3},"r":{"a":0,"k":0,"ix":6},"o":{"a":0,"k":100,"ix":7},"sk":{"a":0,"k":0,"ix":4},"sa":{"a":0,"k":0,"ix":5},"nm":"Transform"}],"nm":"Group 2","np":4,"cix":2,"bm":0,"ix":2,"mn":"ADBE Vector Group","hd":false}],"ip":0,"op":181.000007372281,"st":0,"bm":0},{"ddd":0,"ind":3,"ty":4,"nm":"gear 03/Magellan_phone01 Outlines","sr":1,"ks":{"o":{"a":0,"k":100,"ix":11},"r":{"a":1,"k":[{"i":{"x":[0.667],"y":[1]},"o":{"x":[0.167],"y":[0]},"t":0,"s":[0]},{"i":{"x":[0.667],"y":[1]},"o":{"x":[0.333],"y":[0]},"t":31,"s":[-60]},{"i":{"x":[0.667],"y":[1]},"o":{"x":[0.333],"y":[0]},"t":34,"s":[-55]},{"i":{"x":[0.667],"y":[1]},"o":{"x":[0.333],"y":[0]},"t":63,"s":[-120]},{"i":{"x":[0.667],"y":[1]},"o":{"x":[0.333],"y":[0]},"t":66,"s":[-115]},{"i":{"x":[0.667],"y":[1]},"o":{"x":[0.333],"y":[0]},"t":92,"s":[-180]},{"i":{"x":[0.667],"y":[1]},"o":{"x":[0.333],"y":[0]},"t":95,"s":[-175]},{"i":{"x":[0.667],"y":[1]},"o":{"x":[0.333],"y":[0]},"t":120,"s":[-240]},{"i":{"x":[0.667],"y":[1]},"o":{"x":[0.333],"y":[0]},"t":123,"s":[-235]},{"i":{"x":[0.667],"y":[1]},"o":{"x":[0.333],"y":[0]},"t":148,"s":[-300]},{"i":{"x":[0.667],"y":[1]},"o":{"x":[0.333],"y":[0]},"t":151,"s":[-295]},{"i":{"x":[0.833],"y":[1]},"o":{"x":[0.333],"y":[0]},"t":177,"s":[-360]},{"t":180.00000733155,"s":[-355]}],"ix":10},"p":{"a":0,"k":[269.5,98,0],"ix":2},"a":{"a":0,"k":[86.5,86,0],"ix":1},"s":{"a":0,"k":[25.352,25.352,100],"ix":6}},"ao":0,"shapes":[{"ty":"gr","it":[{"ind":0,"ty":"sh","ix":1,"ks":{"a":0,"k":{"i":[[0,-0.1],[10.3,0],[1,0.1],[0,14],[-15,0],[0,-15],[2,-3.8]],"o":[[-4.6,8.5],[-1,0],[-13.6,-1.5],[0,-15],[15,0],[0,4.6],[0,0]],"v":[[23.95,13],[0.05,27.2],[-2.95,27],[-27.15,0],[0.05,-27.2],[27.25,0],[24.05,12.8]],"c":true},"ix":2},"nm":"Path 1","mn":"ADBE Vector Shape - Group","hd":false},{"ind":1,"ty":"sh","ix":2,"ks":{"a":0,"k":{"i":[[23.4,0],[0,-23.4],[-22.5,-1.1],[-0.7,0],[-0.9,22.5],[0,0]],"o":[[-23.4,0],[0,22.7],[0.7,0],[22.8,0],[0,0],[0,-23.5]],"v":[[0.05,-42.4],[-42.35,0],[-2.05,42.3],[0.05,42.4],[42.35,1.9],[42.35,0.1]],"c":true},"ix":2},"nm":"Path 2","mn":"ADBE Vector Shape - Group","hd":false},{"ty":"mm","mm":1,"nm":"Merge Paths 1","mn":"ADBE Vector Filter - Merge","hd":false},{"ty":"fl","c":{"a":0,"k":[0,0.443137284821,0.745098039216,1],"ix":4},"o":{"a":0,"k":100,"ix":5},"r":1,"bm":0,"nm":"Fill 1","mn":"ADBE Vector Graphic - Fill","hd":false},{"ty":"tr","p":{"a":0,"k":[86.1,85.55],"ix":2},"a":{"a":0,"k":[0,0],"ix":1},"s":{"a":0,"k":[100,100],"ix":3},"r":{"a":0,"k":0,"ix":6},"o":{"a":0,"k":100,"ix":7},"sk":{"a":0,"k":0,"ix":4},"sa":{"a":0,"k":0,"ix":5},"nm":"Transform"}],"nm":"Group 1","np":4,"cix":2,"bm":0,"ix":1,"mn":"ADBE Vector Group","hd":false},{"ty":"gr","it":[{"ind":0,"ty":"sh","ix":1,"ks":{"a":0,"k":{"i":[[17.7,0],[0,17.7],[-17.7,0],[0,-17.7]],"o":[[-17.7,0],[0,-17.7],[17.7,0],[-0.1,17.7]],"v":[[0.05,32.05],[-32.05,0.05],[0.05,-31.95],[32.15,0.05]],"c":true},"ix":2},"nm":"Path 1","mn":"ADBE Vector Shape - Group","hd":false},{"ind":1,"ty":"sh","ix":2,"ks":{"a":0,"k":{"i":[[0,3.9],[0,0],[3.9,0],[0,0],[2.8,4.8],[0,0],[2.7,2.7],[0,0],[2.7,-2.7],[0,0],[5.5,1.5],[0,0],[3.9,0],[0,0],[0,-3.9],[0,0],[4.9,-2.7],[0,0],[2.7,-2.7],[0,0],[-2.7,-2.7],[0,0],[1.6,-5.4],[0,0],[0,-3.9],[0,0],[-3.9,0],[0,0],[-2.8,-4.8],[0,0],[-2.7,-2.7],[0,0],[-2.7,2.7],[0,0],[-5.5,-1.6],[0,0],[-3.9,0],[0,0],[0,3.9],[0,0],[-4.9,2.8],[0,0],[-2.7,2.7],[0,0],[2.7,2.7],[0,0],[-1.6,5.4],[0,0]],"o":[[0,0],[0,-3.8],[0,0],[-1.6,-5.5],[0,0],[2.7,-2.7],[0,0],[-2.7,-2.7],[0,0],[-4.9,-2.7],[0,0],[0,-3.8],[0,0],[-3.8,0],[0,0],[-5.5,1.5],[0,0],[-2.7,-2.7],[0,0],[-2.7,2.7],[0,0],[-2.7,4.9],[0,0],[-3.8,0],[0,0],[0,3.8],[0,0],[1.6,5.5],[0,0],[-2.7,2.7],[0,0],[2.7,2.7],[0,0],[4.9,2.7],[0,0],[0,3.8],[0,0],[3.8,0],[0,0],[5.5,-1.6],[0,0],[2.7,2.7],[0,0],[2.7,-2.7],[0,0],[2.7,-4.9],[0,0],[3.7,0.1]],"v":[[86.05,12.55],[86.05,-12.45],[79.05,-19.45],[69.45,-19.45],[62.95,-34.95],[69.65,-41.65],[69.65,-51.55],[51.75,-69.25],[41.95,-69.25],[35.15,-62.45],[19.55,-68.85],[19.55,-78.45],[12.55,-85.45],[-12.75,-85.45],[-19.75,-78.45],[-19.75,-68.95],[-35.35,-62.55],[-42.15,-69.35],[-51.95,-69.35],[-69.85,-51.65],[-69.85,-41.75],[-63.15,-35.05],[-69.65,-19.55],[-79.05,-19.55],[-86.05,-12.55],[-86.05,12.45],[-79.05,19.45],[-69.45,19.45],[-62.95,34.95],[-69.65,41.65],[-69.65,51.55],[-51.75,69.25],[-41.95,69.25],[-35.15,62.45],[-19.55,68.95],[-19.55,78.45],[-12.55,85.45],[12.75,85.45],[19.75,78.45],[19.75,68.95],[35.35,62.45],[42.15,69.25],[51.95,69.25],[69.85,51.55],[69.85,41.65],[63.15,34.95],[69.65,19.45],[79.25,19.45]],"c":true},"ix":2},"nm":"Path 2","mn":"ADBE Vector Shape - Group","hd":false},{"ty":"mm","mm":1,"nm":"Merge Paths 1","mn":"ADBE Vector Filter - Merge","hd":false},{"ty":"fl","c":{"a":0,"k":[0.360784313725,0.784313785329,0.921568687289,1],"ix":4},"o":{"a":0,"k":100,"ix":5},"r":1,"bm":0,"nm":"Fill 1","mn":"ADBE Vector Graphic - Fill","hd":false},{"ty":"tr","p":{"a":0,"k":[86.3,85.7],"ix":2},"a":{"a":0,"k":[0,0],"ix":1},"s":{"a":0,"k":[100,100],"ix":3},"r":{"a":0,"k":0,"ix":6},"o":{"a":0,"k":100,"ix":7},"sk":{"a":0,"k":0,"ix":4},"sa":{"a":0,"k":0,"ix":5},"nm":"Transform"}],"nm":"Group 2","np":4,"cix":2,"bm":0,"ix":2,"mn":"ADBE Vector Group","hd":false}],"ip":0,"op":181.000007372281,"st":0,"bm":0},{"ddd":0,"ind":4,"ty":4,"nm":"gear 04/Magellan_phone01 Outlines","sr":1,"ks":{"o":{"a":0,"k":100,"ix":11},"r":{"a":1,"k":[{"i":{"x":[0.667],"y":[1]},"o":{"x":[0.333],"y":[0]},"t":0,"s":[0]},{"i":{"x":[0.667],"y":[1]},"o":{"x":[0.333],"y":[0]},"t":31,"s":[60]},{"i":{"x":[0.667],"y":[1]},"o":{"x":[0.333],"y":[0]},"t":34,"s":[55]},{"i":{"x":[0.667],"y":[1]},"o":{"x":[0.333],"y":[0]},"t":63,"s":[120]},{"i":{"x":[0.667],"y":[1]},"o":{"x":[0.333],"y":[0]},"t":66,"s":[115]},{"i":{"x":[0.667],"y":[1]},"o":{"x":[0.333],"y":[0]},"t":92,"s":[180]},{"i":{"x":[0.667],"y":[1]},"o":{"x":[0.333],"y":[0]},"t":95,"s":[175]},{"i":{"x":[0.667],"y":[1]},"o":{"x":[0.333],"y":[0]},"t":120,"s":[240]},{"i":{"x":[0.667],"y":[1]},"o":{"x":[0.333],"y":[0]},"t":123,"s":[235]},{"i":{"x":[0.667],"y":[1]},"o":{"x":[0.333],"y":[0]},"t":148,"s":[300]},{"i":{"x":[0.667],"y":[1]},"o":{"x":[0.333],"y":[0]},"t":151,"s":[295]},{"i":{"x":[0.667],"y":[1]},"o":{"x":[0.333],"y":[0]},"t":177,"s":[360]},{"t":180.00000733155,"s":[355]}],"ix":10},"p":{"a":0,"k":[226,114.5,0],"ix":2},"a":{"a":0,"k":[86.5,86,0],"ix":1},"s":{"a":0,"k":[25.352,25.352,100],"ix":6}},"ao":0,"shapes":[{"ty":"gr","it":[{"ind":0,"ty":"sh","ix":1,"ks":{"a":0,"k":{"i":[[0,-0.1],[10.3,0],[1,0.1],[0,14],[-15,0],[0,-15],[2,-3.8]],"o":[[-4.6,8.5],[-1,0],[-13.6,-1.5],[0,-15],[15,0],[0,4.6],[0,0]],"v":[[23.95,13],[0.05,27.2],[-2.95,27],[-27.15,0],[0.05,-27.2],[27.25,0],[24.05,12.8]],"c":true},"ix":2},"nm":"Path 1","mn":"ADBE Vector Shape - Group","hd":false},{"ind":1,"ty":"sh","ix":2,"ks":{"a":0,"k":{"i":[[23.4,0],[0,-23.4],[-22.5,-1.1],[-0.7,0],[-0.9,22.5],[0,0]],"o":[[-23.4,0],[0,22.7],[0.7,0],[22.8,0],[0,0],[0,-23.5]],"v":[[0.05,-42.4],[-42.35,0],[-2.05,42.3],[0.05,42.4],[42.35,1.9],[42.35,0.1]],"c":true},"ix":2},"nm":"Path 2","mn":"ADBE Vector Shape - Group","hd":false},{"ty":"mm","mm":1,"nm":"Merge Paths 1","mn":"ADBE Vector Filter - Merge","hd":false},{"ty":"fl","c":{"a":0,"k":[0,0.443137284821,0.745098039216,1],"ix":4},"o":{"a":0,"k":100,"ix":5},"r":1,"bm":0,"nm":"Fill 1","mn":"ADBE Vector Graphic - Fill","hd":false},{"ty":"tr","p":{"a":0,"k":[86.1,85.55],"ix":2},"a":{"a":0,"k":[0,0],"ix":1},"s":{"a":0,"k":[100,100],"ix":3},"r":{"a":0,"k":0,"ix":6},"o":{"a":0,"k":100,"ix":7},"sk":{"a":0,"k":0,"ix":4},"sa":{"a":0,"k":0,"ix":5},"nm":"Transform"}],"nm":"Group 1","np":4,"cix":2,"bm":0,"ix":1,"mn":"ADBE Vector Group","hd":false},{"ty":"gr","it":[{"ind":0,"ty":"sh","ix":1,"ks":{"a":0,"k":{"i":[[17.7,0],[0,17.7],[-17.7,0],[0,-17.7]],"o":[[-17.7,0],[0,-17.7],[17.7,0],[-0.1,17.7]],"v":[[0.05,32.05],[-32.05,0.05],[0.05,-31.95],[32.15,0.05]],"c":true},"ix":2},"nm":"Path 1","mn":"ADBE Vector Shape - Group","hd":false},{"ind":1,"ty":"sh","ix":2,"ks":{"a":0,"k":{"i":[[0,3.9],[0,0],[3.9,0],[0,0],[2.8,4.8],[0,0],[2.7,2.7],[0,0],[2.7,-2.7],[0,0],[5.5,1.5],[0,0],[3.9,0],[0,0],[0,-3.9],[0,0],[4.9,-2.7],[0,0],[2.7,-2.7],[0,0],[-2.7,-2.7],[0,0],[1.6,-5.4],[0,0],[0,-3.9],[0,0],[-3.9,0],[0,0],[-2.8,-4.8],[0,0],[-2.7,-2.7],[0,0],[-2.7,2.7],[0,0],[-5.5,-1.6],[0,0],[-3.9,0],[0,0],[0,3.9],[0,0],[-4.9,2.8],[0,0],[-2.7,2.7],[0,0],[2.7,2.7],[0,0],[-1.6,5.4],[0,0]],"o":[[0,0],[0,-3.8],[0,0],[-1.6,-5.5],[0,0],[2.7,-2.7],[0,0],[-2.7,-2.7],[0,0],[-4.9,-2.7],[0,0],[0,-3.8],[0,0],[-3.8,0],[0,0],[-5.5,1.5],[0,0],[-2.7,-2.7],[0,0],[-2.7,2.7],[0,0],[-2.7,4.9],[0,0],[-3.8,0],[0,0],[0,3.8],[0,0],[1.6,5.5],[0,0],[-2.7,2.7],[0,0],[2.7,2.7],[0,0],[4.9,2.7],[0,0],[0,3.8],[0,0],[3.8,0],[0,0],[5.5,-1.6],[0,0],[2.7,2.7],[0,0],[2.7,-2.7],[0,0],[2.7,-4.9],[0,0],[3.7,0.1]],"v":[[86.05,12.55],[86.05,-12.45],[79.05,-19.45],[69.45,-19.45],[62.95,-34.95],[69.65,-41.65],[69.65,-51.55],[51.75,-69.25],[41.95,-69.25],[35.15,-62.45],[19.55,-68.85],[19.55,-78.45],[12.55,-85.45],[-12.75,-85.45],[-19.75,-78.45],[-19.75,-68.95],[-35.35,-62.55],[-42.15,-69.35],[-51.95,-69.35],[-69.85,-51.65],[-69.85,-41.75],[-63.15,-35.05],[-69.65,-19.55],[-79.05,-19.55],[-86.05,-12.55],[-86.05,12.45],[-79.05,19.45],[-69.45,19.45],[-62.95,34.95],[-69.65,41.65],[-69.65,51.55],[-51.75,69.25],[-41.95,69.25],[-35.15,62.45],[-19.55,68.95],[-19.55,78.45],[-12.55,85.45],[12.75,85.45],[19.75,78.45],[19.75,68.95],[35.35,62.45],[42.15,69.25],[51.95,69.25],[69.85,51.55],[69.85,41.65],[63.15,34.95],[69.65,19.45],[79.25,19.45]],"c":true},"ix":2},"nm":"Path 2","mn":"ADBE Vector Shape - Group","hd":false},{"ty":"mm","mm":1,"nm":"Merge Paths 1","mn":"ADBE Vector Filter - Merge","hd":false},{"ty":"fl","c":{"a":0,"k":[0.360784313725,0.784313785329,0.921568687289,1],"ix":4},"o":{"a":0,"k":100,"ix":5},"r":1,"bm":0,"nm":"Fill 1","mn":"ADBE Vector Graphic - Fill","hd":false},{"ty":"tr","p":{"a":0,"k":[86.3,85.7],"ix":2},"a":{"a":0,"k":[0,0],"ix":1},"s":{"a":0,"k":[100,100],"ix":3},"r":{"a":0,"k":0,"ix":6},"o":{"a":0,"k":100,"ix":7},"sk":{"a":0,"k":0,"ix":4},"sa":{"a":0,"k":0,"ix":5},"nm":"Transform"}],"nm":"Group 2","np":4,"cix":2,"bm":0,"ix":2,"mn":"ADBE Vector Group","hd":false}],"ip":0,"op":181.000007372281,"st":0,"bm":0},{"ddd":0,"ind":5,"ty":4,"nm":"gear 02/Magellan_phone01 Outlines","sr":1,"ks":{"o":{"a":0,"k":100,"ix":11},"r":{"a":1,"k":[{"i":{"x":[0.667],"y":[1]},"o":{"x":[0.333],"y":[0]},"t":0,"s":[0]},{"i":{"x":[0.667],"y":[1.096]},"o":{"x":[0.333],"y":[0]},"t":31,"s":[-60]},{"i":{"x":[0.667],"y":[1]},"o":{"x":[0.333],"y":[0.071]},"t":34,"s":[-55]},{"i":{"x":[0.667],"y":[1.115]},"o":{"x":[0.333],"y":[0]},"t":63,"s":[-120]},{"i":{"x":[0.667],"y":[1]},"o":{"x":[0.333],"y":[0.077]},"t":66,"s":[-115]},{"i":{"x":[0.833],"y":[1]},"o":{"x":[0.333],"y":[0]},"t":92,"s":[-180]},{"i":{"x":[0.833],"y":[1]},"o":{"x":[0.167],"y":[0]},"t":95,"s":[-175]},{"i":{"x":[0.833],"y":[1]},"o":{"x":[0.167],"y":[0]},"t":120,"s":[-240]},{"i":{"x":[0.833],"y":[1]},"o":{"x":[0.167],"y":[0]},"t":123,"s":[-235]},{"i":{"x":[0.833],"y":[1]},"o":{"x":[0.167],"y":[0]},"t":148,"s":[-300]},{"i":{"x":[0.833],"y":[1]},"o":{"x":[0.167],"y":[0]},"t":151,"s":[-295]},{"i":{"x":[0.833],"y":[1]},"o":{"x":[0.167],"y":[0]},"t":177,"s":[-360]},{"t":180.00000733155,"s":[-355]}],"ix":10,"x":"var $bm_rt;\n$bm_rt = transform.rotation;"},"p":{"a":0,"k":[57.5,180,0],"ix":2},"a":{"a":0,"k":[108.5,108,0],"ix":1},"s":{"a":0,"k":[25.352,25.352,100],"ix":6,"x":"var $bm_rt;\n$bm_rt = transform.scale;"}},"ao":0,"shapes":[{"ty":"gr","it":[{"ind":0,"ty":"sh","ix":1,"ks":{"a":0,"k":{"i":[[0,0],[13,0],[1.2,0.1],[0,17.5],[-19,0],[0,-18.8],[2.5,-4.8]],"o":[[-5.8,10.6],[-1.3,0],[-17.1,-1.9],[0,-18.9],[19,0],[0,5.8],[-0.1,0.1]],"v":[[30.15,16.2],[0.05,34],[-3.75,33.8],[-34.15,-0.1],[0.15,-34.2],[34.35,-0.1],[30.35,16]],"c":true},"ix":2},"nm":"Path 1","mn":"ADBE Vector Shape - Group","hd":false},{"ind":1,"ty":"sh","ix":2,"ks":{"a":0,"k":{"i":[[29.4,0],[0,-29.5],[-28.2,-1.4],[-0.9,0],[-1.2,28.4],[0,0]],"o":[[-29.4,0],[0,28.5],[0.9,0],[28.6,0],[0,0],[0.1,-29.5]],"v":[[0.05,-53.3],[-53.25,0],[-2.65,53.2],[-0.05,53.3],[53.15,2.3],[53.15,0]],"c":true},"ix":2},"nm":"Path 2","mn":"ADBE Vector Shape - Group","hd":false},{"ty":"mm","mm":1,"nm":"Merge Paths 1","mn":"ADBE Vector Filter - Merge","hd":false},{"ty":"fl","c":{"a":0,"k":[0,0.443137284821,0.745098039216,1],"ix":4},"o":{"a":0,"k":100,"ix":5},"r":1,"bm":0,"nm":"Fill 1","mn":"ADBE Vector Graphic - Fill","hd":false},{"ty":"tr","p":{"a":0,"k":[108.2,107.55],"ix":2},"a":{"a":0,"k":[0,0],"ix":1},"s":{"a":0,"k":[100,100],"ix":3},"r":{"a":0,"k":0,"ix":6},"o":{"a":0,"k":100,"ix":7},"sk":{"a":0,"k":0,"ix":4},"sa":{"a":0,"k":0,"ix":5},"nm":"Transform"}],"nm":"Group 1","np":4,"cix":2,"bm":0,"ix":1,"mn":"ADBE Vector Group","hd":false},{"ty":"gr","it":[{"ind":0,"ty":"sh","ix":1,"ks":{"a":0,"k":{"i":[[22.3,0],[0,22.2],[-22.2,0],[0,-22.2]],"o":[[-22.3,0],[0,-22.2],[22.3,0],[0,22.2]],"v":[[0,40.2],[-40.3,0],[0,-40.2],[40.3,0]],"c":true},"ix":2},"nm":"Path 1","mn":"ADBE Vector Shape - Group","hd":false},{"ind":1,"ty":"sh","ix":2,"ks":{"a":0,"k":{"i":[[0,4.9],[0,0],[4.9,0],[0,0],[3.5,6.1],[0,0],[3.4,3.4],[0,0],[3.4,-3.4],[0,0],[7,1.9],[0,0],[4.9,0],[0,0],[0,-4.9],[0,0],[6.2,-3.4],[0,0],[3.5,-3.4],[0,0],[-3.4,-3.4],[0,0],[2,-6.8],[0,0],[0,-4.9],[0,0],[-4.9,0],[0,0],[-3.5,-6.1],[0,0],[-3.4,-3.4],[0,0],[-3.5,3.4],[0,0],[-7,-1.9],[0,0],[-4.9,0],[0,0],[0,4.9],[0,0],[-6.2,3.4],[0,0],[-3.4,3.4],[0,0],[3.4,3.4],[0,0],[-2,6.8],[0,0]],"o":[[0,0],[0,-4.8],[0,0],[-1.9,-6.9],[0,0],[3.4,-3.4],[0,0],[-3.4,-3.4],[0,0],[-6.1,-3.4],[0,0],[0,-4.8],[0,0],[-4.8,0],[0,0],[-6.9,1.9],[0,0],[-3.4,-3.4],[0,0],[-3.4,3.4],[0,0],[-3.5,6.1],[0,0],[-4.8,0],[0,0],[0,4.8],[0,0],[2,6.9],[0,0],[-3.4,3.4],[0,0],[3.4,3.4],[0,0],[6.2,3.4],[0,0],[0,4.8],[0,0],[4.8,0],[0,0],[6.9,-2],[0,0],[3.4,3.4],[0,0],[3.4,-3.4],[0,0],[3.5,-6.1],[0,0],[4.5,-0.1]],"v":[[108.2,15.7],[108.2,-15.8],[99.4,-24.6],[87.3,-24.6],[79.1,-44.1],[87.6,-52.5],[87.6,-64.9],[65.1,-87.2],[52.8,-87.2],[44.2,-78.7],[24.5,-86.8],[24.5,-98.7],[15.7,-107.5],[-16.1,-107.5],[-24.9,-98.7],[-24.9,-86.8],[-44.6,-78.7],[-53.2,-87.2],[-65.6,-87.2],[-88.1,-64.9],[-88.1,-52.5],[-79.6,-44.1],[-87.8,-24.6],[-99.4,-24.6],[-108.2,-15.8],[-108.2,15.7],[-99.4,24.5],[-87.3,24.5],[-79.1,44],[-87.6,52.4],[-87.6,64.8],[-65.2,87.2],[-52.8,87.2],[-44.2,78.7],[-24.5,86.8],[-24.5,98.7],[-15.7,107.5],[16.1,107.5],[24.9,98.7],[24.9,86.8],[44.6,78.7],[53.2,87.2],[65.5,87.2],[88,64.9],[88,52.5],[79.5,44.1],[87.7,24.6],[99.8,24.6]],"c":true},"ix":2},"nm":"Path 2","mn":"ADBE Vector Shape - Group","hd":false},{"ty":"mm","mm":1,"nm":"Merge Paths 1","mn":"ADBE Vector Filter - Merge","hd":false},{"ty":"fl","c":{"a":0,"k":[0.360784313725,0.784313785329,0.921568687289,1],"ix":4},"o":{"a":0,"k":100,"ix":5},"r":1,"bm":0,"nm":"Fill 1","mn":"ADBE Vector Graphic - Fill","hd":false},{"ty":"tr","p":{"a":0,"k":[108.45,107.75],"ix":2},"a":{"a":0,"k":[0,0],"ix":1},"s":{"a":0,"k":[100,100],"ix":3},"r":{"a":0,"k":0,"ix":6},"o":{"a":0,"k":100,"ix":7},"sk":{"a":0,"k":0,"ix":4},"sa":{"a":0,"k":0,"ix":5},"nm":"Transform"}],"nm":"Group 2","np":4,"cix":2,"bm":0,"ix":2,"mn":"ADBE Vector Group","hd":false}],"ip":0,"op":181.000007372281,"st":0,"bm":0},{"ddd":0,"ind":6,"ty":4,"nm":"gear 05/Magellan_phone01 Outlines","sr":1,"ks":{"o":{"a":0,"k":100,"ix":11},"r":{"a":1,"k":[{"i":{"x":[0.667],"y":[1]},"o":{"x":[0.333],"y":[0]},"t":0,"s":[0]},{"i":{"x":[0.653],"y":[1.239]},"o":{"x":[0.318],"y":[0]},"t":31,"s":[60]},{"i":{"x":[0.695],"y":[1.199]},"o":{"x":[0.321],"y":[0.165]},"t":34,"s":[55]},{"i":{"x":[0.682],"y":[0.819]},"o":{"x":[0.35],"y":[0.308]},"t":63,"s":[120]},{"i":{"x":[0.833],"y":[1]},"o":{"x":[0.402],"y":[-0.153]},"t":66,"s":[115]},{"i":{"x":[0.833],"y":[1]},"o":{"x":[0.167],"y":[0]},"t":92,"s":[180]},{"i":{"x":[0.833],"y":[1]},"o":{"x":[0.167],"y":[0]},"t":95,"s":[175]},{"i":{"x":[0.833],"y":[1]},"o":{"x":[0.167],"y":[0]},"t":120,"s":[240]},{"i":{"x":[0.833],"y":[1]},"o":{"x":[0.167],"y":[0]},"t":123,"s":[235]},{"i":{"x":[0.833],"y":[1]},"o":{"x":[0.167],"y":[0]},"t":148,"s":[300]},{"i":{"x":[0.833],"y":[1]},"o":{"x":[0.167],"y":[0]},"t":151,"s":[295]},{"i":{"x":[0.833],"y":[1]},"o":{"x":[0.167],"y":[0]},"t":177,"s":[360]},{"t":180.00000733155,"s":[355]}],"ix":10},"p":{"a":0,"k":[74,244.5,0],"ix":2},"a":{"a":0,"k":[149,147.5,0],"ix":1},"s":{"a":0,"k":[25.352,25.352,100],"ix":6}},"ao":0,"shapes":[{"ty":"gr","it":[{"ind":0,"ty":"sh","ix":1,"ks":{"a":0,"k":{"i":[[0.1,-0.1],[17.8,0],[1.8,0.2],[0,24.1],[-26,0],[0,-25.8],[3.5,-6.5]],"o":[[-7.9,14.6],[-1.8,0],[-23.5,-2.6],[0,-25.8],[25.9,0],[0,8],[0,0.1]],"v":[[41.2,22.3],[0,46.8],[-5.3,46.5],[-47,0],[0,-46.8],[46.9,0],[41.4,22]],"c":true},"ix":2},"nm":"Path 1","mn":"ADBE Vector Shape - Group","hd":false},{"ind":1,"ty":"sh","ix":2,"ks":{"a":0,"k":{"i":[[40.3,0],[0,-40.3],[-38.6,-1.9],[-1.2,0],[-1.6,38.9],[0,1]],"o":[[-40.3,0],[0,39.1],[1.2,0.1],[39.3,0],[0,-1],[0,-40.3]],"v":[[0,-73],[-73,0],[-3.6,72.9],[0,73],[72.9,3.1],[73,0]],"c":true},"ix":2},"nm":"Path 2","mn":"ADBE Vector Shape - Group","hd":false},{"ty":"mm","mm":1,"nm":"Merge Paths 1","mn":"ADBE Vector Filter - Merge","hd":false},{"ty":"fl","c":{"a":0,"k":[0.360784313725,0.784313785329,0.921568687289,1],"ix":4},"o":{"a":0,"k":100,"ix":5},"r":1,"bm":0,"nm":"Fill 1","mn":"ADBE Vector Graphic - Fill","hd":false},{"ty":"tr","p":{"a":0,"k":[148.25,147.25],"ix":2},"a":{"a":0,"k":[0,0],"ix":1},"s":{"a":0,"k":[100,100],"ix":3},"r":{"a":0,"k":0,"ix":6},"o":{"a":0,"k":100,"ix":7},"sk":{"a":0,"k":0,"ix":4},"sa":{"a":0,"k":0,"ix":5},"nm":"Transform"}],"nm":"Group 1","np":4,"cix":2,"bm":0,"ix":1,"mn":"ADBE Vector Group","hd":false},{"ty":"gr","it":[{"ind":0,"ty":"sh","ix":1,"ks":{"a":0,"k":{"i":[[30.5,0],[0,30.4],[-30.5,0],[0,-30.4]],"o":[[-30.5,0],[0,-30.4],[30.5,0],[0,30.4]],"v":[[0,55.25],[-55.3,0.15],[0,-54.95],[55.3,0.15]],"c":true},"ix":2},"nm":"Path 1","mn":"ADBE Vector Shape - Group","hd":false},{"ind":1,"ty":"sh","ix":2,"ks":{"a":0,"k":{"i":[[0,6.7],[0,0],[6.6,0],[0,0],[4.8,8.4],[0,0],[4.7,4.7],[0,0],[4.7,-4.7],[0,0],[9.4,2.7],[0,0],[6.6,0],[0,0],[0,-6.6],[0,0],[8.5,-4.7],[0,0],[4.7,-4.7],[0,0],[-4.7,-4.7],[0,0],[2.7,-9.5],[0,0],[0,-6.6],[0,0],[-6.6,0],[0,0],[-4.7,-8.4],[0,0],[-4.7,-4.7],[0,0],[-4.7,4.7],[0,0],[-9.5,-2.7],[0,0],[-6.6,0],[0,0],[0,6.6],[0,0],[-8.4,4.7],[0,0],[-4.7,4.7],[0,0],[4.7,4.7],[0,0],[-2.7,9.5],[0,0]],"o":[[0,0],[0,-6.6],[0,0],[-2.7,-9.4],[0,0],[4.7,-4.7],[0,0],[-4.7,-4.7],[0,0],[-8.4,-4.7],[0,0],[0,-6.6],[0,0],[-6.6,0],[0,0],[-9.5,2.7],[0,0],[-4.7,-4.7],[0,0],[-4.7,4.7],[0,0],[-4.7,8.4],[0,0],[-6.6,0],[0,0],[0,6.6],[0,0],[2.7,9.4],[0,0],[-4.7,4.7],[0,0],[4.7,4.7],[0,0],[8.4,4.7],[0,0],[0,6.6],[0,0],[6.6,0],[0,0],[9.5,-2.7],[0,0],[4.7,4.7],[0,0],[4.7,-4.7],[0,0],[4.7,-8.4],[0,0],[6.7,0]],"v":[[148.3,21.65],[148.3,-21.55],[136.3,-33.55],[119.8,-33.55],[108.6,-60.35],[120.2,-71.85],[120.2,-88.85],[89.4,-119.45],[72.5,-119.45],[60.8,-107.75],[33.9,-118.85],[33.9,-135.25],[21.9,-147.25],[-21.7,-147.25],[-33.7,-135.25],[-33.7,-118.85],[-60.7,-107.75],[-72.4,-119.45],[-89.3,-119.45],[-120.1,-88.85],[-120.1,-71.85],[-108.5,-60.35],[-119.7,-33.55],[-136.3,-33.55],[-148.3,-21.55],[-148.3,21.65],[-136.3,33.65],[-119.8,33.65],[-108.6,60.45],[-120.2,71.95],[-120.2,88.95],[-89.4,119.55],[-72.5,119.55],[-60.8,107.85],[-33.8,118.95],[-33.8,135.25],[-21.8,147.25],[21.8,147.25],[33.8,135.25],[33.8,118.95],[60.7,107.85],[72.4,119.55],[89.3,119.55],[120.1,88.95],[120.1,71.95],[108.5,60.45],[119.7,33.65],[136.2,33.65]],"c":true},"ix":2},"nm":"Path 2","mn":"ADBE Vector Shape - Group","hd":false},{"ty":"mm","mm":1,"nm":"Merge Paths 1","mn":"ADBE Vector Filter - Merge","hd":false},{"ty":"fl","c":{"a":0,"k":[0,0.443137284821,0.745098039216,1],"ix":4},"o":{"a":0,"k":100,"ix":5},"r":1,"bm":0,"nm":"Fill 1","mn":"ADBE Vector Graphic - Fill","hd":false},{"ty":"tr","p":{"a":0,"k":[148.55,147.5],"ix":2},"a":{"a":0,"k":[0,0],"ix":1},"s":{"a":0,"k":[100,100],"ix":3},"r":{"a":0,"k":0,"ix":6},"o":{"a":0,"k":100,"ix":7},"sk":{"a":0,"k":0,"ix":4},"sa":{"a":0,"k":0,"ix":5},"nm":"Transform"}],"nm":"Group 2","np":4,"cix":2,"bm":0,"ix":2,"mn":"ADBE Vector Group","hd":false}],"ip":0,"op":181.000007372281,"st":0,"bm":0},{"ddd":0,"ind":7,"ty":4,"nm":"device/Magellan_phone01 Outlines","sr":1,"ks":{"o":{"a":0,"k":100,"ix":11},"r":{"a":0,"k":0,"ix":10},"p":{"a":0,"k":[150,150,0],"ix":2},"a":{"a":0,"k":[297,579.5,0],"ix":1},"s":{"a":0,"k":[25.352,25.352,100],"ix":6}},"ao":0,"shapes":[{"ty":"gr","it":[{"ind":0,"ty":"sh","ix":1,"ks":{"a":0,"k":{"i":[[-1.8,0.1],[-2.2,1.5],[-1,2.5],[0.5,2.6],[1.9,1.9],[2.7,0.5],[2.5,-1.1],[1.4,-2.3],[-0.1,-2.6],[-0.7,-1.6],[-1.2,-1.2],[-1.7,-0.6]],"o":[[2.7,0],[2.2,-1.5],[1,-2.5],[-0.5,-2.6],[-1.9,-1.9],[-2.6,-0.5],[-2.4,1.1],[-1.4,2.2],[0,1.7],[0.7,1.6],[1.2,1.2],[1.7,0.8]],"v":[[0,13.55],[7.5,11.25],[12.4,5.15],[13.1,-2.65],[9.3,-9.55],[2.3,-13.15],[-5.5,-12.25],[-11.4,-7.15],[-13.5,0.35],[-12.5,5.45],[-9.6,9.75],[-5.2,12.55]],"c":true},"ix":2},"nm":"Path 1","mn":"ADBE Vector Shape - Group","hd":false},{"ty":"fl","c":{"a":0,"k":[0.388235324037,0.388235324037,0.388235324037,1],"ix":4},"o":{"a":0,"k":100,"ix":5},"r":1,"bm":0,"nm":"Fill 1","mn":"ADBE Vector Graphic - Fill","hd":false},{"ty":"tr","p":{"a":0,"k":[376.45,58.9],"ix":2},"a":{"a":0,"k":[0,0],"ix":1},"s":{"a":0,"k":[100,100],"ix":3},"r":{"a":0,"k":0,"ix":6},"o":{"a":0,"k":100,"ix":7},"sk":{"a":0,"k":0,"ix":4},"sa":{"a":0,"k":0,"ix":5},"nm":"Transform"}],"nm":"Group 1","np":2,"cix":2,"bm":0,"ix":1,"mn":"ADBE Vector Group","hd":false},{"ty":"gr","it":[{"ind":0,"ty":"sh","ix":1,"ks":{"a":0,"k":{"i":[[3,-0.6],[0,0],[1.9,2.4],[0,3],[-2,2.4],[-3,0.7],[0,0],[-1.9,-2.4],[0,-3],[2,-2.4]],"o":[[0,0],[-3,-0.6],[-1.9,-2.4],[0,-3.1],[1.9,-2.4],[0,0],[3,0.6],[1.9,2.4],[0,3.1],[-1.9,2.4]],"v":[[45.8,13.1],[-45.8,13.1],[-53.4,8.4],[-56.4,0],[-53.4,-8.4],[-45.8,-13.1],[45.8,-13.1],[53.4,-8.4],[56.4,0],[53.4,8.4]],"c":true},"ix":2},"nm":"Path 1","mn":"ADBE Vector Shape - Group","hd":false},{"ty":"fl","c":{"a":0,"k":[0.388235324037,0.388235324037,0.388235324037,1],"ix":4},"o":{"a":0,"k":100,"ix":5},"r":1,"bm":0,"nm":"Fill 1","mn":"ADBE Vector Graphic - Fill","hd":false},{"ty":"tr","p":{"a":0,"k":[269.35,59.35],"ix":2},"a":{"a":0,"k":[0,0],"ix":1},"s":{"a":0,"k":[100,100],"ix":3},"r":{"a":0,"k":0,"ix":6},"o":{"a":0,"k":100,"ix":7},"sk":{"a":0,"k":0,"ix":4},"sa":{"a":0,"k":0,"ix":5},"nm":"Transform"}],"nm":"Group 2","np":2,"cix":2,"bm":0,"ix":2,"mn":"ADBE Vector Group","hd":false},{"ty":"gr","it":[{"ind":0,"ty":"sh","ix":1,"ks":{"a":0,"k":{"i":[[0,0],[0,0],[0,0],[0,0]],"o":[[0,0],[0,0],[0,0],[0,0]],"v":[[-296.5,-465.85],[296.5,-465.85],[296.5,465.85],[-296.5,465.85]],"c":true},"ix":2},"nm":"Path 1","mn":"ADBE Vector Shape - Group","hd":false},{"ty":"st","c":{"a":0,"k":[0.87450986376,0.882353001015,0.87450986376,1],"ix":3},"o":{"a":0,"k":100,"ix":4},"w":{"a":0,"k":0.25,"ix":5},"lc":1,"lj":1,"ml":4,"bm":0,"nm":"Stroke 1","mn":"ADBE Vector Graphic - Stroke","hd":false},{"ty":"fl","c":{"a":0,"k":[0.945098099054,0.945098099054,0.945098099054,1],"ix":4},"o":{"a":0,"k":100,"ix":5},"r":1,"bm":0,"nm":"Fill 1","mn":"ADBE Vector Graphic - Fill","hd":false},{"ty":"tr","p":{"a":0,"k":[296.85,579.1],"ix":2},"a":{"a":0,"k":[0,0],"ix":1},"s":{"a":0,"k":[100,100],"ix":3},"r":{"a":0,"k":0,"ix":6},"o":{"a":0,"k":100,"ix":7},"sk":{"a":0,"k":0,"ix":4},"sa":{"a":0,"k":0,"ix":5},"nm":"Transform"}],"nm":"Group 3","np":3,"cix":2,"bm":0,"ix":3,"mn":"ADBE Vector Group","hd":false},{"ty":"gr","it":[{"ind":0,"ty":"sh","ix":1,"ks":{"a":0,"k":{"i":[[39.6,0],[0,0],[0,43.5],[0,0],[-39.5,0],[0,0],[0,-43.5],[0,0]],"o":[[0,0],[-39.6,0],[0,0],[0,-43.5],[0,0],[39.6,0],[0,0],[0,43.5]],"v":[[225,578.85],[-225,578.85],[-296.6,500.05],[-296.6,-500.05],[-225,-578.85],[225,-578.85],[296.6,-500.05],[296.6,500.05]],"c":true},"ix":2},"nm":"Path 1","mn":"ADBE Vector Shape - Group","hd":false},{"ty":"fl","c":{"a":0,"k":[0.87450986376,0.882353001015,0.87450986376,1],"ix":4},"o":{"a":0,"k":100,"ix":5},"r":1,"bm":0,"nm":"Fill 1","mn":"ADBE Vector Graphic - Fill","hd":false},{"ty":"tr","p":{"a":0,"k":[296.85,579.1],"ix":2},"a":{"a":0,"k":[0,0],"ix":1},"s":{"a":0,"k":[100,100],"ix":3},"r":{"a":0,"k":0,"ix":6},"o":{"a":0,"k":100,"ix":7},"sk":{"a":0,"k":0,"ix":4},"sa":{"a":0,"k":0,"ix":5},"nm":"Transform"}],"nm":"Group 4","np":2,"cix":2,"bm":0,"ix":4,"mn":"ADBE Vector Group","hd":false}],"ip":0,"op":181.000007372281,"st":0,"bm":0}],"markers":[{"tm":180.00000733155,"cm":"1","dr":0}]}