{"v":"5.7.4","fr":60,"ip":0,"op":240,"w":250,"h":250,"nm":"3","ddd":0,"assets":[{"id":"comp_0","layers":[{"ddd":0,"ind":1,"ty":4,"nm":"Layer 1 Outlines 2","td":1,"sr":1,"ks":{"o":{"a":0,"k":100,"ix":11},"r":{"a":0,"k":0,"ix":10},"p":{"a":0,"k":[124.896,125.859,0],"ix":2,"l":2},"a":{"a":0,"k":[120.662,117.8,0],"ix":1,"l":2},"s":{"a":0,"k":[100,100,100],"ix":6,"l":2}},"ao":0,"shapes":[{"ty":"gr","it":[{"ind":0,"ty":"sh","ix":1,"ks":{"a":0,"k":{"i":[[7.881,0],[5.573,-5.573],[0,0],[-11.503,-11.504],[0,0],[-7.881,0],[-5.572,5.572],[0,0],[11.503,11.503],[0,0]],"o":[[-7.881,0],[0,0],[-11.503,11.503],[0,0],[5.573,5.572],[7.881,0],[0,0],[11.503,-11.504],[0,0],[-5.573,-5.573]],"v":[[0,-117.55],[-20.863,-108.908],[-108.909,-20.862],[-108.909,20.863],[-20.863,108.909],[0,117.55],[20.862,108.909],[108.909,20.863],[108.909,-20.862],[20.863,-108.908]],"c":true},"ix":2},"nm":"Path 1","mn":"ADBE Vector Shape - Group","hd":false},{"ty":"mm","mm":1,"nm":"Merge Paths 1","mn":"ADBE Vector Filter - Merge","hd":false},{"ty":"fl","c":{"a":0,"k":[0.850980451995,0.850980451995,1,1],"ix":4},"o":{"a":0,"k":100,"ix":5},"r":1,"bm":0,"nm":"Fill 1","mn":"ADBE Vector Graphic - Fill","hd":false},{"ty":"tr","p":{"a":0,"k":[120.662,117.8],"ix":2},"a":{"a":0,"k":[0,0],"ix":1},"s":{"a":0,"k":[100,100],"ix":3},"r":{"a":0,"k":0,"ix":6},"o":{"a":0,"k":100,"ix":7},"sk":{"a":0,"k":0,"ix":4},"sa":{"a":0,"k":0,"ix":5},"nm":"Transform"}],"nm":"Group 1","np":3,"cix":2,"bm":0,"ix":1,"mn":"ADBE Vector Group","hd":false}],"ip":0,"op":240,"st":0,"bm":0},{"ddd":0,"ind":2,"ty":4,"nm":"Shape Layer 1","tt":1,"sr":1,"ks":{"o":{"a":0,"k":20,"ix":11},"r":{"a":0,"k":-8,"ix":10},"p":{"a":1,"k":[{"i":{"x":0.31,"y":1},"o":{"x":0.69,"y":0},"t":0,"s":[-25.984,153.002,0],"to":[49.833,-15.167,0],"ti":[-49.833,15.167,0]},{"t":120,"s":[273.016,62.002,0]}],"ix":2,"l":2},"a":{"a":0,"k":[-91.984,4.002,0],"ix":1,"l":2},"s":{"a":0,"k":[123,123,100],"ix":6,"l":2}},"ao":0,"shapes":[{"ty":"gr","it":[{"ty":"rc","d":1,"s":{"a":0,"k":[30.953,238.004],"ix":2},"p":{"a":0,"k":[0,0],"ix":3},"r":{"a":0,"k":0,"ix":4},"nm":"Rectangle Path 1","mn":"ADBE Vector Shape - Rect","hd":false},{"ty":"fl","c":{"a":0,"k":[1,1,1,1],"ix":4},"o":{"a":0,"k":100,"ix":5},"r":1,"bm":0,"nm":"Fill 1","mn":"ADBE Vector Graphic - Fill","hd":false},{"ty":"tr","p":{"a":0,"k":[-73.523,4.002],"ix":2},"a":{"a":0,"k":[0,0],"ix":1},"s":{"a":0,"k":[48.817,100],"ix":3},"r":{"a":0,"k":0,"ix":6},"o":{"a":0,"k":100,"ix":7},"sk":{"a":0,"k":0,"ix":4},"sa":{"a":0,"k":0,"ix":5},"nm":"Transform"}],"nm":"Rectangle 2","np":3,"cix":2,"bm":0,"ix":1,"mn":"ADBE Vector Group","hd":false},{"ty":"gr","it":[{"ty":"rc","d":1,"s":{"a":0,"k":[30.953,238.004],"ix":2},"p":{"a":0,"k":[0,0],"ix":3},"r":{"a":0,"k":0,"ix":4},"nm":"Rectangle Path 1","mn":"ADBE Vector Shape - Rect","hd":false},{"ty":"fl","c":{"a":0,"k":[1,1,1,1],"ix":4},"o":{"a":0,"k":100,"ix":5},"r":1,"bm":0,"nm":"Fill 1","mn":"ADBE Vector Graphic - Fill","hd":false},{"ty":"tr","p":{"a":0,"k":[-102.523,4.002],"ix":2},"a":{"a":0,"k":[0,0],"ix":1},"s":{"a":0,"k":[100,100],"ix":3},"r":{"a":0,"k":0,"ix":6},"o":{"a":0,"k":100,"ix":7},"sk":{"a":0,"k":0,"ix":4},"sa":{"a":0,"k":0,"ix":5},"nm":"Transform"}],"nm":"Rectangle 1","np":3,"cix":2,"bm":0,"ix":2,"mn":"ADBE Vector Group","hd":false}],"ip":0,"op":240,"st":0,"bm":0}]}],"layers":[{"ddd":0,"ind":1,"ty":0,"nm":"Pre-comp 11","refId":"comp_0","sr":1,"ks":{"o":{"a":0,"k":100,"ix":11},"r":{"a":0,"k":0,"ix":10},"p":{"a":0,"k":[125,125,0],"ix":2,"l":2},"a":{"a":0,"k":[125,125,0],"ix":1,"l":2},"s":{"a":0,"k":[100,100,100],"ix":6,"l":2}},"ao":0,"w":250,"h":250,"ip":0,"op":240,"st":0,"bm":0},{"ddd":0,"ind":2,"ty":4,"nm":"Layer 2 Outlines","sr":1,"ks":{"o":{"a":0,"k":100,"ix":11},"r":{"a":1,"k":[{"i":{"x":[0.32],"y":[1]},"o":{"x":[0.68],"y":[0]},"t":0,"s":[0]},{"t":120,"s":[360]}],"ix":10},"p":{"a":0,"k":[124.352,122.653,0],"ix":2,"l":2},"a":{"a":0,"k":[46.318,43.932,0],"ix":1,"l":2},"s":{"a":1,"k":[{"i":{"x":[0.32,0.32,0.32],"y":[1,1,1]},"o":{"x":[0.68,0.68,0.68],"y":[0,0,0]},"t":0,"s":[100,100,100]},{"i":{"x":[0.32,0.32,0.32],"y":[1,1,1]},"o":{"x":[0.68,0.68,0.68],"y":[0,0,0]},"t":60,"s":[130,130,100]},{"t":120,"s":[100,100,100]}],"ix":6,"l":2}},"ao":0,"shapes":[{"ty":"gr","it":[{"ind":0,"ty":"sh","ix":1,"ks":{"a":0,"k":{"i":[[-1.548,-0.223],[0,0],[2.818,-2.753],[0,0],[-0.266,-1.541],[0,0],[3.489,1.829],[0,0],[1.384,-0.73],[0,0],[-0.661,3.883],[0,0],[1.122,1.091],[0,0],[-3.898,0.571],[0,0],[-0.691,1.404],[0,0],[-1.747,-3.53],[0,0]],"o":[[0,0],[3.899,0.562],[0,0],[-1.119,1.093],[0,0],[0.67,3.882],[0,0],[-1.385,-0.727],[0,0],[-3.485,1.837],[0,0],[0.263,-1.542],[0,0],[-2.824,-2.747],[0,0],[1.548,-0.227],[0,0],[1.74,-3.535],[0,0],[0.693,1.402]],"v":[[17.522,-16.734],[39.196,-13.609],[41.839,-5.505],[26.175,9.796],[24.813,14.005],[28.539,35.583],[21.648,40.602],[2.254,30.434],[-2.169,30.439],[-21.54,40.65],[-28.442,35.648],[-24.764,14.061],[-26.136,9.855],[-41.833,-5.412],[-39.208,-13.522],[-17.542,-16.695],[-13.966,-19.299],[-4.297,-38.947],[4.227,-38.956],[13.941,-19.33]],"c":true},"ix":2},"nm":"Path 1","mn":"ADBE Vector Shape - Group","hd":false},{"ty":"fl","c":{"a":0,"k":[1,0.811764765721,0,1],"ix":4},"o":{"a":0,"k":100,"ix":5},"r":1,"bm":0,"nm":"Fill 1","mn":"ADBE Vector Graphic - Fill","hd":false},{"ty":"tr","p":{"a":0,"k":[44.907,42.736],"ix":2},"a":{"a":0,"k":[0,0],"ix":1},"s":{"a":0,"k":[100,100],"ix":3},"r":{"a":0,"k":0,"ix":6},"o":{"a":0,"k":100,"ix":7},"sk":{"a":0,"k":0,"ix":4},"sa":{"a":0,"k":0,"ix":5},"nm":"Transform"}],"nm":"Group 1","np":2,"cix":2,"bm":0,"ix":1,"mn":"ADBE Vector Group","hd":false},{"ty":"gr","it":[{"ind":0,"ty":"sh","ix":1,"ks":{"a":0,"k":{"i":[[-2.598,-0.375],[0,0],[4.728,-4.619],[0,0],[-0.447,-2.586],[0,0],[5.854,3.069],[0,0],[2.322,-1.224],[0,0],[-1.11,6.516],[0,0],[1.882,1.83],[0,0],[-6.54,0.958],[0,0],[-1.159,2.355],[0,0],[-2.932,-5.924],[0,0]],"o":[[0,0],[6.542,0.944],[0,0],[-1.877,1.834],[0,0],[1.125,6.513],[0,0],[-2.325,-1.219],[0,0],[-5.847,3.082],[0,0],[0.441,-2.588],[0,0],[-4.739,-4.608],[0,0],[2.597,-0.38],[0,0],[2.919,-5.93],[0,0],[1.164,2.353]],"v":[[20.207,-18.387],[36.004,-16.11],[40.439,-2.512],[29.022,8.641],[26.737,15.702],[29.452,31.43],[17.891,39.849],[3.755,32.438],[-3.667,32.446],[-17.785,39.889],[-29.365,31.495],[-26.686,15.762],[-28.986,8.706],[-40.428,-2.422],[-36.023,-16.029],[-20.231,-18.342],[-14.232,-22.711],[-7.184,-37.031],[7.118,-37.047],[14.198,-22.743]],"c":true},"ix":2},"nm":"Path 1","mn":"ADBE Vector Shape - Group","hd":false},{"ty":"fl","c":{"a":0,"k":[0.180392156863,0.180392156863,0.737254901961,1],"ix":4},"o":{"a":0,"k":100,"ix":5},"r":1,"bm":0,"nm":"Fill 1","mn":"ADBE Vector Graphic - Fill","hd":false},{"ty":"tr","p":{"a":0,"k":[47.22,44.642],"ix":2},"a":{"a":0,"k":[0,0],"ix":1},"s":{"a":0,"k":[100,100],"ix":3},"r":{"a":0,"k":0,"ix":6},"o":{"a":0,"k":100,"ix":7},"sk":{"a":0,"k":0,"ix":4},"sa":{"a":0,"k":0,"ix":5},"nm":"Transform"}],"nm":"Group 2","np":2,"cix":2,"bm":0,"ix":2,"mn":"ADBE Vector Group","hd":false}],"ip":0,"op":240,"st":0,"bm":0},{"ddd":0,"ind":3,"ty":4,"nm":"Layer 1 Outlines","sr":1,"ks":{"o":{"a":0,"k":100,"ix":11},"r":{"a":0,"k":0,"ix":10},"p":{"a":0,"k":[124.896,125.859,0],"ix":2,"l":2},"a":{"a":0,"k":[120.662,117.8,0],"ix":1,"l":2},"s":{"a":0,"k":[100,100,100],"ix":6,"l":2}},"ao":0,"shapes":[{"ty":"gr","it":[{"ind":0,"ty":"sh","ix":1,"ks":{"a":0,"k":{"i":[[7.881,0],[5.573,-5.573],[0,0],[-11.503,-11.504],[0,0],[-7.881,0],[-5.572,5.572],[0,0],[11.503,11.503],[0,0]],"o":[[-7.881,0],[0,0],[-11.503,11.503],[0,0],[5.573,5.572],[7.881,0],[0,0],[11.503,-11.504],[0,0],[-5.573,-5.573]],"v":[[0,-117.55],[-20.863,-108.908],[-108.909,-20.862],[-108.909,20.863],[-20.863,108.909],[0,117.55],[20.862,108.909],[108.909,20.863],[108.909,-20.862],[20.863,-108.908]],"c":true},"ix":2},"nm":"Path 1","mn":"ADBE Vector Shape - Group","hd":false},{"ind":1,"ty":"sh","ix":2,"ks":{"a":0,"k":{"i":[[-4.992,0],[-3.808,-3.809],[0,0],[7.616,-7.617],[0,0],[4.992,0],[3.808,3.808],[0,0],[-7.616,7.617],[0,0]],"o":[[4.992,0],[0,0],[7.616,7.617],[0,0],[-3.808,3.808],[-4.992,0],[0,0],[-7.616,-7.617],[0,0],[3.808,-3.809]],"v":[[0,-107.55],[13.791,-101.837],[101.838,-13.791],[101.838,13.792],[13.791,101.838],[0,107.55],[-13.791,101.838],[-101.838,13.792],[-101.838,-13.791],[-13.791,-101.837]],"c":true},"ix":2},"nm":"Path 2","mn":"ADBE Vector Shape - Group","hd":false},{"ty":"mm","mm":1,"nm":"Merge Paths 1","mn":"ADBE Vector Filter - Merge","hd":false},{"ty":"fl","c":{"a":0,"k":[0.850980451995,0.850980451995,1,1],"ix":4},"o":{"a":0,"k":100,"ix":5},"r":1,"bm":0,"nm":"Fill 1","mn":"ADBE Vector Graphic - Fill","hd":false},{"ty":"tr","p":{"a":0,"k":[120.662,117.8],"ix":2},"a":{"a":0,"k":[0,0],"ix":1},"s":{"a":0,"k":[100,100],"ix":3},"r":{"a":0,"k":0,"ix":6},"o":{"a":0,"k":100,"ix":7},"sk":{"a":0,"k":0,"ix":4},"sa":{"a":0,"k":0,"ix":5},"nm":"Transform"}],"nm":"Group 1","np":4,"cix":2,"bm":0,"ix":1,"mn":"ADBE Vector Group","hd":false},{"ty":"gr","it":[{"ind":0,"ty":"sh","ix":1,"ks":{"a":0,"k":{"i":[[4.992,0],[3.808,-3.809],[0,0],[-7.616,-7.617],[0,0],[-4.992,0],[-3.808,3.808],[0,0],[7.616,7.617],[0,0]],"o":[[-4.992,0],[0,0],[-7.616,7.617],[0,0],[3.808,3.808],[4.992,0],[0,0],[7.616,-7.617],[0,0],[-3.808,-3.809]],"v":[[0,-107.55],[-13.791,-101.837],[-101.838,-13.791],[-101.838,13.792],[-13.791,101.838],[0,107.55],[13.791,101.838],[101.838,13.792],[101.838,-13.791],[13.791,-101.837]],"c":true},"ix":2},"nm":"Path 1","mn":"ADBE Vector Shape - Group","hd":false},{"ind":1,"ty":"sh","ix":2,"ks":{"a":0,"k":{"i":[[-2.539,0],[-1.795,-1.795],[0,0],[3.705,-3.706],[0,0],[2.539,0],[1.795,1.795],[0,0],[-3.705,3.705],[0,0]],"o":[[2.539,0],[0,0],[3.705,3.705],[0,0],[-1.795,1.795],[-2.539,0],[0,0],[-3.705,-3.706],[0,0],[1.795,-1.795]],"v":[[0,-97.55],[6.72,-94.766],[94.767,-6.72],[94.767,6.721],[6.72,94.767],[0,97.55],[-6.72,94.767],[-94.767,6.721],[-94.767,-6.72],[-6.72,-94.766]],"c":true},"ix":2},"nm":"Path 2","mn":"ADBE Vector Shape - Group","hd":false},{"ty":"mm","mm":1,"nm":"Merge Paths 1","mn":"ADBE Vector Filter - Merge","hd":false},{"ty":"fl","c":{"a":0,"k":[0.223529426724,0.207843152214,0.623529411765,1],"ix":4},"o":{"a":0,"k":100,"ix":5},"r":1,"bm":0,"nm":"Fill 1","mn":"ADBE Vector Graphic - Fill","hd":false},{"ty":"tr","p":{"a":0,"k":[120.366,117.419],"ix":2},"a":{"a":0,"k":[0,0],"ix":1},"s":{"a":0,"k":[100,100],"ix":3},"r":{"a":0,"k":0,"ix":6},"o":{"a":0,"k":100,"ix":7},"sk":{"a":0,"k":0,"ix":4},"sa":{"a":0,"k":0,"ix":5},"nm":"Transform"}],"nm":"Group 2","np":4,"cix":2,"bm":0,"ix":2,"mn":"ADBE Vector Group","hd":false},{"ty":"gr","it":[{"ind":0,"ty":"sh","ix":1,"ks":{"a":0,"k":{"i":[[7.617,7.617],[0,0],[-7.617,7.617],[0,0],[-7.617,-7.617],[0,0],[7.617,-7.617],[0,0]],"o":[[0,0],[-7.617,-7.617],[0,0],[7.617,-7.617],[0,0],[7.617,7.617],[0,0],[-7.617,7.617]],"v":[[-13.792,101.838],[-101.837,13.792],[-101.837,-13.792],[-13.792,-101.838],[13.792,-101.838],[101.837,-13.792],[101.837,13.792],[13.792,101.838]],"c":true},"ix":2},"nm":"Path 1","mn":"ADBE Vector Shape - Group","hd":false},{"ty":"fl","c":{"a":0,"k":[0.231372563979,0.231372563979,0.901960844152,1],"ix":4},"o":{"a":0,"k":100,"ix":5},"r":1,"bm":0,"nm":"Fill 1","mn":"ADBE Vector Graphic - Fill","hd":false},{"ty":"tr","p":{"a":0,"k":[120.366,117.419],"ix":2},"a":{"a":0,"k":[0,0],"ix":1},"s":{"a":0,"k":[100,100],"ix":3},"r":{"a":0,"k":0,"ix":6},"o":{"a":0,"k":100,"ix":7},"sk":{"a":0,"k":0,"ix":4},"sa":{"a":0,"k":0,"ix":5},"nm":"Transform"}],"nm":"Group 3","np":2,"cix":2,"bm":0,"ix":3,"mn":"ADBE Vector Group","hd":false}],"ip":0,"op":240,"st":0,"bm":0}],"markers":[]}