{"v":"5.6.5","fr":24,"ip":0,"op":72,"w":1080,"h":1080,"nm":"Editable","ddd":0,"assets":[],"layers":[{"ddd":0,"ind":1,"ty":4,"nm":"Hand Outlines","sr":1,"ks":{"o":{"a":0,"k":100,"ix":11},"r":{"a":1,"k":[{"i":{"x":[0.332],"y":[1]},"o":{"x":[0.333],"y":[0]},"t":0,"s":[0]},{"i":{"x":[0.667],"y":[1]},"o":{"x":[0.333],"y":[0]},"t":36,"s":[-5]},{"t":72,"s":[0]}],"ix":10},"p":{"a":1,"k":[{"i":{"x":0.667,"y":1},"o":{"x":0.333,"y":0},"t":0,"s":[999.667,718.357,0],"to":[-3.467,0,0],"ti":[0,0,0]},{"i":{"x":0.667,"y":1},"o":{"x":0.333,"y":0},"t":36,"s":[978.866,718.357,0],"to":[0,0,0],"ti":[-3.467,0,0]},{"t":72,"s":[999.667,718.357,0]}],"ix":2},"a":{"a":0,"k":[555.703,291.492,0],"ix":1},"s":{"a":0,"k":[100,100,100],"ix":6}},"ao":0,"shapes":[{"ty":"gr","it":[{"ind":0,"ty":"sh","ix":1,"ks":{"a":0,"k":{"i":[[0,0],[-14.348,7.566],[3.75,4.304]],"o":[[0,0],[0,0],[0,0]],"v":[[-14.938,5.608],[11.154,0.847],[11.188,-8.413]],"c":false},"ix":2},"nm":"Path 1","mn":"ADBE Vector Shape - Group","hd":false},{"ty":"st","c":{"a":0,"k":[0.136999990426,0.122000002394,0.125,1],"ix":3},"o":{"a":0,"k":100,"ix":4},"w":{"a":0,"k":1,"ix":5},"lc":2,"lj":2,"bm":0,"nm":"Stroke 1","mn":"ADBE Vector Graphic - Stroke","hd":false},{"ty":"tr","p":{"a":0,"k":[145.577,106.462],"ix":2},"a":{"a":0,"k":[0,0],"ix":1},"s":{"a":0,"k":[100,100],"ix":3},"r":{"a":0,"k":0,"ix":6},"o":{"a":0,"k":100,"ix":7},"sk":{"a":0,"k":0,"ix":4},"sa":{"a":0,"k":0,"ix":5},"nm":"Transform"}],"nm":"Group 1","np":2,"cix":2,"bm":0,"ix":1,"mn":"ADBE Vector Group","hd":false},{"ty":"gr","it":[{"ind":0,"ty":"sh","ix":1,"ks":{"a":0,"k":{"i":[[0,0],[0,0],[0,0],[-4.031,-4.822],[-9.506,1.045],[-2.675,-3.199],[5.265,-2.345],[3.84,0.204],[0,0],[-4.348,1.863],[0,0],[0,0],[0,0],[3.835,4.587],[9.674,-0.966],[2.523,3.017],[-5.708,2.541],[-2.14,-0.007],[0,0],[4.553,-1.865]],"o":[[0,0],[0,0],[-6.092,3.907],[4.224,5.052],[6.946,-0.704],[2.762,3.305],[-4.155,1.849],[0,0],[3.813,0.296],[0,0],[0,0],[0,0],[6.813,-4.389],[-4.316,-5.164],[-8.195,0.775],[-1.942,-2.323],[4.747,-2.114],[0,0],[-2.982,-0.028],[0,0]],"v":[[-17.275,-24.975],[-21.873,-22.927],[-16.97,-17.064],[-20.353,-2.728],[0.281,1.87],[14.441,5.048],[10.371,14.665],[-2.396,16.926],[-0.926,21.605],[12.557,19.105],[17.463,24.975],[22.137,22.895],[17.087,16.855],[20.548,1.764],[0.169,-3.738],[-14.561,-6.267],[-10.871,-14.76],[0.125,-16.945],[-1.225,-21.605],[-12.571,-19.346]],"c":true},"ix":2},"nm":"Path 1","mn":"ADBE Vector Shape - Group","hd":false},{"ty":"fl","c":{"a":0,"k":[0,0.8470588235294118,0.6235294117647059,1],"ix":4},"o":{"a":0,"k":100,"ix":5},"r":1,"bm":0,"nm":"Fill 1","mn":"ADBE Vector Graphic - Fill","hd":false},{"ty":"tr","p":{"a":0,"k":[99.548,73.784],"ix":2},"a":{"a":0,"k":[0,0],"ix":1},"s":{"a":0,"k":[100,100],"ix":3},"r":{"a":0,"k":0,"ix":6},"o":{"a":0,"k":100,"ix":7},"sk":{"a":0,"k":0,"ix":4},"sa":{"a":0,"k":0,"ix":5},"nm":"Transform"}],"nm":"Group 2","np":2,"cix":2,"bm":0,"ix":2,"mn":"ADBE Vector Group","hd":false},{"ty":"gr","it":[{"ind":0,"ty":"sh","ix":1,"ks":{"a":0,"k":{"i":[[0,0],[8.96,7.634],[9.036,-1.828],[-31.772,0]],"o":[[0.716,-5.807],[-8.946,-7.619],[1.142,-0.305],[0,0]],"v":[[18.18,19.833],[3.399,-3.177],[-25.936,-14.667],[25.936,-19.833]],"c":false},"ix":2},"nm":"Path 1","mn":"ADBE Vector Shape - Group","hd":false},{"ty":"st","c":{"a":0,"k":[0.136999990426,0.122000002394,0.125,1],"ix":3},"o":{"a":0,"k":100,"ix":4},"w":{"a":0,"k":1,"ix":5},"lc":2,"lj":2,"bm":0,"nm":"Stroke 1","mn":"ADBE Vector Graphic - Stroke","hd":false},{"ty":"tr","p":{"a":0,"k":[435.282,198.334],"ix":2},"a":{"a":0,"k":[0,0],"ix":1},"s":{"a":0,"k":[100,100],"ix":3},"r":{"a":0,"k":0,"ix":6},"o":{"a":0,"k":100,"ix":7},"sk":{"a":0,"k":0,"ix":4},"sa":{"a":0,"k":0,"ix":5},"nm":"Transform"}],"nm":"Group 3","np":2,"cix":2,"bm":0,"ix":3,"mn":"ADBE Vector Group","hd":false},{"ty":"gr","it":[{"ind":0,"ty":"sh","ix":1,"ks":{"a":0,"k":{"i":[[0,0],[-9.25,-18.194],[82.744,25.036]],"o":[[4.77,26.225],[8.213,16.168],[0,0]],"v":[[-30.11,-90.629],[-12.22,-32.648],[-41.372,65.594]],"c":false},"ix":2},"nm":"Path 1","mn":"ADBE Vector Shape - Group","hd":false},{"ty":"st","c":{"a":0,"k":[0.136999990426,0.122000002394,0.125,1],"ix":3},"o":{"a":0,"k":100,"ix":4},"w":{"a":0,"k":1,"ix":5},"lc":2,"lj":2,"bm":0,"nm":"Stroke 1","mn":"ADBE Vector Graphic - Stroke","hd":false},{"ty":"tr","p":{"a":0,"k":[583.534,313.855],"ix":2},"a":{"a":0,"k":[0,0],"ix":1},"s":{"a":0,"k":[100,100],"ix":3},"r":{"a":0,"k":0,"ix":6},"o":{"a":0,"k":100,"ix":7},"sk":{"a":0,"k":0,"ix":4},"sa":{"a":0,"k":0,"ix":5},"nm":"Transform"}],"nm":"Group 4","np":2,"cix":2,"bm":0,"ix":4,"mn":"ADBE Vector Group","hd":false},{"ty":"gr","it":[{"ind":0,"ty":"sh","ix":1,"ks":{"a":0,"k":{"i":[[0,0],[0.941,0.704],[-2.865,0.381],[-2.118,2.393],[-1.169,6.124]],"o":[[-20.496,-9.614],[4.404,2.85],[2.712,-0.35],[2.721,-3.084],[0,0]],"v":[[15.185,15.318],[-15.185,-1.486],[-3.893,2.765],[3.422,-1.41],[9.418,-15.317]],"c":false},"ix":2},"nm":"Path 1","mn":"ADBE Vector Shape - Group","hd":false},{"ty":"st","c":{"a":0,"k":[0.136999990426,0.122000002394,0.125,1],"ix":3},"o":{"a":0,"k":100,"ix":4},"w":{"a":0,"k":1,"ix":5},"lc":2,"lj":2,"bm":0,"nm":"Stroke 1","mn":"ADBE Vector Graphic - Stroke","hd":false},{"ty":"tr","p":{"a":0,"k":[446.031,334.031],"ix":2},"a":{"a":0,"k":[0,0],"ix":1},"s":{"a":0,"k":[100,100],"ix":3},"r":{"a":0,"k":0,"ix":6},"o":{"a":0,"k":100,"ix":7},"sk":{"a":0,"k":0,"ix":4},"sa":{"a":0,"k":0,"ix":5},"nm":"Transform"}],"nm":"Group 5","np":2,"cix":2,"bm":0,"ix":5,"mn":"ADBE Vector Group","hd":false},{"ty":"gr","it":[{"ind":0,"ty":"sh","ix":1,"ks":{"a":0,"k":{"i":[[0,0],[3.044,4.325]],"o":[[0,0],[0,0]],"v":[[0.036,5.605],[-1.522,-5.605]],"c":false},"ix":2},"nm":"Path 1","mn":"ADBE Vector Shape - Group","hd":false},{"ty":"st","c":{"a":0,"k":[0.136999990426,0.122000002394,0.125,1],"ix":3},"o":{"a":0,"k":100,"ix":4},"w":{"a":0,"k":1,"ix":5},"lc":2,"lj":2,"bm":0,"nm":"Stroke 1","mn":"ADBE Vector Graphic - Stroke","hd":false},{"ty":"fl","c":{"a":0,"k":[0.984000052658,0.709999952129,0.517999985639,1],"ix":4},"o":{"a":0,"k":100,"ix":5},"r":1,"bm":0,"nm":"Fill 1","mn":"ADBE Vector Graphic - Fill","hd":false},{"ty":"tr","p":{"a":0,"k":[207.662,224.889],"ix":2},"a":{"a":0,"k":[0,0],"ix":1},"s":{"a":0,"k":[100,100],"ix":3},"r":{"a":0,"k":0,"ix":6},"o":{"a":0,"k":100,"ix":7},"sk":{"a":0,"k":0,"ix":4},"sa":{"a":0,"k":0,"ix":5},"nm":"Transform"}],"nm":"Group 6","np":3,"cix":2,"bm":0,"ix":6,"mn":"ADBE Vector Group","hd":false},{"ty":"gr","it":[{"ind":0,"ty":"sh","ix":1,"ks":{"a":0,"k":{"i":[[0,0],[11.55,8.61],[0.502,0.351],[0,0],[17.6,-0.228],[6.872,-3.429],[2.758,-1.874],[1.173,-0.837],[1.098,-0.853],[1.661,-1.875],[2.666,-4.267],[-3.093,-1.706],[-24.777,12.511]],"o":[[0,0],[-0.519,-0.381],[0,0],[-10.803,-7.513],[-18.438,0.245],[-2.072,1.036],[-1.173,0.778],[-1.158,0.839],[-4.022,3.063],[-14.187,3.749],[-1.875,2.971],[7.361,4.054],[0,0]],"v":[[74.523,1.859],[52.397,-10.926],[50.858,-12.038],[50.842,-12.038],[13.798,-19.536],[-26.019,-22.979],[-33.456,-18.469],[-36.991,-16.016],[-40.405,-13.471],[-49.623,-5.516],[-72.648,8.229],[-70.363,16.853],[-21.6,13.897]],"c":false},"ix":2},"nm":"Path 1","mn":"ADBE Vector Shape - Group","hd":false},{"ty":"st","c":{"a":0,"k":[0.136999990426,0.122000002394,0.125,1],"ix":3},"o":{"a":0,"k":100,"ix":4},"w":{"a":0,"k":1,"ix":5},"lc":2,"lj":2,"bm":0,"nm":"Stroke 1","mn":"ADBE Vector Graphic - Stroke","hd":false},{"ty":"tr","p":{"a":0,"k":[204.216,100.314],"ix":2},"a":{"a":0,"k":[0,0],"ix":1},"s":{"a":0,"k":[100,100],"ix":3},"r":{"a":0,"k":0,"ix":6},"o":{"a":0,"k":100,"ix":7},"sk":{"a":0,"k":0,"ix":4},"sa":{"a":0,"k":0,"ix":5},"nm":"Transform"}],"nm":"Group 7","np":2,"cix":2,"bm":0,"ix":7,"mn":"ADBE Vector Group","hd":false},{"ty":"gr","it":[{"ind":0,"ty":"sh","ix":1,"ks":{"a":0,"k":{"i":[[0,0],[-1.295,-0.213],[-2.423,-0.61],[-2.407,-0.702],[-4.785,-1.296],[0,0],[-2.133,0],[-0.976,3.611]],"o":[[1.188,0.107],[2.225,0.381],[2.347,0.594],[5.775,1.675],[0,0],[3.733,1.005],[7.879,0],[0,0]],"v":[[-33.76,-5.25],[-30.028,-4.746],[-23.018,-3.237],[-15.841,-1.271],[0.464,3.544],[0.464,3.559],[9.5,5.25],[33.76,-3.284]],"c":false},"ix":2},"nm":"Path 1","mn":"ADBE Vector Shape - Group","hd":false},{"ty":"st","c":{"a":0,"k":[0.136999990426,0.122000002394,0.125,1],"ix":3},"o":{"a":0,"k":100,"ix":4},"w":{"a":0,"k":1,"ix":5},"lc":2,"lj":2,"bm":0,"nm":"Stroke 1","mn":"ADBE Vector Graphic - Stroke","hd":false},{"ty":"tr","p":{"a":0,"k":[216.377,119.461],"ix":2},"a":{"a":0,"k":[0,0],"ix":1},"s":{"a":0,"k":[100,100],"ix":3},"r":{"a":0,"k":0,"ix":6},"o":{"a":0,"k":100,"ix":7},"sk":{"a":0,"k":0,"ix":4},"sa":{"a":0,"k":0,"ix":5},"nm":"Transform"}],"nm":"Group 8","np":2,"cix":2,"bm":0,"ix":8,"mn":"ADBE Vector Group","hd":false},{"ty":"gr","it":[{"ind":0,"ty":"sh","ix":1,"ks":{"a":0,"k":{"i":[[0,0],[16.778,11.002],[0.015,0.016],[0,0]],"o":[[-9.036,-1.707],[-0.031,-0.015],[0,0],[0,0]],"v":[[32.485,19.342],[-15.532,-7.066],[-15.592,-7.112],[-32.485,-19.342]],"c":false},"ix":2},"nm":"Path 1","mn":"ADBE Vector Shape - Group","hd":false},{"ty":"st","c":{"a":0,"k":[0.136999990426,0.122000002394,0.125,1],"ix":3},"o":{"a":0,"k":100,"ix":4},"w":{"a":0,"k":1,"ix":5},"lc":2,"lj":2,"bm":0,"nm":"Stroke 1","mn":"ADBE Vector Graphic - Stroke","hd":false},{"ty":"tr","p":{"a":0,"k":[416.969,313.279],"ix":2},"a":{"a":0,"k":[0,0],"ix":1},"s":{"a":0,"k":[100,100],"ix":3},"r":{"a":0,"k":0,"ix":6},"o":{"a":0,"k":100,"ix":7},"sk":{"a":0,"k":0,"ix":4},"sa":{"a":0,"k":0,"ix":5},"nm":"Transform"}],"nm":"Group 9","np":2,"cix":2,"bm":0,"ix":9,"mn":"ADBE Vector Group","hd":false},{"ty":"gr","it":[{"ind":0,"ty":"sh","ix":1,"ks":{"a":0,"k":{"i":[[0,0],[0,0],[23.483,-1.098]],"o":[[0,0],[-4.83,-5.715],[0,0]],"v":[[38.148,18.377],[2.979,-7.086],[-38.148,-17.28]],"c":false},"ix":2},"nm":"Path 1","mn":"ADBE Vector Shape - Group","hd":false},{"ty":"st","c":{"a":0,"k":[0.136999990426,0.122000002394,0.125,1],"ix":3},"o":{"a":0,"k":100,"ix":4},"w":{"a":0,"k":1,"ix":5},"lc":2,"lj":2,"bm":0,"nm":"Stroke 1","mn":"ADBE Vector Graphic - Stroke","hd":false},{"ty":"tr","p":{"a":0,"k":[329.764,263.561],"ix":2},"a":{"a":0,"k":[0,0],"ix":1},"s":{"a":0,"k":[100,100],"ix":3},"r":{"a":0,"k":0,"ix":6},"o":{"a":0,"k":100,"ix":7},"sk":{"a":0,"k":0,"ix":4},"sa":{"a":0,"k":0,"ix":5},"nm":"Transform"}],"nm":"Group 10","np":2,"cix":2,"bm":0,"ix":10,"mn":"ADBE Vector Group","hd":false},{"ty":"gr","it":[{"ind":0,"ty":"sh","ix":1,"ks":{"a":0,"k":{"i":[[0,0],[-18.926,-6.781],[-3.597,0.702],[0,0],[-0.746,-0.697]],"o":[[15.102,14.187],[4.068,1.463],[0,0],[0.786,0.67],[0,0]],"v":[[-50.065,-25.651],[6.819,21.998],[18.37,23.293],[47.764,23.599],[50.065,25.651]],"c":false},"ix":2},"nm":"Path 1","mn":"ADBE Vector Shape - Group","hd":false},{"ty":"st","c":{"a":0,"k":[0.136999990426,0.122000002394,0.125,1],"ix":3},"o":{"a":0,"k":100,"ix":4},"w":{"a":0,"k":1,"ix":5},"lc":2,"lj":2,"bm":0,"nm":"Stroke 1","mn":"ADBE Vector Graphic - Stroke","hd":false},{"ty":"tr","p":{"a":0,"k":[390.915,171.558],"ix":2},"a":{"a":0,"k":[0,0],"ix":1},"s":{"a":0,"k":[100,100],"ix":3},"r":{"a":0,"k":0,"ix":6},"o":{"a":0,"k":100,"ix":7},"sk":{"a":0,"k":0,"ix":4},"sa":{"a":0,"k":0,"ix":5},"nm":"Transform"}],"nm":"Group 11","np":2,"cix":2,"bm":0,"ix":11,"mn":"ADBE Vector Group","hd":false},{"ty":"gr","it":[{"ind":0,"ty":"sh","ix":1,"ks":{"a":0,"k":{"i":[[0,0],[-1.828,-2.91],[-0.016,-0.015],[-0.366,-0.579],[0,0],[-29.166,3.109],[-2.803,0.137],[-11.81,13.439],[4.952,12.586]],"o":[[-0.563,17.188],[0.016,0.016],[0.487,0.488],[0,0],[3.931,3.687],[3.109,-0.335],[21.029,-1.341],[8.503,-9.692],[0,0]],"v":[[-54.851,-9.547],[-50.615,17.988],[-50.583,18.034],[-49.289,19.619],[-49.273,19.635],[9.561,28.853],[18.43,28.168],[46.911,13.128],[43.985,-31.962]],"c":false},"ix":2},"nm":"Path 1","mn":"ADBE Vector Shape - Group","hd":false},{"ty":"st","c":{"a":0,"k":[0.136999990426,0.122000002394,0.125,1],"ix":3},"o":{"a":0,"k":100,"ix":4},"w":{"a":0,"k":1,"ix":5},"lc":2,"lj":2,"bm":0,"nm":"Stroke 1","mn":"ADBE Vector Graphic - Stroke","hd":false},{"ty":"tr","p":{"a":0,"k":[273.185,218.114],"ix":2},"a":{"a":0,"k":[0,0],"ix":1},"s":{"a":0,"k":[100,100],"ix":3},"r":{"a":0,"k":0,"ix":6},"o":{"a":0,"k":100,"ix":7},"sk":{"a":0,"k":0,"ix":4},"sa":{"a":0,"k":0,"ix":5},"nm":"Transform"}],"nm":"Group 12","np":2,"cix":2,"bm":0,"ix":12,"mn":"ADBE Vector Group","hd":false},{"ty":"gr","it":[{"ind":0,"ty":"sh","ix":1,"ks":{"a":0,"k":{"i":[[0,0],[-5.867,-11.764],[-0.32,-0.609],[-2.803,-3.306],[-2.865,-2.362],[-16.685,1.524]],"o":[[0.062,0.473],[0.29,0.609],[1.89,3.521],[2.012,2.377],[13.73,11.383],[0,0]],"v":[[-37.54,-32.123],[-30.271,-8.868],[-29.342,-7.041],[-22.348,3.321],[-14.972,10.484],[37.539,30.598]],"c":false},"ix":2},"nm":"Path 1","mn":"ADBE Vector Shape - Group","hd":false},{"ty":"st","c":{"a":0,"k":[0.136999990426,0.122000002394,0.125,1],"ix":3},"o":{"a":0,"k":100,"ix":4},"w":{"a":0,"k":1,"ix":5},"lc":2,"lj":2,"bm":0,"nm":"Stroke 1","mn":"ADBE Vector Graphic - Stroke","hd":false},{"ty":"tr","p":{"a":0,"k":[254.38,155.141],"ix":2},"a":{"a":0,"k":[0,0],"ix":1},"s":{"a":0,"k":[100,100],"ix":3},"r":{"a":0,"k":0,"ix":6},"o":{"a":0,"k":100,"ix":7},"sk":{"a":0,"k":0,"ix":4},"sa":{"a":0,"k":0,"ix":5},"nm":"Transform"}],"nm":"Group 13","np":2,"cix":2,"bm":0,"ix":13,"mn":"ADBE Vector Group","hd":false},{"ty":"gr","it":[{"ind":0,"ty":"sh","ix":1,"ks":{"a":0,"k":{"i":[[1.753,1.311],[-2.865,0.381],[-2.118,2.393],[5.698,24.534],[-1.783,14.628],[8.96,7.634],[9.036,-1.828],[-31.771,0],[-16.685,-14.309],[-4.77,-26.241],[-9.25,-18.194],[82.745,25.036]],"o":[[4.404,2.85],[2.712,-0.351],[6.736,-7.635],[-6.766,-29.151],[0.716,-5.807],[-8.945,-7.619],[1.143,-0.305],[32.793,0],[16.701,14.31],[4.77,26.224],[8.213,16.168],[-80.137,-24.259]],"v":[[-86.279,48.207],[-74.987,52.458],[-67.674,48.283],[-63.666,-1.409],[-63.666,-66.171],[-78.447,-89.181],[-107.781,-100.671],[-55.909,-105.837],[19.214,-105.837],[36.297,-61.112],[54.188,-3.131],[25.036,95.11]],"c":true},"ix":2},"nm":"Path 1","mn":"ADBE Vector Shape - Group","hd":false},{"ty":"fl","c":{"a":0,"k":[0.30196078431372547,0.45098039215686275,0.9725490196078431,1],"ix":4},"o":{"a":0,"k":100,"ix":5},"r":1,"bm":0,"nm":"Fill 1","mn":"ADBE Vector Graphic - Fill","hd":false},{"ty":"tr","p":{"a":0,"k":[517.126,284.338],"ix":2},"a":{"a":0,"k":[0,0],"ix":1},"s":{"a":0,"k":[100,100],"ix":3},"r":{"a":0,"k":0,"ix":6},"o":{"a":0,"k":100,"ix":7},"sk":{"a":0,"k":0,"ix":4},"sa":{"a":0,"k":0,"ix":5},"nm":"Transform"}],"nm":"Group 14","np":2,"cix":2,"bm":0,"ix":14,"mn":"ADBE Vector Group","hd":false},{"ty":"gr","it":[{"ind":0,"ty":"sh","ix":1,"ks":{"a":0,"k":{"i":[[8.701,11.048],[11.55,8.61],[0.502,0.351],[0,0],[17.6,-0.228],[6.872,-3.429],[2.758,-1.874],[1.173,-0.837],[1.098,-0.853],[1.661,-1.875],[2.666,-4.267],[-3.093,-1.706],[-24.777,12.511],[-1.296,-0.213],[-2.423,-0.61],[-2.407,-0.702],[-4.785,-1.296],[0,0],[-2.133,0],[-0.975,3.611]],"o":[[0,0],[-0.519,-0.381],[0,0],[-10.803,-7.513],[-18.438,0.245],[-2.072,1.036],[-1.173,0.778],[-1.158,0.839],[-4.022,3.063],[-14.187,3.749],[-1.875,2.971],[7.361,4.054],[1.188,0.108],[2.225,0.381],[2.347,0.595],[5.775,1.675],[0,0],[3.733,1.006],[7.879,0],[0,0]],"v":[[70.173,1.859],[48.046,-10.926],[46.507,-12.038],[46.491,-12.038],[9.447,-19.536],[-30.37,-22.979],[-37.807,-18.469],[-41.342,-16.016],[-44.756,-13.471],[-53.974,-5.516],[-76.999,8.229],[-74.714,16.853],[-25.951,13.897],[-22.218,14.4],[-15.208,15.909],[-8.031,17.875],[8.274,22.69],[8.274,22.705],[17.311,24.396],[41.569,15.863]],"c":true},"ix":2},"nm":"Path 1","mn":"ADBE Vector Shape - Group","hd":false},{"ty":"fl","c":{"a":0,"k":[0.984000052658,0.709999952129,0.517999985639,1],"ix":4},"o":{"a":0,"k":100,"ix":5},"r":1,"bm":0,"nm":"Fill 1","mn":"ADBE Vector Graphic - Fill","hd":false},{"ty":"tr","p":{"a":0,"k":[208.567,100.314],"ix":2},"a":{"a":0,"k":[0,0],"ix":1},"s":{"a":0,"k":[100,100],"ix":3},"r":{"a":0,"k":0,"ix":6},"o":{"a":0,"k":100,"ix":7},"sk":{"a":0,"k":0,"ix":4},"sa":{"a":0,"k":0,"ix":5},"nm":"Transform"}],"nm":"Group 15","np":2,"cix":2,"bm":0,"ix":15,"mn":"ADBE Vector Group","hd":false},{"ty":"gr","it":[{"ind":0,"ty":"sh","ix":1,"ks":{"a":0,"k":{"i":[[7.01,12.039],[0,0],[1.767,1.403],[3.81,3.87],[2.377,1.721],[8.305,6.11],[0,0],[-0.519,-0.381],[0,0],[0,0],[7.879,0],[3.734,1.006],[-5.866,-11.763],[-0.32,-0.609],[-2.804,-3.307],[-2.866,-2.363],[-16.685,1.524],[-4.801,-0.533],[-3.795,0.289],[-3.138,1.675]],"o":[[0,0],[-2.103,-1.981],[-9.784,-7.787],[-2.057,-2.103],[-7.086,-5.09],[-11.139,-8.198],[0.502,0.35],[11.549,8.609],[8.701,11.047],[-0.975,3.611],[-2.132,0],[0.062,0.473],[0.29,0.61],[1.89,3.521],[2.011,2.377],[13.729,11.383],[4.816,-0.427],[3.199,0.351],[3.84,-0.29],[6.98,-3.749]],"v":[[58.5,8.936],[58.5,8.921],[52.68,3.802],[30.995,-14.439],[24.336,-20.167],[-5.988,-42.096],[-27.275,-48.693],[-25.736,-47.581],[-3.611,-34.796],[-32.213,-20.792],[-56.473,-12.26],[-65.51,-13.952],[-58.241,9.303],[-57.312,11.13],[-50.317,21.493],[-42.94,28.656],[9.569,48.769],[24.017,48.921],[34.819,49.182],[45.608,46.408]],"c":true},"ix":2},"nm":"Path 1","mn":"ADBE Vector Shape - Group","hd":false},{"ty":"fl","c":{"a":0,"k":[0.984000052658,0.709999952129,0.517999985639,1],"ix":4},"o":{"a":0,"k":100,"ix":5},"r":1,"bm":0,"nm":"Fill 1","mn":"ADBE Vector Graphic - Fill","hd":false},{"ty":"tr","p":{"a":0,"k":[282.35,136.97],"ix":2},"a":{"a":0,"k":[0,0],"ix":1},"s":{"a":0,"k":[100,100],"ix":3},"r":{"a":0,"k":0,"ix":6},"o":{"a":0,"k":100,"ix":7},"sk":{"a":0,"k":0,"ix":4},"sa":{"a":0,"k":0,"ix":5},"nm":"Transform"}],"nm":"Group 16","np":2,"cix":2,"bm":0,"ix":16,"mn":"ADBE Vector Group","hd":false},{"ty":"gr","it":[{"ind":0,"ty":"sh","ix":1,"ks":{"a":0,"k":{"i":[[-5.866,-11.764],[0.031,-0.184],[0,0],[-4.784,-1.295],[0,0]],"o":[[-0.061,0.168],[0,0],[5.775,1.676],[0,0],[0.062,0.473]],"v":[[11.787,13.782],[11.65,14.301],[-11.787,-14.301],[4.517,-9.486],[4.517,-9.472]],"c":true},"ix":2},"nm":"Path 1","mn":"ADBE Vector Shape - Group","hd":false},{"ty":"st","c":{"a":0,"k":[0.136999990426,0.122000002394,0.125,1],"ix":3},"o":{"a":0,"k":100,"ix":4},"w":{"a":0,"k":1,"ix":5},"lc":2,"lj":2,"bm":0,"nm":"Stroke 1","mn":"ADBE Vector Graphic - Stroke","hd":false},{"ty":"fl","c":{"a":0,"k":[0.984000052658,0.616000007181,0.388000009574,1],"ix":4},"o":{"a":0,"k":100,"ix":5},"r":1,"bm":0,"nm":"Fill 1","mn":"ADBE Vector Graphic - Fill","hd":false},{"ty":"tr","p":{"a":0,"k":[212.323,132.49],"ix":2},"a":{"a":0,"k":[0,0],"ix":1},"s":{"a":0,"k":[100,100],"ix":3},"r":{"a":0,"k":0,"ix":6},"o":{"a":0,"k":100,"ix":7},"sk":{"a":0,"k":0,"ix":4},"sa":{"a":0,"k":0,"ix":5},"nm":"Transform"}],"nm":"Group 17","np":3,"cix":2,"bm":0,"ix":17,"mn":"ADBE Vector Group","hd":false},{"ty":"gr","it":[{"ind":0,"ty":"sh","ix":1,"ks":{"a":0,"k":{"i":[[-0.29,-14.34],[0.883,-2.453],[7.772,4.145],[0,0],[0,0],[0,0]],"o":[[0,0],[-2.987,8.29],[-11.429,-6.08],[0,0],[0,0],[0,0]],"v":[[16.405,-0.937],[15.337,3.451],[-4.975,11.132],[-8.785,-7.824],[-8.8,-7.87],[3.39,-13.554]],"c":true},"ix":2},"nm":"Path 1","mn":"ADBE Vector Shape - Group","hd":false},{"ty":"st","c":{"a":0,"k":[0.136999990426,0.122000002394,0.125,1],"ix":3},"o":{"a":0,"k":100,"ix":4},"w":{"a":0,"k":1,"ix":5},"lc":2,"lj":2,"bm":0,"nm":"Stroke 1","mn":"ADBE Vector Graphic - Stroke","hd":false},{"ty":"fl","c":{"a":0,"k":[0.984000052658,0.709999952129,0.517999985639,1],"ix":4},"o":{"a":0,"k":100,"ix":5},"r":1,"bm":0,"nm":"Fill 1","mn":"ADBE Vector Graphic - Fill","hd":false},{"ty":"tr","p":{"a":0,"k":[183.416,236.841],"ix":2},"a":{"a":0,"k":[0,0],"ix":1},"s":{"a":0,"k":[100,100],"ix":3},"r":{"a":0,"k":0,"ix":6},"o":{"a":0,"k":100,"ix":7},"sk":{"a":0,"k":0,"ix":4},"sa":{"a":0,"k":0,"ix":5},"nm":"Transform"}],"nm":"Group 18","np":3,"cix":2,"bm":0,"ix":18,"mn":"ADBE Vector Group","hd":false},{"ty":"gr","it":[{"ind":0,"ty":"sh","ix":1,"ks":{"a":0,"k":{"i":[[0,0],[0,0],[4.175,-2.94],[4.176,13.273]],"o":[[0,0],[-0.595,-0.777],[-4.176,2.956],[-4.191,-13.288]],"v":[[-2.034,-16.313],[16.054,7.719],[8.541,13.357],[-11.863,2.553]],"c":true},"ix":2},"nm":"Path 1","mn":"ADBE Vector Shape - Group","hd":false},{"ty":"st","c":{"a":0,"k":[0.136999990426,0.122000002394,0.125,1],"ix":3},"o":{"a":0,"k":100,"ix":4},"w":{"a":0,"k":1,"ix":5},"lc":2,"lj":2,"bm":0,"nm":"Stroke 1","mn":"ADBE Vector Graphic - Stroke","hd":false},{"ty":"fl","c":{"a":0,"k":[0.984000052658,0.709999952129,0.517999985639,1],"ix":4},"o":{"a":0,"k":100,"ix":5},"r":1,"bm":0,"nm":"Fill 1","mn":"ADBE Vector Graphic - Fill","hd":false},{"ty":"tr","p":{"a":0,"k":[114.585,206.318],"ix":2},"a":{"a":0,"k":[0,0],"ix":1},"s":{"a":0,"k":[100,100],"ix":3},"r":{"a":0,"k":0,"ix":6},"o":{"a":0,"k":100,"ix":7},"sk":{"a":0,"k":0,"ix":4},"sa":{"a":0,"k":0,"ix":5},"nm":"Transform"}],"nm":"Group 19","np":3,"cix":2,"bm":0,"ix":19,"mn":"ADBE Vector Group","hd":false},{"ty":"gr","it":[{"ind":0,"ty":"sh","ix":1,"ks":{"a":0,"k":{"i":[[0,0],[0,0],[8.853,11.307]],"o":[[0,0],[-3.185,0.168],[-8.838,-11.307]],"v":[[-1.691,-16.069],[16.351,7.885],[-7.513,4.762]],"c":true},"ix":2},"nm":"Path 1","mn":"ADBE Vector Shape - Group","hd":false},{"ty":"st","c":{"a":0,"k":[0.136999990426,0.122000002394,0.125,1],"ix":3},"o":{"a":0,"k":100,"ix":4},"w":{"a":0,"k":1,"ix":5},"lc":2,"lj":2,"bm":0,"nm":"Stroke 1","mn":"ADBE Vector Graphic - Stroke","hd":false},{"ty":"fl","c":{"a":0,"k":[0.984000052658,0.709999952129,0.517999985639,1],"ix":4},"o":{"a":0,"k":100,"ix":5},"r":1,"bm":0,"nm":"Fill 1","mn":"ADBE Vector Graphic - Fill","hd":false},{"ty":"tr","p":{"a":0,"k":[79.987,160.589],"ix":2},"a":{"a":0,"k":[0,0],"ix":1},"s":{"a":0,"k":[100,100],"ix":3},"r":{"a":0,"k":0,"ix":6},"o":{"a":0,"k":100,"ix":7},"sk":{"a":0,"k":0,"ix":4},"sa":{"a":0,"k":0,"ix":5},"nm":"Transform"}],"nm":"Group 20","np":3,"cix":2,"bm":0,"ix":20,"mn":"ADBE Vector Group","hd":false},{"ty":"gr","it":[{"ind":0,"ty":"sh","ix":1,"ks":{"a":0,"k":{"i":[[-6.767,-29.15],[6.736,-7.634],[16.777,11.002],[0.016,0.016],[0,0],[23.483,-1.098],[-11.81,13.44],[4.952,12.586],[-3.139,1.676],[7.009,12.038],[-18.925,-6.781],[-3.596,0.701],[0,0],[0.716,-5.806]],"o":[[5.698,24.534],[-9.036,-1.707],[-0.032,-0.014],[0,0],[-4.83,-5.715],[21.029,-1.341],[8.503,-9.691],[3.84,-0.29],[6.98,-3.749],[15.101,14.186],[4.069,1.463],[0,0],[8.96,7.633],[-1.783,14.628]],"v":[[78.074,43.664],[74.066,93.357],[26.051,66.949],[25.989,66.902],[-42.644,17.212],[-83.772,7.018],[-55.291,-8.023],[-58.217,-53.112],[-47.429,-55.887],[-34.537,-93.357],[22.347,-45.707],[33.898,-44.413],[63.293,-44.107],[78.074,-21.098]],"c":true},"ix":2},"nm":"Path 1","mn":"ADBE Vector Shape - Group","hd":false},{"ty":"fl","c":{"a":0,"k":[0.984000052658,0.709999952129,0.517999985639,1],"ix":4},"o":{"a":0,"k":100,"ix":5},"r":1,"bm":0,"nm":"Fill 1","mn":"ADBE Vector Graphic - Fill","hd":false},{"ty":"tr","p":{"a":0,"k":[375.387,239.264],"ix":2},"a":{"a":0,"k":[0,0],"ix":1},"s":{"a":0,"k":[100,100],"ix":3},"r":{"a":0,"k":0,"ix":6},"o":{"a":0,"k":100,"ix":7},"sk":{"a":0,"k":0,"ix":4},"sa":{"a":0,"k":0,"ix":5},"nm":"Transform"}],"nm":"Group 21","np":2,"cix":2,"bm":0,"ix":21,"mn":"ADBE Vector Group","hd":false},{"ty":"gr","it":[{"ind":0,"ty":"sh","ix":1,"ks":{"a":0,"k":{"i":[[0.03,0.016],[0.655,0.717],[-9.036,-1.707],[2.712,-0.35],[4.404,2.849]],"o":[[-12.739,-8.289],[16.777,11.002],[-2.118,2.392],[-2.865,0.381],[-0.03,-0.016]],"v":[[5.311,10.789],[-24.008,-15.482],[24.008,10.927],[16.694,15.101],[5.401,10.851]],"c":true},"ix":2},"nm":"Path 1","mn":"ADBE Vector Shape - Group","hd":false},{"ty":"st","c":{"a":0,"k":[0.136999990426,0.122000002394,0.125,1],"ix":3},"o":{"a":0,"k":100,"ix":4},"w":{"a":0,"k":1,"ix":5},"lc":2,"lj":2,"bm":0,"nm":"Stroke 1","mn":"ADBE Vector Graphic - Stroke","hd":false},{"ty":"fl","c":{"a":0,"k":[0.30196078431372547,0.45098039215686275,0.9725490196078431,1],"ix":4},"o":{"a":0,"k":100,"ix":5},"r":1,"bm":0,"nm":"Fill 1","mn":"ADBE Vector Graphic - Fill","hd":false},{"ty":"tr","p":{"a":0,"k":[425.445,321.695],"ix":2},"a":{"a":0,"k":[0,0],"ix":1},"s":{"a":0,"k":[100,100],"ix":3},"r":{"a":0,"k":0,"ix":6},"o":{"a":0,"k":100,"ix":7},"sk":{"a":0,"k":0,"ix":4},"sa":{"a":0,"k":0,"ix":5},"nm":"Transform"}],"nm":"Group 22","np":3,"cix":2,"bm":0,"ix":22,"mn":"ADBE Vector Group","hd":false},{"ty":"gr","it":[{"ind":0,"ty":"sh","ix":1,"ks":{"a":0,"k":{"i":[[-8.945,-7.619],[0,0],[4.068,1.463],[-4.709,0.975],[-0.016,0]],"o":[[0,0],[-3.596,0.702],[2.773,-5.881],[0.015,-0.015],[9.036,-1.828]],"v":[[20.473,6.461],[-8.923,6.155],[-20.473,4.86],[-8.923,-5.014],[-8.862,-5.029]],"c":true},"ix":2},"nm":"Path 1","mn":"ADBE Vector Shape - Group","hd":false},{"ty":"st","c":{"a":0,"k":[0.136999990426,0.122000002394,0.125,1],"ix":3},"o":{"a":0,"k":100,"ix":4},"w":{"a":0,"k":1,"ix":5},"lc":2,"lj":2,"bm":0,"nm":"Stroke 1","mn":"ADBE Vector Graphic - Stroke","hd":false},{"ty":"fl","c":{"a":0,"k":[0.30196078431372547,0.45098039215686275,0.9725490196078431,1],"ix":4},"o":{"a":0,"k":100,"ix":5},"r":1,"bm":0,"nm":"Fill 1","mn":"ADBE Vector Graphic - Fill","hd":false},{"ty":"tr","p":{"a":0,"k":[418.207,188.696],"ix":2},"a":{"a":0,"k":[0,0],"ix":1},"s":{"a":0,"k":[100,100],"ix":3},"r":{"a":0,"k":0,"ix":6},"o":{"a":0,"k":100,"ix":7},"sk":{"a":0,"k":0,"ix":4},"sa":{"a":0,"k":0,"ix":5},"nm":"Transform"}],"nm":"Group 23","np":3,"cix":2,"bm":0,"ix":23,"mn":"ADBE Vector Group","hd":false},{"ty":"gr","it":[{"ind":0,"ty":"sh","ix":1,"ks":{"a":0,"k":{"i":[[0,0],[0,0]],"o":[[0,0],[0,0]],"v":[[-14.88,6.872],[14.88,-6.872]],"c":false},"ix":2},"nm":"Path 1","mn":"ADBE Vector Shape - Group","hd":false},{"ty":"st","c":{"a":0,"k":[0.136999990426,0.122000002394,0.125,1],"ix":3},"o":{"a":0,"k":100,"ix":4},"w":{"a":0,"k":1,"ix":5},"lc":2,"lj":2,"bm":0,"nm":"Stroke 1","mn":"ADBE Vector Graphic - Stroke","hd":false},{"ty":"tr","p":{"a":0,"k":[198.213,197.946],"ix":2},"a":{"a":0,"k":[0,0],"ix":1},"s":{"a":0,"k":[100,100],"ix":3},"r":{"a":0,"k":0,"ix":6},"o":{"a":0,"k":100,"ix":7},"sk":{"a":0,"k":0,"ix":4},"sa":{"a":0,"k":0,"ix":5},"nm":"Transform"}],"nm":"Group 24","np":2,"cix":2,"bm":0,"ix":24,"mn":"ADBE Vector Group","hd":false},{"ty":"gr","it":[{"ind":0,"ty":"sh","ix":1,"ks":{"a":0,"k":{"i":[[6.902,-3.124],[0,0],[0,0],[5.775,7.603],[0,0],[0,0],[-6.552,1.905],[0,0],[-5.607,-6.857],[0,0],[0,0],[0,0],[0,0]],"o":[[0,0],[0,0],[-8.701,3.948],[0,0],[0,0],[-4.145,-5.44],[0,0],[8.503,-2.454],[0,0],[0,0],[0,0],[0,0],[4.816,5.866]],"v":[[108.893,71.711],[91.672,79.529],[43.626,101.319],[18.865,95.056],[18.712,94.858],[-111.406,-76.282],[-106.378,-91.505],[-39.239,-110.964],[-15.986,-103.727],[39.985,-35.367],[66.12,-3.443],[95.802,32.839],[113.052,53.898]],"c":true},"ix":2},"nm":"Path 1","mn":"ADBE Vector Shape - Group","hd":false},{"ind":1,"ty":"sh","ix":2,"ks":{"a":0,"k":{"i":[[7.208,8.838],[0,0],[0,0],[0,0],[0,0],[0,0],[0,0],[11.307,-3.367],[0,0],[-7.711,-10.24],[0,0],[0,0],[0,0],[0,0],[0,0],[-10.438,4.876],[0,0],[0,0],[0,0],[0,0]],"o":[[0,0],[0,0],[0,0],[0,0],[0,0],[0,0],[-7.482,-9.113],[0,0],[-12.281,3.641],[0,0],[0,0],[0,0],[0,0],[0,0],[6.872,9.234],[0,0],[0,0],[0,0],[0,0],[10.331,-4.83]],"v":[[117.532,52.512],[112.168,45.958],[97.798,28.435],[96.732,27.125],[73.295,-1.477],[43.521,-37.821],[-10.956,-104.305],[-41.951,-113.799],[-107.582,-94.279],[-117.029,-65.6],[-48.945,24.854],[-30.904,48.809],[-14.69,70.34],[3.398,94.371],[11.246,104.793],[40.975,112.29],[47.375,109.305],[59.566,103.621],[91.094,88.9],[111.362,79.438]],"c":true},"ix":2},"nm":"Path 2","mn":"ADBE Vector Shape - Group","hd":false},{"ty":"mm","mm":1,"nm":"Merge Paths 1","mn":"ADBE Vector Filter - Merge","hd":false},{"ty":"st","c":{"a":0,"k":[0.136999990426,0.122000002394,0.125,1],"ix":3},"o":{"a":0,"k":100,"ix":4},"w":{"a":0,"k":1,"ix":5},"lc":2,"lj":2,"bm":0,"nm":"Stroke 1","mn":"ADBE Vector Graphic - Stroke","hd":false},{"ty":"fl","c":{"a":0,"k":[0.30196078431372547,0.45098039215686275,0.9725490196078431,1],"ix":4},"o":{"a":0,"k":100,"ix":5},"r":1,"bm":0,"nm":"Fill 1","mn":"ADBE Vector Graphic - Fill","hd":false},{"ty":"tr","p":{"a":0,"k":[127.24,119.667],"ix":2},"a":{"a":0,"k":[0,0],"ix":1},"s":{"a":0,"k":[100,100],"ix":3},"r":{"a":0,"k":0,"ix":6},"o":{"a":0,"k":100,"ix":7},"sk":{"a":0,"k":0,"ix":4},"sa":{"a":0,"k":0,"ix":5},"nm":"Transform"}],"nm":"Group 25","np":5,"cix":2,"bm":0,"ix":25,"mn":"ADBE Vector Group","hd":false},{"ty":"gr","it":[{"ind":0,"ty":"sh","ix":1,"ks":{"a":0,"k":{"i":[[3.596,4.449],[0,0],[0,0],[0,0],[0,0],[6.066,-1.768],[0,0],[0,0],[2.895,-0.883],[0,0],[2.132,2.087],[0,0],[0,0],[-2.742,-3.749],[0,0],[-6.37,2.941],[0,0],[0,0]],"o":[[0,0],[0,0],[0,0],[0,0],[-3.977,-4.907],[0,0],[0,0],[1.676,2.514],[0,0],[-2.85,0.884],[0,0],[0,0],[-4.464,1.295],[0,0],[4.206,5.608],[0,0],[0,0],[5.196,-2.393]],"v":[[105.578,58.21],[93.967,43.841],[57.837,-0.899],[35.299,-28.77],[-19.955,-97.174],[-36.519,-102.355],[-44.351,-100.07],[-43.376,-98.622],[-45.814,-91.811],[-81.395,-80.991],[-89.486,-82.957],[-92.595,-85.989],[-102.912,-82.987],[-106.432,-72.61],[20.473,96.61],[38.606,101.182],[91.101,76.938],[102.424,71.711]],"c":true},"ix":2},"nm":"Path 1","mn":"ADBE Vector Shape - Group","hd":false},{"ty":"st","c":{"a":0,"k":[0.136999990426,0.122000002394,0.125,1],"ix":3},"o":{"a":0,"k":100,"ix":4},"w":{"a":0,"k":1,"ix":5},"lc":2,"lj":2,"bm":0,"nm":"Stroke 1","mn":"ADBE Vector Graphic - Stroke","hd":false},{"ty":"fl","c":{"a":0,"k":[1,1,1,1],"ix":4},"o":{"a":0,"k":100,"ix":5},"r":1,"bm":0,"nm":"Fill 1","mn":"ADBE Vector Graphic - Fill","hd":false},{"ty":"tr","p":{"a":0,"k":[128.513,115.613],"ix":2},"a":{"a":0,"k":[0,0],"ix":1},"s":{"a":0,"k":[100,100],"ix":3},"r":{"a":0,"k":0,"ix":6},"o":{"a":0,"k":100,"ix":7},"sk":{"a":0,"k":0,"ix":4},"sa":{"a":0,"k":0,"ix":5},"nm":"Transform"}],"nm":"Group 26","np":3,"cix":2,"bm":0,"ix":26,"mn":"ADBE Vector Group","hd":false},{"ty":"gr","it":[{"ind":0,"ty":"sh","ix":1,"ks":{"a":0,"k":{"i":[[5.196,-2.393],[0,0],[0,0],[4.206,5.608],[0,0],[-4.465,1.295],[0,0],[0,0],[-2.849,0.884],[0,0],[1.675,2.514],[0,0],[0,0],[-3.976,-4.907],[0,0],[0,0],[0,0],[0,0]],"o":[[0,0],[0,0],[-6.371,2.941],[0,0],[-2.743,-3.749],[0,0],[0,0],[2.133,2.087],[0,0],[2.896,-0.884],[0,0],[0,0],[6.065,-1.768],[0,0],[0,0],[0,0],[0,0],[3.596,4.449]],"v":[[102.538,71.734],[91.216,76.961],[38.721,101.205],[20.587,96.633],[-106.317,-72.587],[-102.797,-82.964],[-92.481,-85.966],[-89.372,-82.934],[-81.281,-80.968],[-45.7,-91.787],[-43.261,-98.599],[-44.237,-100.047],[-36.404,-102.332],[-19.841,-97.151],[35.413,-28.747],[57.951,-0.876],[94.081,43.864],[105.692,58.233]],"c":true},"ix":2},"nm":"Path 1","mn":"ADBE Vector Shape - Group","hd":false},{"ind":1,"ty":"sh","ix":2,"ks":{"a":0,"k":{"i":[[4.816,5.866],[0,0],[0,0],[0,0],[0,0],[8.503,-2.453],[0,0],[-4.145,-5.44],[0,0],[0,0],[-8.702,3.947],[0,0],[0,0]],"o":[[0,0],[0,0],[0,0],[0,0],[-5.607,-6.858],[0,0],[-6.553,1.905],[0,0],[0,0],[5.775,7.604],[0,0],[0,0],[6.903,-3.124]],"v":[[111.894,57.974],[94.644,36.915],[64.961,0.632],[38.827,-31.291],[-17.144,-99.65],[-40.397,-106.889],[-107.536,-87.43],[-112.565,-72.206],[17.555,98.934],[17.707,99.132],[42.469,105.395],[90.515,83.605],[107.734,75.788]],"c":true},"ix":2},"nm":"Path 2","mn":"ADBE Vector Shape - Group","hd":false},{"ty":"mm","mm":1,"nm":"Merge Paths 1","mn":"ADBE Vector Filter - Merge","hd":false},{"ty":"st","c":{"a":0,"k":[0.136999990426,0.122000002394,0.125,1],"ix":3},"o":{"a":0,"k":100,"ix":4},"w":{"a":0,"k":1,"ix":5},"lc":2,"lj":2,"bm":0,"nm":"Stroke 1","mn":"ADBE Vector Graphic - Stroke","hd":false},{"ty":"fl","c":{"a":0,"k":[0.136999990426,0.122000002394,0.125,1],"ix":4},"o":{"a":0,"k":100,"ix":5},"r":1,"bm":0,"nm":"Fill 1","mn":"ADBE Vector Graphic - Fill","hd":false},{"ty":"tr","p":{"a":0,"k":[128.399,115.59],"ix":2},"a":{"a":0,"k":[0,0],"ix":1},"s":{"a":0,"k":[100,100],"ix":3},"r":{"a":0,"k":0,"ix":6},"o":{"a":0,"k":100,"ix":7},"sk":{"a":0,"k":0,"ix":4},"sa":{"a":0,"k":0,"ix":5},"nm":"Transform"}],"nm":"Group 27","np":5,"cix":2,"bm":0,"ix":27,"mn":"ADBE Vector Group","hd":false},{"ty":"gr","it":[{"ind":0,"ty":"sh","ix":1,"ks":{"a":0,"k":{"i":[[4.952,12.586],[3.2,0.351],[4.815,-0.427],[13.73,11.382],[2.012,2.376],[1.89,3.521],[0,0],[0.244,-2.301],[0.182,-2.62],[1.722,-14.064],[0.184,-2.104],[0.077,-2.85],[-1.828,-2.91],[-0.016,-0.015],[-0.367,-0.579],[0,0],[-29.166,3.109],[-2.803,0.137],[-11.81,13.439]],"o":[[-3.795,0.289],[-4.8,-0.533],[-16.686,1.524],[-2.865,-2.363],[-2.803,-3.307],[0,0],[-0.397,1.507],[-0.213,2.011],[-0.564,8.046],[-0.289,2.332],[-0.305,3.413],[-0.563,17.189],[0.016,0.016],[0.487,0.488],[0,0],[3.931,3.687],[3.11,-0.335],[21.029,-1.341],[8.503,-9.692]],"v":[[43.985,-12.282],[33.181,-12.542],[18.735,-12.694],[-33.776,-32.808],[-41.152,-39.97],[-48.146,-50.333],[-49.212,-51.642],[-50.142,-45.928],[-50.705,-38.98],[-53.571,-5.883],[-54.272,0.762],[-54.851,10.133],[-50.615,37.668],[-50.583,37.714],[-49.288,39.299],[-49.273,39.315],[9.561,48.533],[18.43,47.848],[46.911,32.808]],"c":true},"ix":2},"nm":"Path 1","mn":"ADBE Vector Shape - Group","hd":false},{"ty":"fl","c":{"a":0,"k":[0.984000052658,0.709999952129,0.517999985639,1],"ix":4},"o":{"a":0,"k":100,"ix":5},"r":1,"bm":0,"nm":"Fill 1","mn":"ADBE Vector Graphic - Fill","hd":false},{"ty":"tr","p":{"a":0,"k":[273.185,198.433],"ix":2},"a":{"a":0,"k":[0,0],"ix":1},"s":{"a":0,"k":[100,100],"ix":3},"r":{"a":0,"k":0,"ix":6},"o":{"a":0,"k":100,"ix":7},"sk":{"a":0,"k":0,"ix":4},"sa":{"a":0,"k":0,"ix":5},"nm":"Transform"}],"nm":"Group 28","np":2,"cix":2,"bm":0,"ix":28,"mn":"ADBE Vector Group","hd":false},{"ty":"gr","it":[{"ind":0,"ty":"sh","ix":1,"ks":{"a":0,"k":{"i":[[0,0],[0,0],[-1.828,-2.91],[1.112,0.229],[0,0]],"o":[[0,0],[-0.563,17.189],[-4.785,-4.845],[-1.235,-0.244],[-0.29,-14.34]],"v":[[-17.882,0.952],[13.645,-13.767],[17.882,13.767],[3.01,8.16],[-4.868,13.57]],"c":true},"ix":2},"nm":"Path 1","mn":"ADBE Vector Shape - Group","hd":false},{"ty":"st","c":{"a":0,"k":[0.136999990426,0.122000002394,0.125,1],"ix":3},"o":{"a":0,"k":100,"ix":4},"w":{"a":0,"k":1,"ix":5},"lc":2,"lj":2,"bm":0,"nm":"Stroke 1","mn":"ADBE Vector Graphic - Stroke","hd":false},{"ty":"fl","c":{"a":0,"k":[0.984000052658,0.616000007181,0.388000009574,1],"ix":4},"o":{"a":0,"k":100,"ix":5},"r":1,"bm":0,"nm":"Fill 1","mn":"ADBE Vector Graphic - Fill","hd":false},{"ty":"tr","p":{"a":0,"k":[204.689,222.334],"ix":2},"a":{"a":0,"k":[0,0],"ix":1},"s":{"a":0,"k":[100,100],"ix":3},"r":{"a":0,"k":0,"ix":6},"o":{"a":0,"k":100,"ix":7},"sk":{"a":0,"k":0,"ix":4},"sa":{"a":0,"k":0,"ix":5},"nm":"Transform"}],"nm":"Group 29","np":3,"cix":2,"bm":0,"ix":29,"mn":"ADBE Vector Group","hd":false}],"ip":0,"op":72,"st":0,"bm":0},{"ddd":0,"ind":2,"ty":4,"nm":"POS Outlines","sr":1,"ks":{"o":{"a":0,"k":100,"ix":11},"r":{"a":1,"k":[{"i":{"x":[0.833],"y":[0.833]},"o":{"x":[0.167],"y":[0.167]},"t":0,"s":[0]},{"i":{"x":[0.833],"y":[0.833]},"o":{"x":[0.167],"y":[0.167]},"t":36,"s":[2]},{"t":72,"s":[0]}],"ix":10},"p":{"a":1,"k":[{"i":{"x":0.833,"y":0.833},"o":{"x":0.167,"y":0.167},"t":0,"s":[369.323,719.281,0],"to":[0,-1.667,0],"ti":[0,0,0]},{"i":{"x":0.833,"y":0.833},"o":{"x":0.167,"y":0.167},"t":36,"s":[369.323,709.281,0],"to":[0,0,0],"ti":[0,-1.667,0]},{"t":72,"s":[369.323,719.281,0]}],"ix":2},"a":{"a":0,"k":[169.083,100.821,0],"ix":1},"s":{"a":0,"k":[100,100,100],"ix":6}},"ao":0,"shapes":[{"ty":"gr","it":[{"ind":0,"ty":"sh","ix":1,"ks":{"a":0,"k":{"i":[[0,0],[-53.122,0.66]],"o":[[0,0],[0,0]],"v":[[-47.842,4.372],[47.842,-4.372]],"c":false},"ix":2},"nm":"Path 1","mn":"ADBE Vector Shape - Group","hd":false},{"ty":"st","c":{"a":0,"k":[0.136999990426,0.122000002394,0.125,1],"ix":3},"o":{"a":0,"k":100,"ix":4},"w":{"a":0,"k":1,"ix":5},"lc":2,"lj":2,"bm":0,"nm":"Stroke 1","mn":"ADBE Vector Graphic - Stroke","hd":false},{"ty":"tr","p":{"a":0,"k":[120.3,11.436],"ix":2},"a":{"a":0,"k":[0,0],"ix":1},"s":{"a":0,"k":[100,100],"ix":3},"r":{"a":0,"k":0,"ix":6},"o":{"a":0,"k":100,"ix":7},"sk":{"a":0,"k":0,"ix":4},"sa":{"a":0,"k":0,"ix":5},"nm":"Transform"}],"nm":"Group 1","np":2,"cix":2,"bm":0,"ix":1,"mn":"ADBE Vector Group","hd":false},{"ty":"gr","it":[{"ind":0,"ty":"sh","ix":1,"ks":{"a":0,"k":{"i":[[0,0],[0.218,-7.311],[-2.318,0.124],[-20.496,6.429],[0.501,3.07],[0,0]],"o":[[0,0],[-0.068,2.321],[17.149,-0.918],[2.967,-0.93],[-1.535,-9.406],[0,0]],"v":[[-46.628,-3.981],[-44.748,12.676],[-40.591,16.761],[41.828,7.015],[46.127,0.042],[42.055,-16.885]],"c":false},"ix":2},"nm":"Path 1","mn":"ADBE Vector Shape - Group","hd":false},{"ty":"st","c":{"a":0,"k":[0.136999990426,0.122000002394,0.125,1],"ix":3},"o":{"a":0,"k":100,"ix":4},"w":{"a":0,"k":1,"ix":5},"lc":1,"lj":1,"ml":10,"bm":0,"nm":"Stroke 1","mn":"ADBE Vector Graphic - Stroke","hd":false},{"ty":"tr","p":{"a":0,"k":[276.907,121.119],"ix":2},"a":{"a":0,"k":[0,0],"ix":1},"s":{"a":0,"k":[100,100],"ix":3},"r":{"a":0,"k":0,"ix":6},"o":{"a":0,"k":100,"ix":7},"sk":{"a":0,"k":0,"ix":4},"sa":{"a":0,"k":0,"ix":5},"nm":"Transform"}],"nm":"Group 24","np":2,"cix":2,"bm":0,"ix":2,"mn":"ADBE Vector Group","hd":false},{"ty":"gr","it":[{"ind":0,"ty":"sh","ix":1,"ks":{"a":0,"k":{"i":[[0,0],[-46.597,-54.761],[0,0],[-10.411,0.992],[0,0],[-4.496,21.282],[0,0]],"o":[[0,0],[0,0],[6.059,8.525],[0,0],[0,0],[0,0],[0,0]],"v":[[-127.113,-29.307],[-33.407,5.58],[-11.773,36.016],[14.846,48.189],[31.18,46.631],[123.937,18.86],[127.113,3.353]],"c":false},"ix":2},"nm":"Path 1","mn":"ADBE Vector Shape - Group","hd":false},{"ty":"st","c":{"a":0,"k":[0.136999990426,0.122000002394,0.125,1],"ix":3},"o":{"a":0,"k":100,"ix":4},"w":{"a":0,"k":1,"ix":5},"lc":1,"lj":1,"ml":10,"bm":0,"nm":"Stroke 1","mn":"ADBE Vector Graphic - Stroke","hd":false},{"ty":"tr","p":{"a":0,"k":[195.025,149.961],"ix":2},"a":{"a":0,"k":[0,0],"ix":1},"s":{"a":0,"k":[100,100],"ix":3},"r":{"a":0,"k":0,"ix":6},"o":{"a":0,"k":100,"ix":7},"sk":{"a":0,"k":0,"ix":4},"sa":{"a":0,"k":0,"ix":5},"nm":"Transform"}],"nm":"Group 26","np":2,"cix":2,"bm":0,"ix":3,"mn":"ADBE Vector Group","hd":false},{"ty":"gr","it":[{"ind":0,"ty":"sh","ix":1,"ks":{"a":0,"k":{"i":[[0,0],[0,0],[7.216,4.935],[0,0]],"o":[[0,0],[-1.311,-8.643],[0,0],[0,0]],"v":[[19.346,36.93],[13.376,-2.409],[0.006,-23.698],[-19.346,-36.93]],"c":false},"ix":2},"nm":"Path 1","mn":"ADBE Vector Shape - Group","hd":false},{"ty":"st","c":{"a":0,"k":[0.136999990426,0.122000002394,0.125,1],"ix":3},"o":{"a":0,"k":100,"ix":4},"w":{"a":0,"k":1,"ix":5},"lc":1,"lj":1,"ml":10,"bm":0,"nm":"Stroke 1","mn":"ADBE Vector Graphic - Stroke","hd":false},{"ty":"tr","p":{"a":0,"k":[168.095,111.964],"ix":2},"a":{"a":0,"k":[0,0],"ix":1},"s":{"a":0,"k":[100,100],"ix":3},"r":{"a":0,"k":0,"ix":6},"o":{"a":0,"k":100,"ix":7},"sk":{"a":0,"k":0,"ix":4},"sa":{"a":0,"k":0,"ix":5},"nm":"Transform"}],"nm":"Group 28","np":2,"cix":2,"bm":0,"ix":4,"mn":"ADBE Vector Group","hd":false},{"ty":"gr","it":[{"ind":0,"ty":"sh","ix":1,"ks":{"a":0,"k":{"i":[[0,0],[0,0]],"o":[[0,0],[0,0]],"v":[[4.61,-7.085],[-4.61,7.085]],"c":false},"ix":2},"nm":"Path 1","mn":"ADBE Vector Shape - Group","hd":false},{"ty":"st","c":{"a":0,"k":[0.136999990426,0.122000002394,0.125,1],"ix":3},"o":{"a":0,"k":100,"ix":4},"w":{"a":0,"k":1,"ix":5},"lc":1,"lj":1,"ml":10,"bm":0,"nm":"Stroke 1","mn":"ADBE Vector Graphic - Stroke","hd":false},{"ty":"tr","p":{"a":0,"k":[47.116,20.767],"ix":2},"a":{"a":0,"k":[0,0],"ix":1},"s":{"a":0,"k":[100,100],"ix":3},"r":{"a":0,"k":0,"ix":6},"o":{"a":0,"k":100,"ix":7},"sk":{"a":0,"k":0,"ix":4},"sa":{"a":0,"k":0,"ix":5},"nm":"Transform"}],"nm":"Group 31","np":2,"cix":2,"bm":0,"ix":5,"mn":"ADBE Vector Group","hd":false},{"ty":"gr","it":[{"ind":0,"ty":"sh","ix":1,"ks":{"a":0,"k":{"i":[[0,0],[0,0],[-4.619,5.247],[0,0],[0,0],[-2.644,3.371],[0,0],[-5.868,-2.883],[0,0],[-12.771,-9.659],[0,0],[-1.033,-6.659],[0,0]],"o":[[0,0],[5.896,3.756],[0,0],[0,0],[-1.355,-4.065],[0,0],[4.036,-5.143],[0,0],[13.956,7.849],[0,0],[5.281,4.186],[0,0],[0,0]],"v":[[-90.803,-20.104],[-68.082,-5.621],[-49.814,-8.211],[-43.898,-14.932],[-43.98,-15.178],[-41.915,-27.086],[-24.403,-49.406],[-7.417,-53.289],[13.424,-41.567],[53.56,-15.274],[76.155,1.817],[85.976,18.688],[90.803,56.172]],"c":false},"ix":2},"nm":"Path 1","mn":"ADBE Vector Shape - Group","hd":false},{"ty":"st","c":{"a":0,"k":[0.136999990426,0.122000002394,0.125,1],"ix":3},"o":{"a":0,"k":100,"ix":4},"w":{"a":0,"k":1,"ix":5},"lc":1,"lj":1,"ml":10,"bm":0,"nm":"Stroke 1","mn":"ADBE Vector Graphic - Stroke","hd":false},{"ty":"tr","p":{"a":0,"k":[100.345,88.975],"ix":2},"a":{"a":0,"k":[0,0],"ix":1},"s":{"a":0,"k":[100,100],"ix":3},"r":{"a":0,"k":0,"ix":6},"o":{"a":0,"k":100,"ix":7},"sk":{"a":0,"k":0,"ix":4},"sa":{"a":0,"k":0,"ix":5},"nm":"Transform"}],"nm":"Group 35","np":2,"cix":2,"bm":0,"ix":6,"mn":"ADBE Vector Group","hd":false},{"ty":"gr","it":[{"ind":0,"ty":"sh","ix":1,"ks":{"a":0,"k":{"i":[[0,0],[1.641,-0.138],[0,0],[1.534,0.997],[0,0],[-1.641,0.138],[0,0],[-1.534,-0.997]],"o":[[1.534,0.997],[0,0],[-1.641,0.139],[0,0],[-1.533,-0.998],[0,0],[1.641,-0.138],[0,0]],"v":[[11.581,0.26],[11.382,2.331],[-2.394,3.542],[-8.13,1.993],[-11.582,-0.261],[-11.398,-2.331],[2.378,-3.544],[8.129,-1.994]],"c":true},"ix":2},"nm":"Path 1","mn":"ADBE Vector Shape - Group","hd":false},{"ty":"st","c":{"a":0,"k":[0.136999990426,0.122000002394,0.125,1],"ix":3},"o":{"a":0,"k":100,"ix":4},"w":{"a":0,"k":1,"ix":5},"lc":1,"lj":1,"ml":10,"bm":0,"nm":"Stroke 1","mn":"ADBE Vector Graphic - Stroke","hd":false},{"ty":"fl","c":{"a":0,"k":[0.57599995931,0.583999992819,0.596000043084,1],"ix":4},"o":{"a":0,"k":100,"ix":5},"r":1,"bm":0,"nm":"Fill 1","mn":"ADBE Vector Graphic - Fill","hd":false},{"ty":"tr","p":{"a":0,"k":[208.624,74.793],"ix":2},"a":{"a":0,"k":[0,0],"ix":1},"s":{"a":0,"k":[100,100],"ix":3},"r":{"a":0,"k":0,"ix":6},"o":{"a":0,"k":100,"ix":7},"sk":{"a":0,"k":0,"ix":4},"sa":{"a":0,"k":0,"ix":5},"nm":"Transform"}],"nm":"Group 38","np":3,"cix":2,"bm":0,"ix":7,"mn":"ADBE Vector Group","hd":false},{"ty":"gr","it":[{"ind":0,"ty":"sh","ix":1,"ks":{"a":0,"k":{"i":[[0,0],[1.626,-0.153],[0,0],[1.518,0.997],[0,0],[-1.611,0.138],[0,0],[-1.502,-0.982]],"o":[[1.534,0.997],[0,0],[-1.626,0.137],[0,0],[-1.503,-0.982],[0,0],[1.611,-0.153],[0,0]],"v":[[11.596,0.277],[11.412,2.347],[-2.378,3.544],[-8.114,1.995],[-11.627,-0.291],[-11.427,-2.316],[2.454,-3.528],[8.098,-2.009]],"c":true},"ix":2},"nm":"Path 1","mn":"ADBE Vector Shape - Group","hd":false},{"ty":"st","c":{"a":0,"k":[0.136999990426,0.122000002394,0.125,1],"ix":3},"o":{"a":0,"k":100,"ix":4},"w":{"a":0,"k":1,"ix":5},"lc":1,"lj":1,"ml":10,"bm":0,"nm":"Stroke 1","mn":"ADBE Vector Graphic - Stroke","hd":false},{"ty":"fl","c":{"a":0,"k":[0.57599995931,0.583999992819,0.596000043084,1],"ix":4},"o":{"a":0,"k":100,"ix":5},"r":1,"bm":0,"nm":"Fill 1","mn":"ADBE Vector Graphic - Fill","hd":false},{"ty":"tr","p":{"a":0,"k":[210.588,53.717],"ix":2},"a":{"a":0,"k":[0,0],"ix":1},"s":{"a":0,"k":[100,100],"ix":3},"r":{"a":0,"k":0,"ix":6},"o":{"a":0,"k":100,"ix":7},"sk":{"a":0,"k":0,"ix":4},"sa":{"a":0,"k":0,"ix":5},"nm":"Transform"}],"nm":"Group 39","np":3,"cix":2,"bm":0,"ix":8,"mn":"ADBE Vector Group","hd":false},{"ty":"gr","it":[{"ind":0,"ty":"sh","ix":1,"ks":{"a":0,"k":{"i":[[0,0],[1.641,-0.153],[0,0],[1.534,0.997],[0,0],[-1.641,0.138],[0,0],[-1.518,-0.997]],"o":[[1.519,0.997],[0,0],[-1.641,0.137],[0,0],[-1.534,-0.997],[0,0],[1.641,-0.138],[0,0]],"v":[[11.596,0.268],[11.397,2.338],[-2.378,3.536],[-8.13,1.986],[-11.581,-0.269],[-11.382,-2.324],[2.393,-3.536],[8.129,-1.986]],"c":true},"ix":2},"nm":"Path 1","mn":"ADBE Vector Shape - Group","hd":false},{"ty":"st","c":{"a":0,"k":[0.136999990426,0.122000002394,0.125,1],"ix":3},"o":{"a":0,"k":100,"ix":4},"w":{"a":0,"k":1,"ix":5},"lc":1,"lj":1,"ml":10,"bm":0,"nm":"Stroke 1","mn":"ADBE Vector Graphic - Stroke","hd":false},{"ty":"fl","c":{"a":0,"k":[0.57599995931,0.583999992819,0.596000043084,1],"ix":4},"o":{"a":0,"k":100,"ix":5},"r":1,"bm":0,"nm":"Fill 1","mn":"ADBE Vector Graphic - Fill","hd":false},{"ty":"tr","p":{"a":0,"k":[222.751,84.003],"ix":2},"a":{"a":0,"k":[0,0],"ix":1},"s":{"a":0,"k":[100,100],"ix":3},"r":{"a":0,"k":0,"ix":6},"o":{"a":0,"k":100,"ix":7},"sk":{"a":0,"k":0,"ix":4},"sa":{"a":0,"k":0,"ix":5},"nm":"Transform"}],"nm":"Group 40","np":3,"cix":2,"bm":0,"ix":9,"mn":"ADBE Vector Group","hd":false},{"ty":"gr","it":[{"ind":0,"ty":"sh","ix":1,"ks":{"a":0,"k":{"i":[[0,0],[1.641,-0.137],[0,0],[1.533,0.997],[0,0],[-1.626,0.139],[0,0],[-1.519,-0.997]],"o":[[1.534,0.997],[0,0],[-1.642,0.138],[0,0],[-1.533,-0.998],[0,0],[1.626,-0.137],[0,0]],"v":[[11.581,0.261],[11.396,2.331],[-2.378,3.543],[-8.13,1.994],[-11.582,-0.26],[-11.398,-2.332],[2.392,-3.544],[8.129,-1.994]],"c":true},"ix":2},"nm":"Path 1","mn":"ADBE Vector Shape - Group","hd":false},{"ty":"st","c":{"a":0,"k":[0.136999990426,0.122000002394,0.125,1],"ix":3},"o":{"a":0,"k":100,"ix":4},"w":{"a":0,"k":1,"ix":5},"lc":1,"lj":1,"ml":10,"bm":0,"nm":"Stroke 1","mn":"ADBE Vector Graphic - Stroke","hd":false},{"ty":"fl","c":{"a":0,"k":[0.57599995931,0.583999992819,0.596000043084,1],"ix":4},"o":{"a":0,"k":100,"ix":5},"r":1,"bm":0,"nm":"Fill 1","mn":"ADBE Vector Graphic - Fill","hd":false},{"ty":"tr","p":{"a":0,"k":[224.73,62.936],"ix":2},"a":{"a":0,"k":[0,0],"ix":1},"s":{"a":0,"k":[100,100],"ix":3},"r":{"a":0,"k":0,"ix":6},"o":{"a":0,"k":100,"ix":7},"sk":{"a":0,"k":0,"ix":4},"sa":{"a":0,"k":0,"ix":5},"nm":"Transform"}],"nm":"Group 41","np":3,"cix":2,"bm":0,"ix":10,"mn":"ADBE Vector Group","hd":false},{"ty":"gr","it":[{"ind":0,"ty":"sh","ix":1,"ks":{"a":0,"k":{"i":[[0,0],[3.727,-0.337],[0,0],[3.482,2.255],[0,0],[-1.12,0.108],[0,0],[-1.058,-0.675]],"o":[[3.482,2.271],[0,0],[-3.712,0.322],[0,0],[-1.043,-0.691],[0,0],[1.12,-0.092],[0,0]],"v":[[9.042,-1.948],[8.597,2.761],[2.37,3.298],[-10.684,-0.215],[-11.481,-0.736],[-11.343,-2.163],[4.302,-3.528],[8.244,-2.469]],"c":true},"ix":2},"nm":"Path 1","mn":"ADBE Vector Shape - Group","hd":false},{"ty":"st","c":{"a":0,"k":[0.136999990426,0.122000002394,0.125,1],"ix":3},"o":{"a":0,"k":100,"ix":4},"w":{"a":0,"k":1,"ix":5},"lc":1,"lj":1,"ml":10,"bm":0,"nm":"Stroke 1","mn":"ADBE Vector Graphic - Stroke","hd":false},{"ty":"fl","c":{"a":0,"k":[0.224000010771,0.709999952129,0.289999988032,1],"ix":4},"o":{"a":0,"k":100,"ix":5},"r":1,"bm":0,"nm":"Fill 1","mn":"ADBE Vector Graphic - Fill","hd":false},{"ty":"tr","p":{"a":0,"k":[235.905,93.122],"ix":2},"a":{"a":0,"k":[0,0],"ix":1},"s":{"a":0,"k":[100,100],"ix":3},"r":{"a":0,"k":0,"ix":6},"o":{"a":0,"k":100,"ix":7},"sk":{"a":0,"k":0,"ix":4},"sa":{"a":0,"k":0,"ix":5},"nm":"Transform"}],"nm":"Group 42","np":3,"cix":2,"bm":0,"ix":11,"mn":"ADBE Vector Group","hd":false},{"ty":"gr","it":[{"ind":0,"ty":"sh","ix":1,"ks":{"a":0,"k":{"i":[[0,0],[1.641,-0.138],[0,0],[1.534,0.997],[0,0],[-1.641,0.153],[0,0],[-1.533,-0.997]],"o":[[1.534,0.997],[0,0],[-1.641,0.138],[0,0],[-1.534,-0.997],[0,0],[1.642,-0.137],[0,0]],"v":[[11.589,0.268],[11.389,2.324],[-2.386,3.536],[-8.137,1.986],[-11.588,-0.269],[-11.39,-2.339],[2.385,-3.537],[8.136,-1.986]],"c":true},"ix":2},"nm":"Path 1","mn":"ADBE Vector Shape - Group","hd":false},{"ty":"st","c":{"a":0,"k":[0.136999990426,0.122000002394,0.125,1],"ix":3},"o":{"a":0,"k":100,"ix":4},"w":{"a":0,"k":1,"ix":5},"lc":1,"lj":1,"ml":10,"bm":0,"nm":"Stroke 1","mn":"ADBE Vector Graphic - Stroke","hd":false},{"ty":"fl","c":{"a":0,"k":[0.57599995931,0.583999992819,0.596000043084,1],"ix":4},"o":{"a":0,"k":100,"ix":5},"r":1,"bm":0,"nm":"Fill 1","mn":"ADBE Vector Graphic - Fill","hd":false},{"ty":"tr","p":{"a":0,"k":[238.865,72.147],"ix":2},"a":{"a":0,"k":[0,0],"ix":1},"s":{"a":0,"k":[100,100],"ix":3},"r":{"a":0,"k":0,"ix":6},"o":{"a":0,"k":100,"ix":7},"sk":{"a":0,"k":0,"ix":4},"sa":{"a":0,"k":0,"ix":5},"nm":"Transform"}],"nm":"Group 43","np":3,"cix":2,"bm":0,"ix":12,"mn":"ADBE Vector Group","hd":false},{"ty":"gr","it":[{"ind":0,"ty":"sh","ix":1,"ks":{"a":0,"k":{"i":[[0,0],[1.641,-0.138],[0,0],[1.534,0.997],[0,0],[-1.61,0.138],[0,0],[-1.487,-0.982]],"o":[[1.534,0.997],[0,0],[-1.641,0.138],[0,0],[-1.503,-0.981],[0,0],[1.61,-0.137],[0,0]],"v":[[11.596,0.26],[11.397,2.331],[-2.378,3.543],[-8.13,1.993],[-11.627,-0.292],[-11.443,-2.332],[2.439,-3.544],[8.083,-2.025]],"c":true},"ix":2},"nm":"Path 1","mn":"ADBE Vector Shape - Group","hd":false},{"ty":"st","c":{"a":0,"k":[0.136999990426,0.122000002394,0.125,1],"ix":3},"o":{"a":0,"k":100,"ix":4},"w":{"a":0,"k":1,"ix":5},"lc":1,"lj":1,"ml":10,"bm":0,"nm":"Stroke 1","mn":"ADBE Vector Graphic - Stroke","hd":false},{"ty":"fl","c":{"a":0,"k":[0.57599995931,0.583999992819,0.596000043084,1],"ix":4},"o":{"a":0,"k":100,"ix":5},"r":1,"bm":0,"nm":"Fill 1","mn":"ADBE Vector Graphic - Fill","hd":false},{"ty":"tr","p":{"a":0,"k":[240.836,51.079],"ix":2},"a":{"a":0,"k":[0,0],"ix":1},"s":{"a":0,"k":[100,100],"ix":3},"r":{"a":0,"k":0,"ix":6},"o":{"a":0,"k":100,"ix":7},"sk":{"a":0,"k":0,"ix":4},"sa":{"a":0,"k":0,"ix":5},"nm":"Transform"}],"nm":"Group 44","np":3,"cix":2,"bm":0,"ix":13,"mn":"ADBE Vector Group","hd":false},{"ty":"gr","it":[{"ind":0,"ty":"sh","ix":1,"ks":{"a":0,"k":{"i":[[0,0],[1.626,-0.137],[0,0],[1.533,0.997],[0,0],[-1.626,0.139],[0,0],[-1.534,-0.997]],"o":[[1.534,0.997],[0,0],[-1.626,0.138],[0,0],[-1.519,-0.998],[0,0],[1.626,-0.137],[0,0]],"v":[[11.581,0.261],[11.397,2.331],[-2.393,3.543],[-8.129,1.994],[-11.596,-0.26],[-11.397,-2.332],[2.393,-3.544],[8.13,-1.994]],"c":true},"ix":2},"nm":"Path 1","mn":"ADBE Vector Shape - Group","hd":false},{"ty":"st","c":{"a":0,"k":[0.136999990426,0.122000002394,0.125,1],"ix":3},"o":{"a":0,"k":100,"ix":4},"w":{"a":0,"k":1,"ix":5},"lc":1,"lj":1,"ml":10,"bm":0,"nm":"Stroke 1","mn":"ADBE Vector Graphic - Stroke","hd":false},{"ty":"fl","c":{"a":0,"k":[0.57599995931,0.583999992819,0.596000043084,1],"ix":4},"o":{"a":0,"k":100,"ix":5},"r":1,"bm":0,"nm":"Fill 1","mn":"ADBE Vector Graphic - Fill","hd":false},{"ty":"tr","p":{"a":0,"k":[252.999,81.358],"ix":2},"a":{"a":0,"k":[0,0],"ix":1},"s":{"a":0,"k":[100,100],"ix":3},"r":{"a":0,"k":0,"ix":6},"o":{"a":0,"k":100,"ix":7},"sk":{"a":0,"k":0,"ix":4},"sa":{"a":0,"k":0,"ix":5},"nm":"Transform"}],"nm":"Group 45","np":3,"cix":2,"bm":0,"ix":14,"mn":"ADBE Vector Group","hd":false},{"ty":"gr","it":[{"ind":0,"ty":"sh","ix":1,"ks":{"a":0,"k":{"i":[[0,0],[1.626,-0.154],[0,0],[1.534,0.997],[0,0],[-1.641,0.153],[0,0],[-1.534,-0.997]],"o":[[1.534,0.997],[0,0],[-1.642,0.153],[0,0],[-1.533,-0.997],[0,0],[1.641,-0.138],[0,0]],"v":[[11.581,0.26],[11.396,2.331],[-2.378,3.528],[-8.13,1.979],[-11.582,-0.277],[-11.398,-2.347],[2.378,-3.544],[8.129,-1.994]],"c":true},"ix":2},"nm":"Path 1","mn":"ADBE Vector Shape - Group","hd":false},{"ty":"st","c":{"a":0,"k":[0.136999990426,0.122000002394,0.125,1],"ix":3},"o":{"a":0,"k":100,"ix":4},"w":{"a":0,"k":1,"ix":5},"lc":1,"lj":1,"ml":10,"bm":0,"nm":"Stroke 1","mn":"ADBE Vector Graphic - Stroke","hd":false},{"ty":"fl","c":{"a":0,"k":[0.57599995931,0.583999992819,0.596000043084,1],"ix":4},"o":{"a":0,"k":100,"ix":5},"r":1,"bm":0,"nm":"Fill 1","mn":"ADBE Vector Graphic - Fill","hd":false},{"ty":"tr","p":{"a":0,"k":[254.978,60.298],"ix":2},"a":{"a":0,"k":[0,0],"ix":1},"s":{"a":0,"k":[100,100],"ix":3},"r":{"a":0,"k":0,"ix":6},"o":{"a":0,"k":100,"ix":7},"sk":{"a":0,"k":0,"ix":4},"sa":{"a":0,"k":0,"ix":5},"nm":"Transform"}],"nm":"Group 46","np":3,"cix":2,"bm":0,"ix":15,"mn":"ADBE Vector Group","hd":false},{"ty":"gr","it":[{"ind":0,"ty":"sh","ix":1,"ks":{"a":0,"k":{"i":[[0,0],[3.743,-0.323],[0,0],[3.497,2.286],[0,0],[-1.105,0.092],[0,0],[-1.027,-0.675]],"o":[[3.497,2.285],[0,0],[-3.742,0.337],[0,0],[-1.028,-0.659],[0,0],[1.089,-0.092],[0,0]],"v":[[9.027,-1.972],[8.582,2.753],[2.446,3.29],[-10.699,-0.254],[-11.496,-0.776],[-11.358,-2.156],[4.379,-3.536],[8.229,-2.493]],"c":true},"ix":2},"nm":"Path 1","mn":"ADBE Vector Shape - Group","hd":false},{"ty":"st","c":{"a":0,"k":[0.136999990426,0.122000002394,0.125,1],"ix":3},"o":{"a":0,"k":100,"ix":4},"w":{"a":0,"k":1,"ix":5},"lc":1,"lj":1,"ml":10,"bm":0,"nm":"Stroke 1","mn":"ADBE Vector Graphic - Stroke","hd":false},{"ty":"fl","c":{"a":0,"k":[1,0.948999980852,0,1],"ix":4},"o":{"a":0,"k":100,"ix":5},"r":1,"bm":0,"nm":"Fill 1","mn":"ADBE Vector Graphic - Fill","hd":false},{"ty":"tr","p":{"a":0,"k":[266.122,90.477],"ix":2},"a":{"a":0,"k":[0,0],"ix":1},"s":{"a":0,"k":[100,100],"ix":3},"r":{"a":0,"k":0,"ix":6},"o":{"a":0,"k":100,"ix":7},"sk":{"a":0,"k":0,"ix":4},"sa":{"a":0,"k":0,"ix":5},"nm":"Transform"}],"nm":"Group 47","np":3,"cix":2,"bm":0,"ix":16,"mn":"ADBE Vector Group","hd":false},{"ty":"gr","it":[{"ind":0,"ty":"sh","ix":1,"ks":{"a":0,"k":{"i":[[0,0],[3.728,-0.337],[0,0],[3.498,2.271],[0,0],[-1.104,0.107],[0,0],[-1.043,-0.676]],"o":[[3.482,2.27],[0,0],[-3.728,0.322],[0,0],[-1.028,-0.675],[0,0],[1.104,-0.092],[0,0]],"v":[[9.035,-1.963],[8.59,2.761],[2.409,3.298],[-10.691,-0.231],[-11.488,-0.752],[-11.35,-2.163],[4.341,-3.528],[8.237,-2.484]],"c":true},"ix":2},"nm":"Path 1","mn":"ADBE Vector Shape - Group","hd":false},{"ty":"st","c":{"a":0,"k":[0.136999990426,0.122000002394,0.125,1],"ix":3},"o":{"a":0,"k":100,"ix":4},"w":{"a":0,"k":1,"ix":5},"lc":1,"lj":1,"ml":10,"bm":0,"nm":"Stroke 1","mn":"ADBE Vector Graphic - Stroke","hd":false},{"ty":"fl","c":{"a":0,"k":[0.929000016755,0.109999997008,0.141000007181,1],"ix":4},"o":{"a":0,"k":100,"ix":5},"r":1,"bm":0,"nm":"Fill 1","mn":"ADBE Vector Graphic - Fill","hd":false},{"ty":"tr","p":{"a":0,"k":[296.377,87.831],"ix":2},"a":{"a":0,"k":[0,0],"ix":1},"s":{"a":0,"k":[100,100],"ix":3},"r":{"a":0,"k":0,"ix":6},"o":{"a":0,"k":100,"ix":7},"sk":{"a":0,"k":0,"ix":4},"sa":{"a":0,"k":0,"ix":5},"nm":"Transform"}],"nm":"Group 48","np":3,"cix":2,"bm":0,"ix":17,"mn":"ADBE Vector Group","hd":false},{"ty":"gr","it":[{"ind":0,"ty":"sh","ix":1,"ks":{"a":0,"k":{"i":[[0,0],[1.642,-0.138],[0,0],[1.534,0.997],[0,0],[-1.641,0.138],[0,0],[-1.534,-0.997]],"o":[[1.519,0.997],[0,0],[-1.641,0.138],[0,0],[-1.534,-0.998],[0,0],[1.642,-0.137],[0,0]],"v":[[11.596,0.26],[11.396,2.331],[-2.378,3.543],[-8.13,1.993],[-11.581,-0.261],[-11.382,-2.332],[2.392,-3.544],[8.145,-1.995]],"c":true},"ix":2},"nm":"Path 1","mn":"ADBE Vector Shape - Group","hd":false},{"ty":"st","c":{"a":0,"k":[0.136999990426,0.122000002394,0.125,1],"ix":3},"o":{"a":0,"k":100,"ix":4},"w":{"a":0,"k":1,"ix":5},"lc":1,"lj":1,"ml":10,"bm":0,"nm":"Stroke 1","mn":"ADBE Vector Graphic - Stroke","hd":false},{"ty":"fl","c":{"a":0,"k":[0.57599995931,0.583999992819,0.596000043084,1],"ix":4},"o":{"a":0,"k":100,"ix":5},"r":1,"bm":0,"nm":"Fill 1","mn":"ADBE Vector Graphic - Fill","hd":false},{"ty":"tr","p":{"a":0,"k":[269.105,69.501],"ix":2},"a":{"a":0,"k":[0,0],"ix":1},"s":{"a":0,"k":[100,100],"ix":3},"r":{"a":0,"k":0,"ix":6},"o":{"a":0,"k":100,"ix":7},"sk":{"a":0,"k":0,"ix":4},"sa":{"a":0,"k":0,"ix":5},"nm":"Transform"}],"nm":"Group 49","np":3,"cix":2,"bm":0,"ix":18,"mn":"ADBE Vector Group","hd":false},{"ty":"gr","it":[{"ind":0,"ty":"sh","ix":1,"ks":{"a":0,"k":{"i":[[0,0],[1.642,-0.153],[0,0],[1.518,0.997],[0,0],[-1.641,0.138],[0,0],[-1.534,-0.997]],"o":[[1.534,0.997],[0,0],[-1.641,0.137],[0,0],[-1.519,-0.997],[0,0],[1.641,-0.138],[0,0]],"v":[[11.581,0.268],[11.381,2.339],[-2.393,3.536],[-8.129,1.986],[-11.596,-0.269],[-11.397,-2.324],[2.378,-3.536],[8.13,-1.986]],"c":true},"ix":2},"nm":"Path 1","mn":"ADBE Vector Shape - Group","hd":false},{"ty":"st","c":{"a":0,"k":[0.136999990426,0.122000002394,0.125,1],"ix":3},"o":{"a":0,"k":100,"ix":4},"w":{"a":0,"k":1,"ix":5},"lc":1,"lj":1,"ml":10,"bm":0,"nm":"Stroke 1","mn":"ADBE Vector Graphic - Stroke","hd":false},{"ty":"fl","c":{"a":0,"k":[0.57599995931,0.583999992819,0.596000043084,1],"ix":4},"o":{"a":0,"k":100,"ix":5},"r":1,"bm":0,"nm":"Fill 1","mn":"ADBE Vector Graphic - Fill","hd":false},{"ty":"tr","p":{"a":0,"k":[283.247,78.711],"ix":2},"a":{"a":0,"k":[0,0],"ix":1},"s":{"a":0,"k":[100,100],"ix":3},"r":{"a":0,"k":0,"ix":6},"o":{"a":0,"k":100,"ix":7},"sk":{"a":0,"k":0,"ix":4},"sa":{"a":0,"k":0,"ix":5},"nm":"Transform"}],"nm":"Group 50","np":3,"cix":2,"bm":0,"ix":19,"mn":"ADBE Vector Group","hd":false},{"ty":"gr","it":[{"ind":0,"ty":"sh","ix":1,"ks":{"a":0,"k":{"i":[[0,0],[1.626,-0.139],[0,0],[1.519,0.997],[0,0],[-1.611,0.137],[0,0],[-1.519,-0.983]],"o":[[1.519,0.997],[0,0],[-1.611,0.153],[0,0],[-1.518,-0.983],[0,0],[1.626,-0.138],[0,0]],"v":[[6.565,0.713],[6.38,2.769],[2.622,3.091],[-3.069,1.557],[-6.565,-0.728],[-6.382,-2.768],[-2.624,-3.106],[3.068,-1.572]],"c":true},"ix":2},"nm":"Path 1","mn":"ADBE Vector Shape - Group","hd":false},{"ty":"st","c":{"a":0,"k":[0.136999990426,0.122000002394,0.125,1],"ix":3},"o":{"a":0,"k":100,"ix":4},"w":{"a":0,"k":1,"ix":5},"lc":1,"lj":1,"ml":10,"bm":0,"nm":"Stroke 1","mn":"ADBE Vector Graphic - Stroke","hd":false},{"ty":"fl","c":{"a":0,"k":[0.30196078431372547,0.45098039215686275,0.9725490196078431,1],"ix":4},"o":{"a":0,"k":100,"ix":5},"r":1,"bm":0,"nm":"Fill 1","mn":"ADBE Vector Graphic - Fill","hd":false},{"ty":"tr","p":{"a":0,"k":[161.182,47.605],"ix":2},"a":{"a":0,"k":[0,0],"ix":1},"s":{"a":0,"k":[100,100],"ix":3},"r":{"a":0,"k":0,"ix":6},"o":{"a":0,"k":100,"ix":7},"sk":{"a":0,"k":0,"ix":4},"sa":{"a":0,"k":0,"ix":5},"nm":"Transform"}],"nm":"Group 51","np":3,"cix":2,"bm":0,"ix":20,"mn":"ADBE Vector Group","hd":false},{"ty":"gr","it":[{"ind":0,"ty":"sh","ix":1,"ks":{"a":0,"k":{"i":[[0,0],[1.626,-0.138],[0,0],[1.519,0.981],[0,0],[-1.611,0.138],[0,0],[-1.519,-0.997]],"o":[[1.519,0.982],[0,0],[-1.611,0.138],[0,0],[-1.519,-0.997],[0,0],[1.626,-0.154],[0,0]],"v":[[6.573,0.728],[6.374,2.768],[2.616,3.107],[-3.076,1.573],[-6.573,-0.712],[-6.389,-2.768],[-2.63,-3.09],[3.06,-1.556]],"c":true},"ix":2},"nm":"Path 1","mn":"ADBE Vector Shape - Group","hd":false},{"ty":"st","c":{"a":0,"k":[0.136999990426,0.122000002394,0.125,1],"ix":3},"o":{"a":0,"k":100,"ix":4},"w":{"a":0,"k":1,"ix":5},"lc":1,"lj":1,"ml":10,"bm":0,"nm":"Stroke 1","mn":"ADBE Vector Graphic - Stroke","hd":false},{"ty":"fl","c":{"a":0,"k":[0.30196078431372547,0.45098039215686275,0.9725490196078431,1],"ix":4},"o":{"a":0,"k":100,"ix":5},"r":1,"bm":0,"nm":"Fill 1","mn":"ADBE Vector Graphic - Fill","hd":false},{"ty":"tr","p":{"a":0,"k":[178.829,46.055],"ix":2},"a":{"a":0,"k":[0,0],"ix":1},"s":{"a":0,"k":[100,100],"ix":3},"r":{"a":0,"k":0,"ix":6},"o":{"a":0,"k":100,"ix":7},"sk":{"a":0,"k":0,"ix":4},"sa":{"a":0,"k":0,"ix":5},"nm":"Transform"}],"nm":"Group 52","np":3,"cix":2,"bm":0,"ix":21,"mn":"ADBE Vector Group","hd":false},{"ty":"gr","it":[{"ind":0,"ty":"sh","ix":1,"ks":{"a":0,"k":{"i":[[0,0],[1.626,-0.154],[0,0],[1.519,0.981],[0,0],[-1.626,0.153],[0,0],[-1.518,-0.983]],"o":[[1.519,0.981],[0,0],[-1.626,0.139],[0,0],[-1.519,-0.982],[0,0],[1.626,-0.138],[0,0]],"v":[[6.573,0.72],[6.374,2.777],[2.63,3.097],[-3.061,1.564],[-6.573,-0.722],[-6.374,-2.777],[-2.63,-3.098],[3.06,-1.564]],"c":true},"ix":2},"nm":"Path 1","mn":"ADBE Vector Shape - Group","hd":false},{"ty":"st","c":{"a":0,"k":[0.136999990426,0.122000002394,0.125,1],"ix":3},"o":{"a":0,"k":100,"ix":4},"w":{"a":0,"k":1,"ix":5},"lc":1,"lj":1,"ml":10,"bm":0,"nm":"Stroke 1","mn":"ADBE Vector Graphic - Stroke","hd":false},{"ty":"fl","c":{"a":0,"k":[0.30196078431372547,0.45098039215686275,0.9725490196078431,1],"ix":4},"o":{"a":0,"k":100,"ix":5},"r":1,"bm":0,"nm":"Fill 1","mn":"ADBE Vector Graphic - Fill","hd":false},{"ty":"tr","p":{"a":0,"k":[196.468,44.514],"ix":2},"a":{"a":0,"k":[0,0],"ix":1},"s":{"a":0,"k":[100,100],"ix":3},"r":{"a":0,"k":0,"ix":6},"o":{"a":0,"k":100,"ix":7},"sk":{"a":0,"k":0,"ix":4},"sa":{"a":0,"k":0,"ix":5},"nm":"Transform"}],"nm":"Group 53","np":3,"cix":2,"bm":0,"ix":22,"mn":"ADBE Vector Group","hd":false},{"ty":"gr","it":[{"ind":0,"ty":"sh","ix":1,"ks":{"a":0,"k":{"i":[[0,0],[1.611,-0.138],[0,0],[1.519,0.997],[0,0],[-1.626,0.137],[0,0],[-1.518,-0.997]],"o":[[1.519,0.997],[0,0],[-1.626,0.153],[0,0],[-1.519,-0.982],[0,0],[1.611,-0.138],[0,0]],"v":[[6.573,0.713],[6.388,2.769],[2.63,3.091],[-3.061,1.557],[-6.573,-0.728],[-6.374,-2.768],[-2.616,-3.106],[3.06,-1.557]],"c":true},"ix":2},"nm":"Path 1","mn":"ADBE Vector Shape - Group","hd":false},{"ty":"st","c":{"a":0,"k":[0.136999990426,0.122000002394,0.125,1],"ix":3},"o":{"a":0,"k":100,"ix":4},"w":{"a":0,"k":1,"ix":5},"lc":1,"lj":1,"ml":10,"bm":0,"nm":"Stroke 1","mn":"ADBE Vector Graphic - Stroke","hd":false},{"ty":"fl","c":{"a":0,"k":[0.30196078431372547,0.45098039215686275,0.9725490196078431,1],"ix":4},"o":{"a":0,"k":100,"ix":5},"r":1,"bm":0,"nm":"Fill 1","mn":"ADBE Vector Graphic - Fill","hd":false},{"ty":"tr","p":{"a":0,"k":[214.108,42.972],"ix":2},"a":{"a":0,"k":[0,0],"ix":1},"s":{"a":0,"k":[100,100],"ix":3},"r":{"a":0,"k":0,"ix":6},"o":{"a":0,"k":100,"ix":7},"sk":{"a":0,"k":0,"ix":4},"sa":{"a":0,"k":0,"ix":5},"nm":"Transform"}],"nm":"Group 54","np":3,"cix":2,"bm":0,"ix":23,"mn":"ADBE Vector Group","hd":false},{"ty":"gr","it":[{"ind":0,"ty":"sh","ix":1,"ks":{"a":0,"k":{"i":[[0,0],[1.611,-0.139],[0,0],[1.519,0.981],[0,0],[-1.626,0.138],[0,0],[-1.519,-0.996]],"o":[[1.519,0.981],[0,0],[-1.626,0.139],[0,0],[-1.518,-0.997],[0,0],[1.611,-0.139],[0,0]],"v":[[6.573,0.721],[6.388,2.761],[2.63,3.098],[-3.061,1.565],[-6.574,-0.721],[-6.374,-2.776],[-2.616,-3.098],[3.076,-1.565]],"c":true},"ix":2},"nm":"Path 1","mn":"ADBE Vector Shape - Group","hd":false},{"ty":"st","c":{"a":0,"k":[0.136999990426,0.122000002394,0.125,1],"ix":3},"o":{"a":0,"k":100,"ix":4},"w":{"a":0,"k":1,"ix":5},"lc":1,"lj":1,"ml":10,"bm":0,"nm":"Stroke 1","mn":"ADBE Vector Graphic - Stroke","hd":false},{"ty":"fl","c":{"a":0,"k":[0.30196078431372547,0.45098039215686275,0.9725490196078431,1],"ix":4},"o":{"a":0,"k":100,"ix":5},"r":1,"bm":0,"nm":"Fill 1","mn":"ADBE Vector Graphic - Fill","hd":false},{"ty":"tr","p":{"a":0,"k":[231.748,41.431],"ix":2},"a":{"a":0,"k":[0,0],"ix":1},"s":{"a":0,"k":[100,100],"ix":3},"r":{"a":0,"k":0,"ix":6},"o":{"a":0,"k":100,"ix":7},"sk":{"a":0,"k":0,"ix":4},"sa":{"a":0,"k":0,"ix":5},"nm":"Transform"}],"nm":"Group 55","np":3,"cix":2,"bm":0,"ix":24,"mn":"ADBE Vector Group","hd":false},{"ty":"gr","it":[{"ind":0,"ty":"sh","ix":1,"ks":{"a":0,"k":{"i":[[0,0],[1.381,-0.107],[0,0],[1.135,0.537],[0,0],[-1.365,0.092],[0,0],[-1.12,-0.536]],"o":[[1.135,0.537],[0,0],[-1.381,0.092],[0,0],[-1.12,-0.537],[0,0],[1.365,-0.107],[0,0]],"v":[[3.336,-0.016],[2.891,1.134],[1.956,1.196],[-2.585,0.398],[-3.351,0.031],[-2.907,-1.12],[-1.956,-1.181],[2.569,-0.384]],"c":true},"ix":2},"nm":"Path 1","mn":"ADBE Vector Shape - Group","hd":false},{"ty":"fl","c":{"a":0,"k":[0.165000002992,0.917999985639,0.238999998803,1],"ix":4},"o":{"a":0,"k":100,"ix":5},"r":1,"bm":0,"nm":"Fill 1","mn":"ADBE Vector Graphic - Fill","hd":false},{"ty":"tr","p":{"a":0,"k":[95.708,23.975],"ix":2},"a":{"a":0,"k":[0,0],"ix":1},"s":{"a":0,"k":[100,100],"ix":3},"r":{"a":0,"k":0,"ix":6},"o":{"a":0,"k":100,"ix":7},"sk":{"a":0,"k":0,"ix":4},"sa":{"a":0,"k":0,"ix":5},"nm":"Transform"}],"nm":"Group 56","np":2,"cix":2,"bm":0,"ix":25,"mn":"ADBE Vector Group","hd":false},{"ty":"gr","it":[{"ind":0,"ty":"sh","ix":1,"ks":{"a":0,"k":{"i":[[0,0],[1.365,-0.107],[0,0],[1.135,0.536],[0,0],[-1.365,0.091],[0,0],[-1.12,-0.537]],"o":[[1.135,0.536],[0,0],[-1.365,0.093],[0,0],[-1.121,-0.537],[0,0],[1.365,-0.107],[0,0]],"v":[[3.337,-0.016],[2.892,1.135],[1.94,1.196],[-2.585,0.398],[-3.35,0.031],[-2.906,-1.119],[-1.956,-1.182],[2.569,-0.383]],"c":true},"ix":2},"nm":"Path 1","mn":"ADBE Vector Shape - Group","hd":false},{"ty":"fl","c":{"a":0,"k":[0.635000011968,1,0.4,1],"ix":4},"o":{"a":0,"k":100,"ix":5},"r":1,"bm":0,"nm":"Fill 1","mn":"ADBE Vector Graphic - Fill","hd":false},{"ty":"tr","p":{"a":0,"k":[104.895,28.363],"ix":2},"a":{"a":0,"k":[0,0],"ix":1},"s":{"a":0,"k":[100,100],"ix":3},"r":{"a":0,"k":0,"ix":6},"o":{"a":0,"k":100,"ix":7},"sk":{"a":0,"k":0,"ix":4},"sa":{"a":0,"k":0,"ix":5},"nm":"Transform"}],"nm":"Group 57","np":2,"cix":2,"bm":0,"ix":26,"mn":"ADBE Vector Group","hd":false},{"ty":"gr","it":[{"ind":0,"ty":"sh","ix":1,"ks":{"a":0,"k":{"i":[[0,0],[1.365,-0.092],[0,0],[1.135,0.537],[0,0],[-1.365,0.091],[0,0],[-1.12,-0.537]],"o":[[1.135,0.536],[0,0],[-1.365,0.092],[0,0],[-1.121,-0.537],[0,0],[1.365,-0.091],[0,0]],"v":[[3.337,-0.016],[2.892,1.119],[1.94,1.196],[-2.585,0.398],[-3.35,0.031],[-2.906,-1.119],[-1.956,-1.197],[2.569,-0.383]],"c":true},"ix":2},"nm":"Path 1","mn":"ADBE Vector Shape - Group","hd":false},{"ty":"fl","c":{"a":0,"k":[0.635000011968,1,0.4,1],"ix":4},"o":{"a":0,"k":100,"ix":5},"r":1,"bm":0,"nm":"Fill 1","mn":"ADBE Vector Graphic - Fill","hd":false},{"ty":"tr","p":{"a":0,"k":[114.083,32.749],"ix":2},"a":{"a":0,"k":[0,0],"ix":1},"s":{"a":0,"k":[100,100],"ix":3},"r":{"a":0,"k":0,"ix":6},"o":{"a":0,"k":100,"ix":7},"sk":{"a":0,"k":0,"ix":4},"sa":{"a":0,"k":0,"ix":5},"nm":"Transform"}],"nm":"Group 58","np":2,"cix":2,"bm":0,"ix":27,"mn":"ADBE Vector Group","hd":false},{"ty":"gr","it":[{"ind":0,"ty":"sh","ix":1,"ks":{"a":0,"k":{"i":[[0,0],[1.365,-0.092],[0,0],[1.135,0.537],[0,0],[-1.365,0.091],[0,0],[-1.12,-0.537]],"o":[[1.12,0.537],[0,0],[-1.365,0.092],[0,0],[-1.12,-0.537],[0,0],[1.365,-0.091],[0,0]],"v":[[3.344,-0.016],[2.899,1.119],[1.948,1.196],[-2.577,0.398],[-3.344,0.031],[-2.899,-1.119],[-1.948,-1.197],[2.577,-0.383]],"c":true},"ix":2},"nm":"Path 1","mn":"ADBE Vector Shape - Group","hd":false},{"ty":"fl","c":{"a":0,"k":[0.635000011968,1,0.4,1],"ix":4},"o":{"a":0,"k":100,"ix":5},"r":1,"bm":0,"nm":"Fill 1","mn":"ADBE Vector Graphic - Fill","hd":false},{"ty":"tr","p":{"a":0,"k":[123.264,37.136],"ix":2},"a":{"a":0,"k":[0,0],"ix":1},"s":{"a":0,"k":[100,100],"ix":3},"r":{"a":0,"k":0,"ix":6},"o":{"a":0,"k":100,"ix":7},"sk":{"a":0,"k":0,"ix":4},"sa":{"a":0,"k":0,"ix":5},"nm":"Transform"}],"nm":"Group 59","np":2,"cix":2,"bm":0,"ix":28,"mn":"ADBE Vector Group","hd":false},{"ty":"gr","it":[{"ind":0,"ty":"sh","ix":1,"ks":{"a":0,"k":{"i":[[0,0],[1.718,-0.154],[0,0],[1.411,0.691],[0,0],[-1.717,0.154],[0,0],[-1.411,-0.69]],"o":[[1.426,0.689],[0,0],[-1.702,0.153],[0,0],[-1.427,-0.675],[0,0],[1.718,-0.153],[0,0]],"v":[[53.433,3.168],[52.896,4.687],[-20.347,11.082],[-26.022,10.116],[-53.432,-3.167],[-52.896,-4.686],[20.347,-11.082],[26.022,-10.116]],"c":true},"ix":2},"nm":"Path 1","mn":"ADBE Vector Shape - Group","hd":false},{"ty":"st","c":{"a":0,"k":[0.136999990426,0.122000002394,0.125,1],"ix":3},"o":{"a":0,"k":100,"ix":4},"w":{"a":0,"k":1,"ix":5},"lc":1,"lj":1,"ml":10,"bm":0,"nm":"Stroke 1","mn":"ADBE Vector Graphic - Stroke","hd":false},{"ty":"fl","c":{"a":0,"k":[1,1,1,1],"ix":4},"o":{"a":0,"k":100,"ix":5},"r":1,"bm":0,"nm":"Fill 1","mn":"ADBE Vector Graphic - Fill","hd":false},{"ty":"tr","p":{"a":0,"k":[161.864,24.703],"ix":2},"a":{"a":0,"k":[0,0],"ix":1},"s":{"a":0,"k":[100,100],"ix":3},"r":{"a":0,"k":0,"ix":6},"o":{"a":0,"k":100,"ix":7},"sk":{"a":0,"k":0,"ix":4},"sa":{"a":0,"k":0,"ix":5},"nm":"Transform"}],"nm":"Group 60","np":3,"cix":2,"bm":0,"ix":29,"mn":"ADBE Vector Group","hd":false},{"ty":"gr","it":[{"ind":0,"ty":"sh","ix":1,"ks":{"a":0,"k":{"i":[[0,0],[1.764,1.135],[0,0],[1.856,-0.153],[0,0],[-1.748,-1.119],[0,0],[-1.887,0.169]],"o":[[1.887,-0.168],[0,0],[-1.733,-1.135],[0,0],[-1.856,0.153],[0,0],[1.763,1.15],[0,0]],"v":[[11.826,2.607],[12.041,0.23],[8.543,-2.056],[2.04,-3.819],[-11.842,-2.591],[-12.057,-0.26],[-8.559,2.025],[-1.948,3.803]],"c":true},"ix":2},"nm":"Path 1","mn":"ADBE Vector Shape - Group","hd":false},{"ty":"fl","c":{"a":0,"k":[0.576470588235,0.58431372549,0.596078431373,1],"ix":4},"o":{"a":0,"k":100,"ix":5},"r":1,"bm":0,"nm":"Fill 1","mn":"ADBE Vector Graphic - Fill","hd":false},{"ty":"st","c":{"a":0,"k":[0.136999990426,0.122000002394,0.125,1],"ix":3},"o":{"a":0,"k":100,"ix":4},"w":{"a":0,"k":2,"ix":5},"lc":1,"lj":1,"ml":10,"bm":0,"nm":"Stroke 1","mn":"ADBE Vector Graphic - Stroke","hd":false},{"ty":"tr","p":{"a":0,"k":[180.34,56.37],"ix":2},"a":{"a":0,"k":[0,0],"ix":1},"s":{"a":0,"k":[100,100],"ix":3},"r":{"a":0,"k":0,"ix":6},"o":{"a":0,"k":100,"ix":7},"sk":{"a":0,"k":0,"ix":4},"sa":{"a":0,"k":0,"ix":5},"nm":"Transform"}],"nm":"Group 65","np":3,"cix":2,"bm":0,"ix":30,"mn":"ADBE Vector Group","hd":false},{"ty":"gr","it":[{"ind":0,"ty":"sh","ix":1,"ks":{"a":0,"k":{"i":[[0,0],[1.764,1.15],[0,0],[1.887,-0.169],[0,0],[-1.765,-1.151],[0,0],[-1.887,0.169]],"o":[[1.887,-0.153],[0,0],[-1.764,-1.135],[0,0],[-1.887,0.169],[0,0],[1.764,1.15],[0,0]],"v":[[11.804,2.599],[12.033,0.223],[8.583,-2.033],[1.972,-3.811],[-11.803,-2.599],[-12.033,-0.223],[-8.581,2.033],[-1.971,3.811]],"c":true},"ix":2},"nm":"Path 1","mn":"ADBE Vector Shape - Group","hd":false},{"ty":"fl","c":{"a":0,"k":[0.576470588235,0.58431372549,0.596078431373,1],"ix":4},"o":{"a":0,"k":100,"ix":5},"r":1,"bm":0,"nm":"Fill 1","mn":"ADBE Vector Graphic - Fill","hd":false},{"ty":"st","c":{"a":0,"k":[0.136999990426,0.122000002394,0.125,1],"ix":3},"o":{"a":0,"k":100,"ix":4},"w":{"a":0,"k":2,"ix":5},"lc":1,"lj":1,"ml":10,"bm":0,"nm":"Stroke 1","mn":"ADBE Vector Graphic - Stroke","hd":false},{"ty":"tr","p":{"a":0,"k":[194.489,65.582],"ix":2},"a":{"a":0,"k":[0,0],"ix":1},"s":{"a":0,"k":[100,100],"ix":3},"r":{"a":0,"k":0,"ix":6},"o":{"a":0,"k":100,"ix":7},"sk":{"a":0,"k":0,"ix":4},"sa":{"a":0,"k":0,"ix":5},"nm":"Transform"}],"nm":"Group 69","np":3,"cix":2,"bm":0,"ix":31,"mn":"ADBE Vector Group","hd":false},{"ty":"gr","it":[{"ind":0,"ty":"sh","ix":1,"ks":{"a":0,"k":{"i":[[0,-0.016],[0,0],[28.699,-0.997],[20.784,15.507],[25.54,12.439],[6.872,2.394],[0,0],[0.03,0.245],[0,0],[0,0],[-38.608,1.933],[-11.689,-4.326],[-25.417,-17.532],[-1.595,-3.421],[-0.015,-0.046],[-0.384,-1.15]],"o":[[1.196,6.457],[0,0],[-28.714,0.983],[-38.163,-31.721],[-16.09,-7.854],[-4.003,-1.395],[-0.675,-0.231],[0,0],[0,0],[5.108,-3.559],[12.44,-0.629],[48.915,18.161],[8.436,5.829],[0,0],[0.077,0.199],[0,0.015]],"v":[[135.542,34.313],[127.948,42.536],[58.985,52.766],[4.548,39.238],[-94.25,-25.308],[-129.513,-40.249],[-135.68,-42.257],[-136.737,-42.979],[-136.384,-43.546],[-136.37,-43.562],[-38.171,-54.115],[-1.603,-48.501],[120.678,18.438],[134.82,32.167],[134.835,32.227],[135.526,34.268]],"c":true},"ix":2},"nm":"Path 1","mn":"ADBE Vector Shape - Group","hd":false},{"ty":"st","c":{"a":0,"k":[0.136999990426,0.122000002394,0.125,1],"ix":3},"o":{"a":0,"k":100,"ix":4},"w":{"a":0,"k":1,"ix":5},"lc":1,"lj":1,"ml":10,"bm":0,"nm":"Stroke 1","mn":"ADBE Vector Graphic - Stroke","hd":false},{"ty":"fl","c":{"a":0,"k":[0.944999964097,0.948999980852,0.948999980852,1],"ix":4},"o":{"a":0,"k":100,"ix":5},"r":1,"bm":0,"nm":"Fill 1","mn":"ADBE Vector Graphic - Fill","hd":false},{"ty":"tr","p":{"a":0,"k":[188.093,57.244],"ix":2},"a":{"a":0,"k":[0,0],"ix":1},"s":{"a":0,"k":[100,100],"ix":3},"r":{"a":0,"k":0,"ix":6},"o":{"a":0,"k":100,"ix":7},"sk":{"a":0,"k":0,"ix":4},"sa":{"a":0,"k":0,"ix":5},"nm":"Transform"}],"nm":"POS Top","np":3,"cix":2,"bm":0,"ix":32,"mn":"ADBE Vector Group","hd":false},{"ty":"gr","it":[{"ind":0,"ty":"sh","ix":1,"ks":{"a":0,"k":{"i":[[-0.03,0],[-2.255,0.813],[0,0],[0,0],[-2.24,-0.705],[0,0],[4.356,-8.313],[1.334,-0.031],[0,0],[0,0],[2.163,3.053],[0,0],[7.469,5.369],[13.575,22.042],[3.728,12.93],[-0.921,8.989],[0,0],[-4.617,5.246],[0,0],[0,0],[0,0],[-1.242,-0.368]],"o":[[2.332,0.66],[0,0],[0,0],[1.657,0.829],[0,0],[0.246,0.475],[-1.304,0.046],[-2.976,0.659],[0,0],[-3.037,-1.964],[0,0],[-7.654,-8.989],[-16.934,4.127],[-6.013,-9.786],[-2.806,-13.314],[0,0],[5.906,3.758],[0,0],[0,0],[0,0],[1.134,0.643],[0.031,0]],"v":[[77.254,17.692],[84.295,17.356],[89.985,15.3],[89.985,15.285],[95.799,17.601],[95.814,17.617],[97.21,37.02],[93.253,37.128],[89.541,41.085],[80.966,62.33],[73.067,54.766],[51.439,24.335],[28.646,2.982],[-83.19,5.452],[-98.345,-28.998],[-100.645,-62.33],[-77.929,-47.85],[-59.66,-50.442],[-53.739,-57.161],[-53.816,-57.407],[73.604,16.16],[77.177,17.678]],"c":true},"ix":2},"nm":"Path 1","mn":"ADBE Vector Shape - Group","hd":false},{"ty":"st","c":{"a":0,"k":[0.136999990426,0.122000002394,0.125,1],"ix":3},"o":{"a":0,"k":100,"ix":4},"w":{"a":0,"k":1,"ix":5},"lc":1,"lj":1,"ml":10,"bm":0,"nm":"Stroke 1","mn":"ADBE Vector Graphic - Stroke","hd":false},{"ty":"fl","c":{"a":0,"k":[0.136999990426,0.122000002394,0.125,1],"ix":4},"o":{"a":0,"k":100,"ix":5},"r":1,"bm":0,"nm":"Fill 1","mn":"ADBE Vector Graphic - Fill","hd":false},{"ty":"tr","p":{"a":0,"k":[110.187,131.201],"ix":2},"a":{"a":0,"k":[0,0],"ix":1},"s":{"a":0,"k":[100,100],"ix":3},"r":{"a":0,"k":0,"ix":6},"o":{"a":0,"k":100,"ix":7},"sk":{"a":0,"k":0,"ix":4},"sa":{"a":0,"k":0,"ix":5},"nm":"Transform"}],"nm":"Group 104","np":3,"cix":2,"bm":0,"ix":33,"mn":"ADBE Vector Group","hd":false},{"ty":"gr","it":[{"ind":0,"ty":"sh","ix":1,"ks":{"a":0,"k":{"i":[[3.236,-1.871],[0.997,-0.306],[65.527,-1.81],[0.245,0.476],[-22.962,2.807],[0,0],[-1.81,3.282],[0,0]],"o":[[-0.875,0.521],[-13.452,4.188],[4.356,-8.314],[9.264,2.899],[60.741,-7.424],[0,0],[0,0],[-0.874,3.727]],"v":[[53.625,2.124],[50.801,3.367],[-61.109,16.926],[-62.505,-2.477],[-15.691,-0.912],[57.918,-13.244],[62.505,-16.926],[60.097,-6.604]],"c":true},"ix":2},"nm":"Path 1","mn":"ADBE Vector Shape - Group","hd":false},{"ty":"st","c":{"a":0,"k":[0.136999990426,0.122000002394,0.125,1],"ix":3},"o":{"a":0,"k":100,"ix":4},"w":{"a":0,"k":1,"ix":5},"lc":1,"lj":1,"ml":10,"bm":0,"nm":"Stroke 1","mn":"ADBE Vector Graphic - Stroke","hd":false},{"ty":"fl","c":{"a":0,"k":[0.255000005984,0.250999989229,0.258999992819,1],"ix":4},"o":{"a":0,"k":100,"ix":5},"r":1,"bm":0,"nm":"Fill 1","mn":"ADBE Vector Graphic - Fill","hd":false},{"ty":"tr","p":{"a":0,"k":[268.507,151.295],"ix":2},"a":{"a":0,"k":[0,0],"ix":1},"s":{"a":0,"k":[100,100],"ix":3},"r":{"a":0,"k":0,"ix":6},"o":{"a":0,"k":100,"ix":7},"sk":{"a":0,"k":0,"ix":4},"sa":{"a":0,"k":0,"ix":5},"nm":"Transform"}],"nm":"Group 105","np":3,"cix":2,"bm":0,"ix":34,"mn":"ADBE Vector Group","hd":false},{"ty":"gr","it":[{"ind":0,"ty":"sh","ix":1,"ks":{"a":0,"k":{"i":[[-0.875,0.521],[2.576,-12.547],[0,0],[0,0],[5.446,3.559],[0,0],[0,0],[-2.975,0.659],[-1.304,0.046],[-13.452,4.188]],"o":[[-0.107,0.46],[-4.494,21.275],[0,0],[-6.688,0.644],[0,0],[0,0],[0,0],[1.335,-0.03],[65.527,-1.81],[0.997,-0.306]],"v":[[65.49,-22.686],[62.314,-7.286],[-30.44,20.477],[-46.776,22.042],[-65.49,17.44],[-65.49,17.425],[-56.915,-3.82],[-53.203,-7.777],[-49.245,-7.884],[62.666,-21.444]],"c":true},"ix":2},"nm":"Path 1","mn":"ADBE Vector Shape - Group","hd":false},{"ty":"st","c":{"a":0,"k":[0.136999990426,0.122000002394,0.125,1],"ix":3},"o":{"a":0,"k":100,"ix":4},"w":{"a":0,"k":1,"ix":5},"lc":1,"lj":1,"ml":10,"bm":0,"nm":"Stroke 1","mn":"ADBE Vector Graphic - Stroke","hd":false},{"ty":"fl","c":{"a":0,"k":[0.255000005984,0.250999989229,0.258999992819,1],"ix":4},"o":{"a":0,"k":100,"ix":5},"r":1,"bm":0,"nm":"Fill 1","mn":"ADBE Vector Graphic - Fill","hd":false},{"ty":"tr","p":{"a":0,"k":[256.642,176.105],"ix":2},"a":{"a":0,"k":[0,0],"ix":1},"s":{"a":0,"k":[100,100],"ix":3},"r":{"a":0,"k":0,"ix":6},"o":{"a":0,"k":100,"ix":7},"sk":{"a":0,"k":0,"ix":4},"sa":{"a":0,"k":0,"ix":5},"nm":"Transform"}],"nm":"Group 106","np":3,"cix":2,"bm":0,"ix":35,"mn":"ADBE Vector Group","hd":false},{"ty":"gr","it":[{"ind":0,"ty":"sh","ix":1,"ks":{"a":0,"k":{"i":[[-0.107,-0.644],[2.961,-0.92],[17.149,-0.921],[-0.062,2.331],[0.046,1.12],[-30.509,12.869],[0,0]],"o":[[0.506,3.068],[-20.493,6.427],[-2.316,0.122],[0.03,-1.073],[0,0],[0,0],[0.107,0.629]],"v":[[45.219,-7.463],[40.924,-0.498],[-41.507,9.257],[-45.663,5.162],[-45.694,1.848],[44.882,-9.38],[44.897,-9.38]],"c":true},"ix":2},"nm":"Path 1","mn":"ADBE Vector Shape - Group","hd":false},{"ty":"st","c":{"a":0,"k":[0.136999990426,0.122000002394,0.125,1],"ix":3},"o":{"a":0,"k":100,"ix":4},"w":{"a":0,"k":1,"ix":5},"lc":1,"lj":1,"ml":10,"bm":0,"nm":"Stroke 1","mn":"ADBE Vector Graphic - Stroke","hd":false},{"ty":"fl","c":{"a":0,"k":[0.255000005984,0.250999989229,0.258999992819,1],"ix":4},"o":{"a":0,"k":100,"ix":5},"r":1,"bm":0,"nm":"Fill 1","mn":"ADBE Vector Graphic - Fill","hd":false},{"ty":"tr","p":{"a":0,"k":[277.818,128.624],"ix":2},"a":{"a":0,"k":[0,0],"ix":1},"s":{"a":0,"k":[100,100],"ix":3},"r":{"a":0,"k":0,"ix":6},"o":{"a":0,"k":100,"ix":7},"sk":{"a":0,"k":0,"ix":4},"sa":{"a":0,"k":0,"ix":5},"nm":"Transform"}],"nm":"Group 107","np":3,"cix":2,"bm":0,"ix":36,"mn":"ADBE Vector Group","hd":false},{"ty":"gr","it":[{"ind":0,"ty":"sh","ix":1,"ks":{"a":0,"k":{"i":[[2.96,-0.92],[17.149,-0.921],[-0.062,2.331],[0.046,1.12],[-30.51,12.869],[0,0],[-0.108,-0.643]],"o":[[-20.493,6.427],[-2.316,0.122],[0.03,-1.073],[0,0],[0,0],[0.107,0.629],[0.506,3.068]],"v":[[147.314,43.033],[64.883,52.789],[60.727,48.693],[60.696,45.38],[151.272,34.152],[151.287,34.152],[151.609,36.069]],"c":true},"ix":2},"nm":"Path 1","mn":"ADBE Vector Shape - Group","hd":false},{"ind":1,"ty":"sh","ix":2,"ks":{"a":0,"k":{"i":[[1.933,7.961],[1.365,4.217],[0,0],[28.699,-0.997],[20.784,15.507],[25.539,12.439],[6.871,2.394],[0,0],[3.206,2.454],[1.979,0],[1.763,-2.854],[1.227,-12.148],[0,0],[-4.617,5.246],[0,0],[0,0],[-2.638,3.358],[0,0],[-5.706,-2.408],[-0.245,-0.122],[0,0],[-12.777,-9.663],[0,0],[0,0],[-1.028,-6.657],[0,0],[-0.031,-0.184],[-8.452,-4.233],[-2.24,-0.705],[0,0],[-22.962,2.806],[0,0],[-1.81,3.282]],"o":[[-3.221,-13.237],[1.196,6.457],[0,0],[-28.714,0.981],[-38.163,-31.72],[-16.091,-7.854],[0,0],[-2.455,3.19],[-1.702,-1.305],[-3.099,0],[-3.36,5.429],[0,0],[5.906,3.757],[0,0],[0,0],[-1.365,-4.065],[0,0],[3.865,-4.924],[0.245,0.107],[0,0],[13.958,7.854],[0,0],[0,0],[5.277,4.188],[0,0],[0,0],[0.26,1.289],[1.657,0.828],[0,0],[9.264,2.899],[60.741,-7.424],[0,0],[1.473,-2.684]],"v":[[159.953,33.983],[152.207,6.466],[144.614,14.688],[75.651,24.919],[21.214,11.389],[-77.583,-53.156],[-112.847,-68.096],[-129.827,-46.039],[-140.074,-44.704],[-145.749,-46.638],[-153.648,-42.25],[-161.886,-16.221],[-139.169,-1.74],[-120.9,-4.333],[-114.979,-11.051],[-115.056,-11.297],[-113.001,-23.199],[-95.484,-45.533],[-79.24,-49.751],[-78.504,-49.414],[-57.658,-37.695],[-17.517,-11.389],[-0.184,1.711],[5.077,5.698],[14.894,22.572],[18.453,50.212],[18.499,50.503],[28.745,61.393],[34.559,63.71],[34.574,63.725],[81.388,65.29],[154.999,52.958],[159.585,49.276]],"c":true},"ix":2},"nm":"Path 2","mn":"ADBE Vector Shape - Group","hd":false},{"ty":"mm","mm":1,"nm":"Merge Paths 1","mn":"ADBE Vector Filter - Merge","hd":false},{"ty":"st","c":{"a":0,"k":[0.136999990426,0.122000002394,0.125,1],"ix":3},"o":{"a":0,"k":100,"ix":4},"w":{"a":0,"k":1,"ix":5},"lc":1,"lj":1,"ml":10,"bm":0,"nm":"Stroke 1","mn":"ADBE Vector Graphic - Stroke","hd":false},{"ty":"fl","c":{"a":0,"k":[0.819999964097,0.827000038297,0.830999995213,1],"ix":4},"o":{"a":0,"k":100,"ix":5},"r":1,"bm":0,"nm":"Fill 1","mn":"ADBE Vector Graphic - Fill","hd":false},{"ty":"tr","p":{"a":0,"k":[171.427,85.092],"ix":2},"a":{"a":0,"k":[0,0],"ix":1},"s":{"a":0,"k":[100,100],"ix":3},"r":{"a":0,"k":0,"ix":6},"o":{"a":0,"k":100,"ix":7},"sk":{"a":0,"k":0,"ix":4},"sa":{"a":0,"k":0,"ix":5},"nm":"Transform"}],"nm":"Group 108","np":5,"cix":2,"bm":0,"ix":37,"mn":"ADBE Vector Group","hd":false},{"ty":"gr","it":[{"ind":0,"ty":"sh","ix":1,"ks":{"a":0,"k":{"i":[[0.261,1.289],[0,0],[0,0],[5.276,4.188],[0,0],[0,0],[13.958,7.853],[0,0],[0.246,0.108],[3.865,-4.924],[0,0],[-1.365,-4.064],[0,0],[-1.242,-0.368],[-0.03,0],[-2.255,0.812],[0,0],[0,0]],"o":[[-0.03,-0.184],[0,0],[-1.028,-6.657],[0,0],[0,0],[-12.777,-9.663],[0,0],[-0.246,-0.122],[-5.705,-2.408],[0,0],[-2.638,3.358],[0,0],[1.135,0.643],[0.031,0],[2.332,0.66],[0,0],[0,0],[-8.452,-4.234]],"v":[[62.337,44.351],[62.29,44.061],[58.733,16.42],[48.915,-0.454],[43.654,-4.441],[26.322,-17.541],[-13.821,-43.846],[-34.666,-55.566],[-35.403,-55.903],[-51.646,-51.684],[-69.163,-29.351],[-71.218,-17.449],[56.202,56.118],[59.775,57.636],[59.852,57.65],[66.893,57.313],[72.583,55.257],[72.583,55.243]],"c":true},"ix":2},"nm":"Path 1","mn":"ADBE Vector Shape - Group","hd":false},{"ty":"st","c":{"a":0,"k":[0.136999990426,0.122000002394,0.125,1],"ix":3},"o":{"a":0,"k":100,"ix":4},"w":{"a":0,"k":1,"ix":5},"lc":1,"lj":1,"ml":10,"bm":0,"nm":"Stroke 1","mn":"ADBE Vector Graphic - Stroke","hd":false},{"ty":"fl","c":{"a":0,"k":[0.344999994016,0.349000010771,0.356999984442,1],"ix":4},"o":{"a":0,"k":100,"ix":5},"r":1,"bm":0,"nm":"Fill 1","mn":"ADBE Vector Graphic - Fill","hd":false},{"ty":"tr","p":{"a":0,"k":[127.59,91.244],"ix":2},"a":{"a":0,"k":[0,0],"ix":1},"s":{"a":0,"k":[100,100],"ix":3},"r":{"a":0,"k":0,"ix":6},"o":{"a":0,"k":100,"ix":7},"sk":{"a":0,"k":0,"ix":4},"sa":{"a":0,"k":0,"ix":5},"nm":"Transform"}],"nm":"Group 109","np":3,"cix":2,"bm":0,"ix":38,"mn":"ADBE Vector Group","hd":false},{"ty":"gr","it":[{"ind":0,"ty":"sh","ix":1,"ks":{"a":0,"k":{"i":[[1.227,-12.148],[-2.807,-13.313],[-3.221,19.174],[0,0],[0,0],[-0.675,-0.23],[-4.003,-1.395],[0,0],[3.206,2.454],[1.978,0],[1.764,-2.854]],"o":[[-0.92,8.989],[-4.863,-16.842],[5.691,-33.914],[0,0],[0.03,0.245],[0,0],[0,0],[-2.454,3.19],[-1.703,-1.305],[-3.099,0],[-3.359,5.429]],"v":[[-22.233,11.067],[-19.932,44.398],[-23.583,-10.484],[17.725,-40.702],[19.581,-43.538],[20.639,-42.818],[26.805,-40.809],[9.825,-18.751],[-0.421,-17.416],[-6.096,-19.35],[-13.996,-14.962]],"c":true},"ix":2},"nm":"Path 1","mn":"ADBE Vector Shape - Group","hd":false},{"ty":"st","c":{"a":0,"k":[0.136999990426,0.122000002394,0.125,1],"ix":3},"o":{"a":0,"k":100,"ix":4},"w":{"a":0,"k":1,"ix":5},"lc":1,"lj":1,"ml":10,"bm":0,"nm":"Stroke 1","mn":"ADBE Vector Graphic - Stroke","hd":false},{"ty":"fl","c":{"a":0,"k":[0.944999964097,0.948999980852,0.948999980852,1],"ix":4},"o":{"a":0,"k":100,"ix":5},"r":1,"bm":0,"nm":"Fill 1","mn":"ADBE Vector Graphic - Fill","hd":false},{"ty":"tr","p":{"a":0,"k":[31.775,57.804],"ix":2},"a":{"a":0,"k":[0,0],"ix":1},"s":{"a":0,"k":[100,100],"ix":3},"r":{"a":0,"k":0,"ix":6},"o":{"a":0,"k":100,"ix":7},"sk":{"a":0,"k":0,"ix":4},"sa":{"a":0,"k":0,"ix":5},"nm":"Transform"}],"nm":"Group 110","np":3,"cix":2,"bm":0,"ix":39,"mn":"ADBE Vector Group","hd":false}],"ip":0,"op":72,"st":0,"bm":0},{"ddd":0,"ind":3,"ty":4,"nm":"BG Outlines","sr":1,"ks":{"o":{"a":0,"k":100,"ix":11},"r":{"a":0,"k":0,"ix":10},"p":{"a":0,"k":[537.008,549.41,0],"ix":2},"a":{"a":0,"k":[419.589,281.003,0],"ix":1},"s":{"a":0,"k":[100,100,100],"ix":6}},"ao":0,"shapes":[{"ty":"gr","it":[{"ind":0,"ty":"sh","ix":1,"ks":{"a":1,"k":[{"i":{"x":0.833,"y":1},"o":{"x":0.333,"y":0},"t":0,"s":[{"i":[[-26.22,-156.138],[-69.657,-17.057],[-42.513,12.785],[-125.677,26.384],[18.578,131.089],[137.667,-92.516],[50.016,-4.798],[76.758,12.556]],"o":[[10.954,65.229],[38.074,9.323],[153.832,-46.263],[107.153,-22.495],[-21.454,-151.383],[-48.433,32.548],[-79.471,7.624],[-76.467,-12.509]],"v":[[-437.12,33.478],[-300.601,212.559],[-186.815,194.751],[182.24,286.37],[344.761,-39.183],[71.954,-188.705],[-100.173,-116.042],[-280.541,-236.901]],"c":true}]},{"i":{"x":0.833,"y":1},"o":{"x":0.333,"y":0},"t":36,"s":[{"i":[[18.112,-72.889],[-69.657,-17.057],[-42.513,12.786],[-125.677,26.383],[18.578,131.089],[97.184,-36.733],[50.017,-4.798],[77.711,3.233]],"o":[[-21.239,85.473],[38.074,9.323],[153.832,-46.263],[107.153,-22.495],[-21.454,-151.383],[-54.584,20.631],[-79.471,7.624],[-92.579,-3.851]],"v":[[-371.12,-54.522],[-318.601,192.558],[-166.815,182.751],[196.24,254.37],[360.761,-25.184],[154.954,-217.705],[-19.173,-151.042],[-221.541,-242.901]],"c":true}]},{"t":72,"s":[{"i":[[-26.22,-156.138],[-69.657,-17.057],[-42.513,12.785],[-125.677,26.384],[18.578,131.089],[137.667,-92.516],[50.016,-4.798],[76.758,12.556]],"o":[[10.954,65.229],[38.074,9.323],[153.832,-46.263],[107.153,-22.495],[-21.454,-151.383],[-48.433,32.548],[-79.471,7.624],[-76.467,-12.509]],"v":[[-437.12,33.478],[-300.601,212.559],[-186.815,194.751],[182.24,286.37],[344.761,-39.183],[71.954,-188.705],[-100.173,-116.042],[-280.541,-236.901]],"c":true}]}],"ix":2},"nm":"Path 1","mn":"ADBE Vector Shape - Group","hd":false},{"ty":"fl","c":{"a":0,"k":[0.7764705882352941,1,0.9411764705882353,1],"ix":4},"o":{"a":0,"k":100,"ix":5},"r":1,"bm":0,"nm":"Fill 1","mn":"ADBE Vector Graphic - Fill","hd":false},{"ty":"tr","p":{"a":0,"k":[419.589,281.003],"ix":2},"a":{"a":0,"k":[0,0],"ix":1},"s":{"a":0,"k":[100,100],"ix":3},"r":{"a":0,"k":0,"ix":6},"o":{"a":0,"k":100,"ix":7},"sk":{"a":0,"k":0,"ix":4},"sa":{"a":0,"k":0,"ix":5},"nm":"Transform"}],"nm":"Group 1","np":2,"cix":2,"bm":0,"ix":1,"mn":"ADBE Vector Group","hd":false}],"ip":0,"op":72,"st":0,"bm":0}],"markers":[]}