{"v":"5.5.8","fr":60,"ip":0,"op":361,"w":375,"h":500,"nm":"notifications","ddd":0,"assets":[],"fonts":{"list":[{"fName":"HelveticaLTStd-Cond","fFamily":"Helvetica LT Std","fStyle":"Condensed","ascent":75}]},"layers":[{"ddd":0,"ind":1,"ty":4,"nm":"Layer 10 Outlines 6","sr":1,"ks":{"o":{"a":0,"k":100,"ix":11},"r":{"a":0,"k":-120,"ix":10},"p":{"a":0,"k":[310.921,347.402,0],"ix":2},"a":{"a":0,"k":[14.084,12.781,0],"ix":1},"s":{"a":0,"k":[156,156,100],"ix":6}},"ao":0,"shapes":[{"ty":"gr","it":[{"ind":0,"ty":"sh","ix":1,"ks":{"a":0,"k":{"i":[[0,-2.8],[2.8,0],[0,2.801],[-2.801,0]],"o":[[0,2.801],[-2.801,0],[0,-2.8],[2.8,0]],"v":[[5.071,-0.001],[0.001,5.071],[-5.071,-0.001],[0.001,-5.071]],"c":true},"ix":2},"nm":"Path 1","mn":"ADBE Vector Shape - Group","hd":false},{"ty":"st","c":{"a":0,"k":[0.722000002394,0.859000052658,0.910000011968,1],"ix":3},"o":{"a":0,"k":100,"ix":4},"w":{"a":1,"k":[{"i":{"x":[0.667],"y":[1]},"o":{"x":[0.333],"y":[0]},"t":309,"s":[1]},{"t":329,"s":[0]}],"ix":5},"lc":1,"lj":1,"ml":10,"bm":0,"nm":"Stroke 1","mn":"ADBE Vector Graphic - Stroke","hd":false},{"ty":"tr","p":{"a":1,"k":[{"i":{"x":0.667,"y":1},"o":{"x":0.333,"y":0},"t":299,"s":[33.098,2.071],"to":[-2,1.042],"ti":[2,-1.042]},{"t":317.19921875,"s":[21.098,8.321]}],"ix":2},"a":{"a":0,"k":[0,0],"ix":1},"s":{"a":1,"k":[{"i":{"x":[0.667,0.667],"y":[1,1]},"o":{"x":[0.333,0.333],"y":[0,0]},"t":299,"s":[0,0]},{"t":317.19921875,"s":[100,100]}],"ix":3},"r":{"a":0,"k":0,"ix":6},"o":{"a":0,"k":100,"ix":7},"sk":{"a":0,"k":0,"ix":4},"sa":{"a":0,"k":0,"ix":5},"nm":"Transform"}],"nm":"Group 1","np":3,"cix":2,"bm":0,"ix":1,"mn":"ADBE Vector Group","hd":false},{"ty":"gr","it":[{"ind":0,"ty":"sh","ix":1,"ks":{"a":0,"k":{"i":[[0,0],[0,0],[0,0]],"o":[[0,0],[0,0],[0,0]],"v":[[-0.001,-4.358],[-5.031,4.358],[5.031,4.358]],"c":true},"ix":2},"nm":"Path 1","mn":"ADBE Vector Shape - Group","hd":false},{"ty":"st","c":{"a":0,"k":[0.149000010771,0.226999993418,0.564999988032,1],"ix":3},"o":{"a":0,"k":100,"ix":4},"w":{"a":1,"k":[{"i":{"x":[0.667],"y":[1]},"o":{"x":[0.333],"y":[0]},"t":311,"s":[1]},{"t":330,"s":[0]}],"ix":5},"lc":1,"lj":2,"bm":0,"nm":"Stroke 1","mn":"ADBE Vector Graphic - Stroke","hd":false},{"ty":"tr","p":{"a":1,"k":[{"i":{"x":0.667,"y":1},"o":{"x":0.333,"y":0},"t":299,"s":[38.027,-1.295],"to":[-3.75,3.333],"ti":[3.75,-3.333]},{"t":320,"s":[15.527,18.705]}],"ix":2},"a":{"a":0,"k":[0,0],"ix":1},"s":{"a":1,"k":[{"i":{"x":[0.667,0.667],"y":[1,1]},"o":{"x":[0.333,0.333],"y":[0,0]},"t":299,"s":[0,0]},{"t":320,"s":[100,100]}],"ix":3},"r":{"a":1,"k":[{"i":{"x":[0.667],"y":[1]},"o":{"x":[0.333],"y":[0]},"t":299,"s":[630]},{"t":320,"s":[0]}],"ix":6},"o":{"a":0,"k":100,"ix":7},"sk":{"a":0,"k":0,"ix":4},"sa":{"a":0,"k":0,"ix":5},"nm":"Transform"}],"nm":"Group 2","np":2,"cix":2,"bm":0,"ix":2,"mn":"ADBE Vector Group","hd":false},{"ty":"gr","it":[{"ind":0,"ty":"sh","ix":1,"ks":{"a":0,"k":{"i":[[0,0],[0,0],[0,0],[0,0],[0,0],[0,0]],"o":[[0,0],[0,0],[0,0],[0,0],[0,0],[0,0]],"v":[[2.175,-3.767],[-2.176,-3.767],[-4.35,0.001],[-2.176,3.767],[2.175,3.767],[4.35,0.001]],"c":true},"ix":2},"nm":"Path 1","mn":"ADBE Vector Shape - Group","hd":false},{"ty":"st","c":{"a":0,"k":[0.187999994615,0.663000009574,0.875,1],"ix":3},"o":{"a":0,"k":100,"ix":4},"w":{"a":1,"k":[{"i":{"x":[0.667],"y":[1]},"o":{"x":[0.333],"y":[0]},"t":309,"s":[1]},{"t":330,"s":[0]}],"ix":5},"lc":1,"lj":1,"ml":10,"bm":0,"nm":"Stroke 1","mn":"ADBE Vector Graphic - Stroke","hd":false},{"ty":"tr","p":{"a":1,"k":[{"i":{"x":0.667,"y":1},"o":{"x":0.333,"y":0},"t":299,"s":[38.027,-1.295],"to":[-5.167,1.875],"ti":[5.167,-1.875]},{"t":320,"s":[7.027,9.955]}],"ix":2},"a":{"a":0,"k":[0,0],"ix":1},"s":{"a":1,"k":[{"i":{"x":[0.667,0.667],"y":[1,1]},"o":{"x":[0.333,0.333],"y":[0,0]},"t":299,"s":[0,0]},{"t":320,"s":[100,100]}],"ix":3},"r":{"a":1,"k":[{"i":{"x":[0.667],"y":[1]},"o":{"x":[0.333],"y":[0]},"t":299,"s":[630]},{"t":320,"s":[0]}],"ix":6},"o":{"a":0,"k":100,"ix":7},"sk":{"a":0,"k":0,"ix":4},"sa":{"a":0,"k":0,"ix":5},"nm":"Transform"}],"nm":"Group 3","np":2,"cix":2,"bm":0,"ix":3,"mn":"ADBE Vector Group","hd":false}],"ip":299,"op":364,"st":299,"bm":0},{"ddd":0,"ind":2,"ty":4,"nm":"Layer 10 Outlines 5","sr":1,"ks":{"o":{"a":0,"k":100,"ix":11},"r":{"a":0,"k":0,"ix":10},"p":{"a":0,"k":[60.921,252.402,0],"ix":2},"a":{"a":0,"k":[14.084,12.781,0],"ix":1},"s":{"a":0,"k":[182,182,100],"ix":6}},"ao":0,"shapes":[{"ty":"gr","it":[{"ind":0,"ty":"sh","ix":1,"ks":{"a":0,"k":{"i":[[0,-2.8],[2.8,0],[0,2.801],[-2.801,0]],"o":[[0,2.801],[-2.801,0],[0,-2.8],[2.8,0]],"v":[[5.071,-0.001],[0.001,5.071],[-5.071,-0.001],[0.001,-5.071]],"c":true},"ix":2},"nm":"Path 1","mn":"ADBE Vector Shape - Group","hd":false},{"ty":"st","c":{"a":0,"k":[0.722000002394,0.859000052658,0.910000011968,1],"ix":3},"o":{"a":0,"k":100,"ix":4},"w":{"a":1,"k":[{"i":{"x":[0.667],"y":[1]},"o":{"x":[0.333],"y":[0]},"t":290,"s":[1]},{"t":310,"s":[0]}],"ix":5},"lc":1,"lj":1,"ml":10,"bm":0,"nm":"Stroke 1","mn":"ADBE Vector Graphic - Stroke","hd":false},{"ty":"tr","p":{"a":1,"k":[{"i":{"x":0.667,"y":1},"o":{"x":0.333,"y":0},"t":280,"s":[33.098,2.071],"to":[-2,1.042],"ti":[2,-1.042]},{"t":298.19921875,"s":[21.098,8.321]}],"ix":2},"a":{"a":0,"k":[0,0],"ix":1},"s":{"a":1,"k":[{"i":{"x":[0.667,0.667],"y":[1,1]},"o":{"x":[0.333,0.333],"y":[0,0]},"t":280,"s":[0,0]},{"t":298.19921875,"s":[100,100]}],"ix":3},"r":{"a":0,"k":0,"ix":6},"o":{"a":0,"k":100,"ix":7},"sk":{"a":0,"k":0,"ix":4},"sa":{"a":0,"k":0,"ix":5},"nm":"Transform"}],"nm":"Group 1","np":3,"cix":2,"bm":0,"ix":1,"mn":"ADBE Vector Group","hd":false},{"ty":"gr","it":[{"ind":0,"ty":"sh","ix":1,"ks":{"a":0,"k":{"i":[[0,0],[0,0],[0,0]],"o":[[0,0],[0,0],[0,0]],"v":[[-0.001,-4.358],[-5.031,4.358],[5.031,4.358]],"c":true},"ix":2},"nm":"Path 1","mn":"ADBE Vector Shape - Group","hd":false},{"ty":"st","c":{"a":0,"k":[0.149000010771,0.226999993418,0.564999988032,1],"ix":3},"o":{"a":0,"k":100,"ix":4},"w":{"a":1,"k":[{"i":{"x":[0.667],"y":[1]},"o":{"x":[0.333],"y":[0]},"t":292,"s":[1]},{"t":311,"s":[0]}],"ix":5},"lc":1,"lj":2,"bm":0,"nm":"Stroke 1","mn":"ADBE Vector Graphic - Stroke","hd":false},{"ty":"tr","p":{"a":1,"k":[{"i":{"x":0.667,"y":1},"o":{"x":0.333,"y":0},"t":280,"s":[38.027,-1.295],"to":[-3.75,3.333],"ti":[3.75,-3.333]},{"t":301,"s":[15.527,18.705]}],"ix":2},"a":{"a":0,"k":[0,0],"ix":1},"s":{"a":1,"k":[{"i":{"x":[0.667,0.667],"y":[1,1]},"o":{"x":[0.333,0.333],"y":[0,0]},"t":280,"s":[0,0]},{"t":301,"s":[100,100]}],"ix":3},"r":{"a":1,"k":[{"i":{"x":[0.667],"y":[1]},"o":{"x":[0.333],"y":[0]},"t":280,"s":[630]},{"t":301,"s":[0]}],"ix":6},"o":{"a":0,"k":100,"ix":7},"sk":{"a":0,"k":0,"ix":4},"sa":{"a":0,"k":0,"ix":5},"nm":"Transform"}],"nm":"Group 2","np":2,"cix":2,"bm":0,"ix":2,"mn":"ADBE Vector Group","hd":false},{"ty":"gr","it":[{"ind":0,"ty":"sh","ix":1,"ks":{"a":0,"k":{"i":[[0,0],[0,0],[0,0],[0,0],[0,0],[0,0]],"o":[[0,0],[0,0],[0,0],[0,0],[0,0],[0,0]],"v":[[2.175,-3.767],[-2.176,-3.767],[-4.35,0.001],[-2.176,3.767],[2.175,3.767],[4.35,0.001]],"c":true},"ix":2},"nm":"Path 1","mn":"ADBE Vector Shape - Group","hd":false},{"ty":"st","c":{"a":0,"k":[0.187999994615,0.663000009574,0.875,1],"ix":3},"o":{"a":0,"k":100,"ix":4},"w":{"a":1,"k":[{"i":{"x":[0.667],"y":[1]},"o":{"x":[0.333],"y":[0]},"t":290,"s":[1]},{"t":311,"s":[0]}],"ix":5},"lc":1,"lj":1,"ml":10,"bm":0,"nm":"Stroke 1","mn":"ADBE Vector Graphic - Stroke","hd":false},{"ty":"tr","p":{"a":1,"k":[{"i":{"x":0.667,"y":1},"o":{"x":0.333,"y":0},"t":280,"s":[38.027,-1.295],"to":[-5.167,1.875],"ti":[5.167,-1.875]},{"t":301,"s":[7.027,9.955]}],"ix":2},"a":{"a":0,"k":[0,0],"ix":1},"s":{"a":1,"k":[{"i":{"x":[0.667,0.667],"y":[1,1]},"o":{"x":[0.333,0.333],"y":[0,0]},"t":280,"s":[0,0]},{"t":301,"s":[100,100]}],"ix":3},"r":{"a":1,"k":[{"i":{"x":[0.667],"y":[1]},"o":{"x":[0.333],"y":[0]},"t":280,"s":[630]},{"t":301,"s":[0]}],"ix":6},"o":{"a":0,"k":100,"ix":7},"sk":{"a":0,"k":0,"ix":4},"sa":{"a":0,"k":0,"ix":5},"nm":"Transform"}],"nm":"Group 3","np":2,"cix":2,"bm":0,"ix":3,"mn":"ADBE Vector Group","hd":false}],"ip":280,"op":364,"st":280,"bm":0},{"ddd":0,"ind":3,"ty":4,"nm":"Layer 10 Outlines 4","sr":1,"ks":{"o":{"a":0,"k":100,"ix":11},"r":{"a":0,"k":-120,"ix":10},"p":{"a":0,"k":[310.921,347.402,0],"ix":2},"a":{"a":0,"k":[14.084,12.781,0],"ix":1},"s":{"a":0,"k":[156,156,100],"ix":6}},"ao":0,"shapes":[{"ty":"gr","it":[{"ind":0,"ty":"sh","ix":1,"ks":{"a":0,"k":{"i":[[0,-2.8],[2.8,0],[0,2.801],[-2.801,0]],"o":[[0,2.801],[-2.801,0],[0,-2.8],[2.8,0]],"v":[[5.071,-0.001],[0.001,5.071],[-5.071,-0.001],[0.001,-5.071]],"c":true},"ix":2},"nm":"Path 1","mn":"ADBE Vector Shape - Group","hd":false},{"ty":"st","c":{"a":0,"k":[0.722000002394,0.859000052658,0.910000011968,1],"ix":3},"o":{"a":0,"k":100,"ix":4},"w":{"a":1,"k":[{"i":{"x":[0.667],"y":[1]},"o":{"x":[0.333],"y":[0]},"t":199,"s":[1]},{"t":219,"s":[0]}],"ix":5},"lc":1,"lj":1,"ml":10,"bm":0,"nm":"Stroke 1","mn":"ADBE Vector Graphic - Stroke","hd":false},{"ty":"tr","p":{"a":1,"k":[{"i":{"x":0.667,"y":1},"o":{"x":0.333,"y":0},"t":189,"s":[33.098,2.071],"to":[-2,1.042],"ti":[2,-1.042]},{"t":207.19921875,"s":[21.098,8.321]}],"ix":2},"a":{"a":0,"k":[0,0],"ix":1},"s":{"a":1,"k":[{"i":{"x":[0.667,0.667],"y":[1,1]},"o":{"x":[0.333,0.333],"y":[0,0]},"t":189,"s":[0,0]},{"t":207.19921875,"s":[100,100]}],"ix":3},"r":{"a":0,"k":0,"ix":6},"o":{"a":0,"k":100,"ix":7},"sk":{"a":0,"k":0,"ix":4},"sa":{"a":0,"k":0,"ix":5},"nm":"Transform"}],"nm":"Group 1","np":3,"cix":2,"bm":0,"ix":1,"mn":"ADBE Vector Group","hd":false},{"ty":"gr","it":[{"ind":0,"ty":"sh","ix":1,"ks":{"a":0,"k":{"i":[[0,0],[0,0],[0,0]],"o":[[0,0],[0,0],[0,0]],"v":[[-0.001,-4.358],[-5.031,4.358],[5.031,4.358]],"c":true},"ix":2},"nm":"Path 1","mn":"ADBE Vector Shape - Group","hd":false},{"ty":"st","c":{"a":0,"k":[0.149000010771,0.226999993418,0.564999988032,1],"ix":3},"o":{"a":0,"k":100,"ix":4},"w":{"a":1,"k":[{"i":{"x":[0.667],"y":[1]},"o":{"x":[0.333],"y":[0]},"t":201,"s":[1]},{"t":220,"s":[0]}],"ix":5},"lc":1,"lj":2,"bm":0,"nm":"Stroke 1","mn":"ADBE Vector Graphic - Stroke","hd":false},{"ty":"tr","p":{"a":1,"k":[{"i":{"x":0.667,"y":1},"o":{"x":0.333,"y":0},"t":189,"s":[38.027,-1.295],"to":[-3.75,3.333],"ti":[3.75,-3.333]},{"t":210,"s":[15.527,18.705]}],"ix":2},"a":{"a":0,"k":[0,0],"ix":1},"s":{"a":1,"k":[{"i":{"x":[0.667,0.667],"y":[1,1]},"o":{"x":[0.333,0.333],"y":[0,0]},"t":189,"s":[0,0]},{"t":210,"s":[100,100]}],"ix":3},"r":{"a":1,"k":[{"i":{"x":[0.667],"y":[1]},"o":{"x":[0.333],"y":[0]},"t":189,"s":[630]},{"t":210,"s":[0]}],"ix":6},"o":{"a":0,"k":100,"ix":7},"sk":{"a":0,"k":0,"ix":4},"sa":{"a":0,"k":0,"ix":5},"nm":"Transform"}],"nm":"Group 2","np":2,"cix":2,"bm":0,"ix":2,"mn":"ADBE Vector Group","hd":false},{"ty":"gr","it":[{"ind":0,"ty":"sh","ix":1,"ks":{"a":0,"k":{"i":[[0,0],[0,0],[0,0],[0,0],[0,0],[0,0]],"o":[[0,0],[0,0],[0,0],[0,0],[0,0],[0,0]],"v":[[2.175,-3.767],[-2.176,-3.767],[-4.35,0.001],[-2.176,3.767],[2.175,3.767],[4.35,0.001]],"c":true},"ix":2},"nm":"Path 1","mn":"ADBE Vector Shape - Group","hd":false},{"ty":"st","c":{"a":0,"k":[0.187999994615,0.663000009574,0.875,1],"ix":3},"o":{"a":0,"k":100,"ix":4},"w":{"a":1,"k":[{"i":{"x":[0.667],"y":[1]},"o":{"x":[0.333],"y":[0]},"t":199,"s":[1]},{"t":220,"s":[0]}],"ix":5},"lc":1,"lj":1,"ml":10,"bm":0,"nm":"Stroke 1","mn":"ADBE Vector Graphic - Stroke","hd":false},{"ty":"tr","p":{"a":1,"k":[{"i":{"x":0.667,"y":1},"o":{"x":0.333,"y":0},"t":189,"s":[38.027,-1.295],"to":[-5.167,1.875],"ti":[5.167,-1.875]},{"t":210,"s":[7.027,9.955]}],"ix":2},"a":{"a":0,"k":[0,0],"ix":1},"s":{"a":1,"k":[{"i":{"x":[0.667,0.667],"y":[1,1]},"o":{"x":[0.333,0.333],"y":[0,0]},"t":189,"s":[0,0]},{"t":210,"s":[100,100]}],"ix":3},"r":{"a":1,"k":[{"i":{"x":[0.667],"y":[1]},"o":{"x":[0.333],"y":[0]},"t":189,"s":[630]},{"t":210,"s":[0]}],"ix":6},"o":{"a":0,"k":100,"ix":7},"sk":{"a":0,"k":0,"ix":4},"sa":{"a":0,"k":0,"ix":5},"nm":"Transform"}],"nm":"Group 3","np":2,"cix":2,"bm":0,"ix":3,"mn":"ADBE Vector Group","hd":false}],"ip":189,"op":254,"st":189,"bm":0},{"ddd":0,"ind":4,"ty":4,"nm":"Layer 10 Outlines 3","sr":1,"ks":{"o":{"a":0,"k":100,"ix":11},"r":{"a":0,"k":0,"ix":10},"p":{"a":0,"k":[60.921,252.402,0],"ix":2},"a":{"a":0,"k":[14.084,12.781,0],"ix":1},"s":{"a":0,"k":[182,182,100],"ix":6}},"ao":0,"shapes":[{"ty":"gr","it":[{"ind":0,"ty":"sh","ix":1,"ks":{"a":0,"k":{"i":[[0,-2.8],[2.8,0],[0,2.801],[-2.801,0]],"o":[[0,2.801],[-2.801,0],[0,-2.8],[2.8,0]],"v":[[5.071,-0.001],[0.001,5.071],[-5.071,-0.001],[0.001,-5.071]],"c":true},"ix":2},"nm":"Path 1","mn":"ADBE Vector Shape - Group","hd":false},{"ty":"st","c":{"a":0,"k":[0.722000002394,0.859000052658,0.910000011968,1],"ix":3},"o":{"a":0,"k":100,"ix":4},"w":{"a":1,"k":[{"i":{"x":[0.667],"y":[1]},"o":{"x":[0.333],"y":[0]},"t":180,"s":[1]},{"t":200,"s":[0]}],"ix":5},"lc":1,"lj":1,"ml":10,"bm":0,"nm":"Stroke 1","mn":"ADBE Vector Graphic - Stroke","hd":false},{"ty":"tr","p":{"a":1,"k":[{"i":{"x":0.667,"y":1},"o":{"x":0.333,"y":0},"t":170,"s":[33.098,2.071],"to":[-2,1.042],"ti":[2,-1.042]},{"t":188.19921875,"s":[21.098,8.321]}],"ix":2},"a":{"a":0,"k":[0,0],"ix":1},"s":{"a":1,"k":[{"i":{"x":[0.667,0.667],"y":[1,1]},"o":{"x":[0.333,0.333],"y":[0,0]},"t":170,"s":[0,0]},{"t":188.19921875,"s":[100,100]}],"ix":3},"r":{"a":0,"k":0,"ix":6},"o":{"a":0,"k":100,"ix":7},"sk":{"a":0,"k":0,"ix":4},"sa":{"a":0,"k":0,"ix":5},"nm":"Transform"}],"nm":"Group 1","np":3,"cix":2,"bm":0,"ix":1,"mn":"ADBE Vector Group","hd":false},{"ty":"gr","it":[{"ind":0,"ty":"sh","ix":1,"ks":{"a":0,"k":{"i":[[0,0],[0,0],[0,0]],"o":[[0,0],[0,0],[0,0]],"v":[[-0.001,-4.358],[-5.031,4.358],[5.031,4.358]],"c":true},"ix":2},"nm":"Path 1","mn":"ADBE Vector Shape - Group","hd":false},{"ty":"st","c":{"a":0,"k":[0.149000010771,0.226999993418,0.564999988032,1],"ix":3},"o":{"a":0,"k":100,"ix":4},"w":{"a":1,"k":[{"i":{"x":[0.667],"y":[1]},"o":{"x":[0.333],"y":[0]},"t":182,"s":[1]},{"t":201,"s":[0]}],"ix":5},"lc":1,"lj":2,"bm":0,"nm":"Stroke 1","mn":"ADBE Vector Graphic - Stroke","hd":false},{"ty":"tr","p":{"a":1,"k":[{"i":{"x":0.667,"y":1},"o":{"x":0.333,"y":0},"t":170,"s":[38.027,-1.295],"to":[-3.75,3.333],"ti":[3.75,-3.333]},{"t":191,"s":[15.527,18.705]}],"ix":2},"a":{"a":0,"k":[0,0],"ix":1},"s":{"a":1,"k":[{"i":{"x":[0.667,0.667],"y":[1,1]},"o":{"x":[0.333,0.333],"y":[0,0]},"t":170,"s":[0,0]},{"t":191,"s":[100,100]}],"ix":3},"r":{"a":1,"k":[{"i":{"x":[0.667],"y":[1]},"o":{"x":[0.333],"y":[0]},"t":170,"s":[630]},{"t":191,"s":[0]}],"ix":6},"o":{"a":0,"k":100,"ix":7},"sk":{"a":0,"k":0,"ix":4},"sa":{"a":0,"k":0,"ix":5},"nm":"Transform"}],"nm":"Group 2","np":2,"cix":2,"bm":0,"ix":2,"mn":"ADBE Vector Group","hd":false},{"ty":"gr","it":[{"ind":0,"ty":"sh","ix":1,"ks":{"a":0,"k":{"i":[[0,0],[0,0],[0,0],[0,0],[0,0],[0,0]],"o":[[0,0],[0,0],[0,0],[0,0],[0,0],[0,0]],"v":[[2.175,-3.767],[-2.176,-3.767],[-4.35,0.001],[-2.176,3.767],[2.175,3.767],[4.35,0.001]],"c":true},"ix":2},"nm":"Path 1","mn":"ADBE Vector Shape - Group","hd":false},{"ty":"st","c":{"a":0,"k":[0.187999994615,0.663000009574,0.875,1],"ix":3},"o":{"a":0,"k":100,"ix":4},"w":{"a":1,"k":[{"i":{"x":[0.667],"y":[1]},"o":{"x":[0.333],"y":[0]},"t":180,"s":[1]},{"t":201,"s":[0]}],"ix":5},"lc":1,"lj":1,"ml":10,"bm":0,"nm":"Stroke 1","mn":"ADBE Vector Graphic - Stroke","hd":false},{"ty":"tr","p":{"a":1,"k":[{"i":{"x":0.667,"y":1},"o":{"x":0.333,"y":0},"t":170,"s":[38.027,-1.295],"to":[-5.167,1.875],"ti":[5.167,-1.875]},{"t":191,"s":[7.027,9.955]}],"ix":2},"a":{"a":0,"k":[0,0],"ix":1},"s":{"a":1,"k":[{"i":{"x":[0.667,0.667],"y":[1,1]},"o":{"x":[0.333,0.333],"y":[0,0]},"t":170,"s":[0,0]},{"t":191,"s":[100,100]}],"ix":3},"r":{"a":1,"k":[{"i":{"x":[0.667],"y":[1]},"o":{"x":[0.333],"y":[0]},"t":170,"s":[630]},{"t":191,"s":[0]}],"ix":6},"o":{"a":0,"k":100,"ix":7},"sk":{"a":0,"k":0,"ix":4},"sa":{"a":0,"k":0,"ix":5},"nm":"Transform"}],"nm":"Group 3","np":2,"cix":2,"bm":0,"ix":3,"mn":"ADBE Vector Group","hd":false}],"ip":170,"op":254,"st":170,"bm":0},{"ddd":0,"ind":5,"ty":4,"nm":"Layer 10 Outlines 2","sr":1,"ks":{"o":{"a":0,"k":100,"ix":11},"r":{"a":0,"k":-120,"ix":10},"p":{"a":0,"k":[310.921,347.402,0],"ix":2},"a":{"a":0,"k":[14.084,12.781,0],"ix":1},"s":{"a":0,"k":[156,156,100],"ix":6}},"ao":0,"shapes":[{"ty":"gr","it":[{"ind":0,"ty":"sh","ix":1,"ks":{"a":0,"k":{"i":[[0,-2.8],[2.8,0],[0,2.801],[-2.801,0]],"o":[[0,2.801],[-2.801,0],[0,-2.8],[2.8,0]],"v":[[5.071,-0.001],[0.001,5.071],[-5.071,-0.001],[0.001,-5.071]],"c":true},"ix":2},"nm":"Path 1","mn":"ADBE Vector Shape - Group","hd":false},{"ty":"st","c":{"a":0,"k":[0.722000002394,0.859000052658,0.910000011968,1],"ix":3},"o":{"a":0,"k":100,"ix":4},"w":{"a":1,"k":[{"i":{"x":[0.667],"y":[1]},"o":{"x":[0.333],"y":[0]},"t":86,"s":[1]},{"t":106,"s":[0]}],"ix":5},"lc":1,"lj":1,"ml":10,"bm":0,"nm":"Stroke 1","mn":"ADBE Vector Graphic - Stroke","hd":false},{"ty":"tr","p":{"a":1,"k":[{"i":{"x":0.667,"y":1},"o":{"x":0.333,"y":0},"t":76,"s":[33.098,2.071],"to":[-2,1.042],"ti":[2,-1.042]},{"t":94.19921875,"s":[21.098,8.321]}],"ix":2},"a":{"a":0,"k":[0,0],"ix":1},"s":{"a":1,"k":[{"i":{"x":[0.667,0.667],"y":[1,1]},"o":{"x":[0.333,0.333],"y":[0,0]},"t":76,"s":[0,0]},{"t":94.19921875,"s":[100,100]}],"ix":3},"r":{"a":0,"k":0,"ix":6},"o":{"a":0,"k":100,"ix":7},"sk":{"a":0,"k":0,"ix":4},"sa":{"a":0,"k":0,"ix":5},"nm":"Transform"}],"nm":"Group 1","np":3,"cix":2,"bm":0,"ix":1,"mn":"ADBE Vector Group","hd":false},{"ty":"gr","it":[{"ind":0,"ty":"sh","ix":1,"ks":{"a":0,"k":{"i":[[0,0],[0,0],[0,0]],"o":[[0,0],[0,0],[0,0]],"v":[[-0.001,-4.358],[-5.031,4.358],[5.031,4.358]],"c":true},"ix":2},"nm":"Path 1","mn":"ADBE Vector Shape - Group","hd":false},{"ty":"st","c":{"a":0,"k":[0.149000010771,0.226999993418,0.564999988032,1],"ix":3},"o":{"a":0,"k":100,"ix":4},"w":{"a":1,"k":[{"i":{"x":[0.667],"y":[1]},"o":{"x":[0.333],"y":[0]},"t":88,"s":[1]},{"t":107,"s":[0]}],"ix":5},"lc":1,"lj":2,"bm":0,"nm":"Stroke 1","mn":"ADBE Vector Graphic - Stroke","hd":false},{"ty":"tr","p":{"a":1,"k":[{"i":{"x":0.667,"y":1},"o":{"x":0.333,"y":0},"t":76,"s":[38.027,-1.295],"to":[-3.75,3.333],"ti":[3.75,-3.333]},{"t":97,"s":[15.527,18.705]}],"ix":2},"a":{"a":0,"k":[0,0],"ix":1},"s":{"a":1,"k":[{"i":{"x":[0.667,0.667],"y":[1,1]},"o":{"x":[0.333,0.333],"y":[0,0]},"t":76,"s":[0,0]},{"t":97,"s":[100,100]}],"ix":3},"r":{"a":1,"k":[{"i":{"x":[0.667],"y":[1]},"o":{"x":[0.333],"y":[0]},"t":76,"s":[630]},{"t":97,"s":[0]}],"ix":6},"o":{"a":0,"k":100,"ix":7},"sk":{"a":0,"k":0,"ix":4},"sa":{"a":0,"k":0,"ix":5},"nm":"Transform"}],"nm":"Group 2","np":2,"cix":2,"bm":0,"ix":2,"mn":"ADBE Vector Group","hd":false},{"ty":"gr","it":[{"ind":0,"ty":"sh","ix":1,"ks":{"a":0,"k":{"i":[[0,0],[0,0],[0,0],[0,0],[0,0],[0,0]],"o":[[0,0],[0,0],[0,0],[0,0],[0,0],[0,0]],"v":[[2.175,-3.767],[-2.176,-3.767],[-4.35,0.001],[-2.176,3.767],[2.175,3.767],[4.35,0.001]],"c":true},"ix":2},"nm":"Path 1","mn":"ADBE Vector Shape - Group","hd":false},{"ty":"st","c":{"a":0,"k":[0.187999994615,0.663000009574,0.875,1],"ix":3},"o":{"a":0,"k":100,"ix":4},"w":{"a":1,"k":[{"i":{"x":[0.667],"y":[1]},"o":{"x":[0.333],"y":[0]},"t":86,"s":[1]},{"t":107,"s":[0]}],"ix":5},"lc":1,"lj":1,"ml":10,"bm":0,"nm":"Stroke 1","mn":"ADBE Vector Graphic - Stroke","hd":false},{"ty":"tr","p":{"a":1,"k":[{"i":{"x":0.667,"y":1},"o":{"x":0.333,"y":0},"t":76,"s":[38.027,-1.295],"to":[-5.167,1.875],"ti":[5.167,-1.875]},{"t":97,"s":[7.027,9.955]}],"ix":2},"a":{"a":0,"k":[0,0],"ix":1},"s":{"a":1,"k":[{"i":{"x":[0.667,0.667],"y":[1,1]},"o":{"x":[0.333,0.333],"y":[0,0]},"t":76,"s":[0,0]},{"t":97,"s":[100,100]}],"ix":3},"r":{"a":1,"k":[{"i":{"x":[0.667],"y":[1]},"o":{"x":[0.333],"y":[0]},"t":76,"s":[630]},{"t":97,"s":[0]}],"ix":6},"o":{"a":0,"k":100,"ix":7},"sk":{"a":0,"k":0,"ix":4},"sa":{"a":0,"k":0,"ix":5},"nm":"Transform"}],"nm":"Group 3","np":2,"cix":2,"bm":0,"ix":3,"mn":"ADBE Vector Group","hd":false}],"ip":76,"op":141,"st":76,"bm":0},{"ddd":0,"ind":6,"ty":4,"nm":"Layer 10 Outlines","sr":1,"ks":{"o":{"a":0,"k":100,"ix":11},"r":{"a":0,"k":0,"ix":10},"p":{"a":0,"k":[60.921,252.402,0],"ix":2},"a":{"a":0,"k":[14.084,12.781,0],"ix":1},"s":{"a":0,"k":[182,182,100],"ix":6}},"ao":0,"shapes":[{"ty":"gr","it":[{"ind":0,"ty":"sh","ix":1,"ks":{"a":0,"k":{"i":[[0,-2.8],[2.8,0],[0,2.801],[-2.801,0]],"o":[[0,2.801],[-2.801,0],[0,-2.8],[2.8,0]],"v":[[5.071,-0.001],[0.001,5.071],[-5.071,-0.001],[0.001,-5.071]],"c":true},"ix":2},"nm":"Path 1","mn":"ADBE Vector Shape - Group","hd":false},{"ty":"st","c":{"a":0,"k":[0.722000002394,0.859000052658,0.910000011968,1],"ix":3},"o":{"a":0,"k":100,"ix":4},"w":{"a":1,"k":[{"i":{"x":[0.667],"y":[1]},"o":{"x":[0.333],"y":[0]},"t":67,"s":[1]},{"t":87,"s":[0]}],"ix":5},"lc":1,"lj":1,"ml":10,"bm":0,"nm":"Stroke 1","mn":"ADBE Vector Graphic - Stroke","hd":false},{"ty":"tr","p":{"a":1,"k":[{"i":{"x":0.667,"y":1},"o":{"x":0.333,"y":0},"t":57,"s":[33.098,2.071],"to":[-2,1.042],"ti":[2,-1.042]},{"t":75.19921875,"s":[21.098,8.321]}],"ix":2},"a":{"a":0,"k":[0,0],"ix":1},"s":{"a":1,"k":[{"i":{"x":[0.667,0.667],"y":[1,1]},"o":{"x":[0.333,0.333],"y":[0,0]},"t":57,"s":[0,0]},{"t":75.19921875,"s":[100,100]}],"ix":3},"r":{"a":0,"k":0,"ix":6},"o":{"a":0,"k":100,"ix":7},"sk":{"a":0,"k":0,"ix":4},"sa":{"a":0,"k":0,"ix":5},"nm":"Transform"}],"nm":"Group 1","np":3,"cix":2,"bm":0,"ix":1,"mn":"ADBE Vector Group","hd":false},{"ty":"gr","it":[{"ind":0,"ty":"sh","ix":1,"ks":{"a":0,"k":{"i":[[0,0],[0,0],[0,0]],"o":[[0,0],[0,0],[0,0]],"v":[[-0.001,-4.358],[-5.031,4.358],[5.031,4.358]],"c":true},"ix":2},"nm":"Path 1","mn":"ADBE Vector Shape - Group","hd":false},{"ty":"st","c":{"a":0,"k":[0.149000010771,0.226999993418,0.564999988032,1],"ix":3},"o":{"a":0,"k":100,"ix":4},"w":{"a":1,"k":[{"i":{"x":[0.667],"y":[1]},"o":{"x":[0.333],"y":[0]},"t":69,"s":[1]},{"t":88,"s":[0]}],"ix":5},"lc":1,"lj":2,"bm":0,"nm":"Stroke 1","mn":"ADBE Vector Graphic - Stroke","hd":false},{"ty":"tr","p":{"a":1,"k":[{"i":{"x":0.667,"y":1},"o":{"x":0.333,"y":0},"t":57,"s":[38.027,-1.295],"to":[-3.75,3.333],"ti":[3.75,-3.333]},{"t":78,"s":[15.527,18.705]}],"ix":2},"a":{"a":0,"k":[0,0],"ix":1},"s":{"a":1,"k":[{"i":{"x":[0.667,0.667],"y":[1,1]},"o":{"x":[0.333,0.333],"y":[0,0]},"t":57,"s":[0,0]},{"t":78,"s":[100,100]}],"ix":3},"r":{"a":1,"k":[{"i":{"x":[0.667],"y":[1]},"o":{"x":[0.333],"y":[0]},"t":57,"s":[630]},{"t":78,"s":[0]}],"ix":6},"o":{"a":0,"k":100,"ix":7},"sk":{"a":0,"k":0,"ix":4},"sa":{"a":0,"k":0,"ix":5},"nm":"Transform"}],"nm":"Group 2","np":2,"cix":2,"bm":0,"ix":2,"mn":"ADBE Vector Group","hd":false},{"ty":"gr","it":[{"ind":0,"ty":"sh","ix":1,"ks":{"a":0,"k":{"i":[[0,0],[0,0],[0,0],[0,0],[0,0],[0,0]],"o":[[0,0],[0,0],[0,0],[0,0],[0,0],[0,0]],"v":[[2.175,-3.767],[-2.176,-3.767],[-4.35,0.001],[-2.176,3.767],[2.175,3.767],[4.35,0.001]],"c":true},"ix":2},"nm":"Path 1","mn":"ADBE Vector Shape - Group","hd":false},{"ty":"st","c":{"a":0,"k":[0.187999994615,0.663000009574,0.875,1],"ix":3},"o":{"a":0,"k":100,"ix":4},"w":{"a":1,"k":[{"i":{"x":[0.667],"y":[1]},"o":{"x":[0.333],"y":[0]},"t":67,"s":[1]},{"t":88,"s":[0]}],"ix":5},"lc":1,"lj":1,"ml":10,"bm":0,"nm":"Stroke 1","mn":"ADBE Vector Graphic - Stroke","hd":false},{"ty":"tr","p":{"a":1,"k":[{"i":{"x":0.667,"y":1},"o":{"x":0.333,"y":0},"t":57,"s":[38.027,-1.295],"to":[-5.167,1.875],"ti":[5.167,-1.875]},{"t":78,"s":[7.027,9.955]}],"ix":2},"a":{"a":0,"k":[0,0],"ix":1},"s":{"a":1,"k":[{"i":{"x":[0.667,0.667],"y":[1,1]},"o":{"x":[0.333,0.333],"y":[0,0]},"t":57,"s":[0,0]},{"t":78,"s":[100,100]}],"ix":3},"r":{"a":1,"k":[{"i":{"x":[0.667],"y":[1]},"o":{"x":[0.333],"y":[0]},"t":57,"s":[630]},{"t":78,"s":[0]}],"ix":6},"o":{"a":0,"k":100,"ix":7},"sk":{"a":0,"k":0,"ix":4},"sa":{"a":0,"k":0,"ix":5},"nm":"Transform"}],"nm":"Group 3","np":2,"cix":2,"bm":0,"ix":3,"mn":"ADBE Vector Group","hd":false}],"ip":57,"op":141,"st":57,"bm":0},{"ddd":0,"ind":7,"ty":4,"nm":"Layer 9 Outlines","sr":1,"ks":{"o":{"a":0,"k":100,"ix":11},"r":{"a":0,"k":0,"ix":10},"p":{"a":0,"k":[207.349,351.92,0],"ix":2},"a":{"a":0,"k":[132.421,77.613,0],"ix":1},"s":{"a":0,"k":[100,100,100],"ix":6}},"ao":0,"shapes":[{"ty":"gr","it":[{"ind":0,"ty":"sh","ix":1,"ks":{"a":0,"k":{"i":[[0,0],[0,0],[2.197,0],[0,2.198],[2.198,0],[0,-2.198],[2.197,0],[0,2.198],[2.197,0],[0,-2.198],[2.198,0],[0,2.198],[2.197,0],[0,-2.198],[2.198,0],[0,2.198],[2.198,0],[0,-2.198],[0,0]],"o":[[0,0],[0,2.198],[-2.199,0],[0,-2.198],[-2.198,0],[0,2.198],[-2.199,0],[0,-2.198],[-2.198,0],[0,2.198],[-2.198,0],[0,-2.198],[-2.199,0],[0,2.198],[-2.198,0],[0,-2.198],[-2.198,0],[0,0],[0,0]],"v":[[31.835,-3.979],[31.835,0],[27.855,3.979],[23.875,0],[19.896,-3.979],[15.916,0],[11.938,3.979],[7.958,0],[3.979,-3.979],[-0.001,0],[-3.98,3.979],[-7.958,0],[-11.938,-3.979],[-15.917,0],[-19.896,3.979],[-23.876,0],[-27.855,-3.979],[-31.835,0],[-31.835,3.979]],"c":false},"ix":2},"nm":"Path 1","mn":"ADBE Vector Shape - Group","hd":false},{"ty":"tm","s":{"a":0,"k":0,"ix":1},"e":{"a":1,"k":[{"i":{"x":[0.667],"y":[1]},"o":{"x":[0.333],"y":[0]},"t":102,"s":[100]},{"i":{"x":[0.667],"y":[1]},"o":{"x":[0.333],"y":[0]},"t":142,"s":[0]},{"t":176,"s":[0]}],"ix":2,"x":"var $bm_rt;\n$bm_rt = loopOut('cycle');"},"o":{"a":0,"k":0,"ix":3},"m":1,"ix":2,"nm":"Trim Paths 1","mn":"ADBE Vector Filter - Trim","hd":false},{"ty":"st","c":{"a":0,"k":[0.187999994615,0.663000009574,0.875,1],"ix":3},"o":{"a":0,"k":100,"ix":4},"w":{"a":0,"k":0.5,"ix":5},"lc":1,"lj":1,"ml":10,"bm":0,"nm":"Stroke 1","mn":"ADBE Vector Graphic - Stroke","hd":false},{"ty":"tr","p":{"a":0,"k":[33.085,149.997],"ix":2},"a":{"a":0,"k":[0,0],"ix":1},"s":{"a":0,"k":[100,100],"ix":3},"r":{"a":0,"k":0,"ix":6},"o":{"a":0,"k":100,"ix":7},"sk":{"a":0,"k":0,"ix":4},"sa":{"a":0,"k":0,"ix":5},"nm":"Transform"}],"nm":"Group 1","np":3,"cix":2,"bm":0,"ix":1,"mn":"ADBE Vector Group","hd":false},{"ty":"gr","it":[{"ind":0,"ty":"sh","ix":1,"ks":{"a":0,"k":{"i":[[0,0],[0,0],[2.198,0],[0,2.199],[2.198,0],[0,-2.197],[2.197,0],[0,2.199],[2.198,0],[0,-2.197],[2.197,0],[0,2.199],[2.197,0],[0,-2.197],[2.198,0],[0,2.199],[2.197,0],[0,-2.197],[0,0]],"o":[[0,0],[0,2.199],[-2.198,0],[0,-2.197],[-2.198,0],[0,2.199],[-2.199,0],[0,-2.197],[-2.198,0],[0,2.199],[-2.199,0],[0,-2.197],[-2.199,0],[0,2.199],[-2.198,0],[0,-2.197],[-2.199,0],[0,0],[0,0]],"v":[[31.835,-3.98],[31.835,-0.001],[27.855,3.98],[23.875,-0.001],[19.896,-3.98],[15.917,-0.001],[11.938,3.98],[7.958,-0.001],[3.979,-3.98],[-0.001,-0.001],[-3.979,3.98],[-7.958,-0.001],[-11.938,-3.98],[-15.918,-0.001],[-19.897,3.98],[-23.876,-0.001],[-27.855,-3.98],[-31.835,-0.001],[-31.835,3.98]],"c":false},"ix":2},"nm":"Path 1","mn":"ADBE Vector Shape - Group","hd":false},{"ty":"st","c":{"a":0,"k":[0.187999994615,0.663000009574,0.875,1],"ix":3},"o":{"a":0,"k":100,"ix":4},"w":{"a":0,"k":0.5,"ix":5},"lc":1,"lj":1,"ml":10,"bm":0,"nm":"Stroke 1","mn":"ADBE Vector Graphic - Stroke","hd":false},{"ty":"tm","s":{"a":0,"k":0,"ix":1},"e":{"a":1,"k":[{"i":{"x":[0.667],"y":[1]},"o":{"x":[0.333],"y":[0]},"t":127,"s":[100]},{"i":{"x":[0.667],"y":[1]},"o":{"x":[0.333],"y":[0]},"t":167,"s":[0]},{"t":201,"s":[0]}],"ix":2,"x":"var $bm_rt;\n$bm_rt = loopOut('cycle');"},"o":{"a":0,"k":0,"ix":3},"m":1,"ix":3,"nm":"Trim Paths 1","mn":"ADBE Vector Filter - Trim","hd":false},{"ty":"tr","p":{"a":0,"k":[231.757,5.23],"ix":2},"a":{"a":0,"k":[0,0],"ix":1},"s":{"a":0,"k":[100,100],"ix":3},"r":{"a":0,"k":0,"ix":6},"o":{"a":0,"k":100,"ix":7},"sk":{"a":0,"k":0,"ix":4},"sa":{"a":0,"k":0,"ix":5},"nm":"Transform"}],"nm":"Group 2","np":3,"cix":2,"bm":0,"ix":2,"mn":"ADBE Vector Group","hd":false}],"ip":101,"op":462,"st":101,"bm":0},{"ddd":0,"ind":8,"ty":4,"nm":"Layer 15 Outlines","sr":1,"ks":{"o":{"a":0,"k":100,"ix":11},"r":{"a":0,"k":0,"ix":10},"p":{"a":0,"k":[100.431,81.707,0],"ix":2},"a":{"a":0,"k":[51.903,49.105,0],"ix":1},"s":{"a":0,"k":[100,100,100],"ix":6}},"ao":0,"shapes":[{"ty":"gr","it":[{"ind":0,"ty":"sh","ix":1,"ks":{"a":0,"k":{"i":[[0,1.289],[0,0],[-1.289,0],[0,-1.289],[0,0],[1.289,0]],"o":[[0,0],[0,-1.289],[1.289,0],[0,0],[0,1.289],[-1.289,0]],"v":[[-2.334,3.423],[-2.334,-3.423],[0,-5.757],[2.334,-3.423],[2.334,3.423],[0,5.757]],"c":true},"ix":2},"nm":"Path 1","mn":"ADBE Vector Shape - Group","hd":false},{"ty":"fl","c":{"a":0,"k":[0.149000010771,0.226999993418,0.564999988032,1],"ix":4},"o":{"a":0,"k":100,"ix":5},"r":1,"bm":0,"nm":"Fill 1","mn":"ADBE Vector Graphic - Fill","hd":false},{"ty":"tr","p":{"a":0,"k":[52.485,10.593],"ix":2},"a":{"a":0,"k":[0,0],"ix":1},"s":{"a":1,"k":[{"i":{"x":[0.211,0.211],"y":[1.151,1.151]},"o":{"x":[0.333,0.333],"y":[0,0]},"t":100,"s":[0,0]},{"t":110,"s":[100,100]}],"ix":3},"r":{"a":0,"k":0,"ix":6},"o":{"a":0,"k":100,"ix":7},"sk":{"a":0,"k":0,"ix":4},"sa":{"a":0,"k":0,"ix":5},"nm":"Transform"}],"nm":"Group 1","np":2,"cix":2,"bm":0,"ix":1,"mn":"ADBE Vector Group","hd":false},{"ty":"gr","it":[{"ind":0,"ty":"sh","ix":1,"ks":{"a":0,"k":{"i":[[3.039,0],[0,0],[0,3.039],[0,0],[-3.04,0],[0,0],[0,-3.039],[0,0]],"o":[[0,0],[-3.04,0],[0,0],[0,-3.039],[0,0],[3.039,0],[0,0],[0,3.039]],"v":[[30.085,5.636],[-30.084,5.636],[-35.588,0.133],[-35.588,-0.133],[-30.084,-5.636],[30.085,-5.636],[35.588,-0.133],[35.588,0.133]],"c":true},"ix":2},"nm":"Path 1","mn":"ADBE Vector Shape - Group","hd":false},{"ty":"fl","c":{"a":0,"k":[0.149000010771,0.226999993418,0.564999988032,1],"ix":4},"o":{"a":0,"k":100,"ix":5},"r":1,"bm":0,"nm":"Fill 1","mn":"ADBE Vector Graphic - Fill","hd":false},{"ty":"tr","p":{"a":0,"k":[52.485,80.241],"ix":2},"a":{"a":0,"k":[0,0],"ix":1},"s":{"a":1,"k":[{"i":{"x":[0.211,0.211],"y":[1.151,1.151]},"o":{"x":[0.333,0.333],"y":[0,0]},"t":96,"s":[0,0]},{"t":106,"s":[100,100]}],"ix":3},"r":{"a":0,"k":0,"ix":6},"o":{"a":0,"k":100,"ix":7},"sk":{"a":0,"k":0,"ix":4},"sa":{"a":0,"k":0,"ix":5},"nm":"Transform"}],"nm":"Group 2","np":2,"cix":2,"bm":0,"ix":2,"mn":"ADBE Vector Group","hd":false},{"ty":"gr","it":[{"ind":0,"ty":"sh","ix":1,"ks":{"a":0,"k":{"i":[[-4.484,-10.622],[0,0],[1.096,11.052],[0,0],[-15.26,0],[0,-15.261],[0,0]],"o":[[0,0],[3.546,-10.525],[0,0],[0,-15.261],[15.261,0],[0,0],[-1.146,11.472]],"v":[[30.811,36.558],[-30.811,36.558],[-27.094,3.822],[-28.358,-8.926],[-0.727,-36.558],[26.904,-8.926],[25.724,2.889]],"c":true},"ix":2},"nm":"Path 1","mn":"ADBE Vector Shape - Group","hd":false},{"ty":"fl","c":{"a":0,"k":[0.149000010771,0.226999993418,0.564999988032,1],"ix":4},"o":{"a":0,"k":100,"ix":5},"r":1,"bm":0,"nm":"Fill 1","mn":"ADBE Vector Graphic - Fill","hd":false},{"ty":"tr","p":{"a":0,"k":[53.213,49.319],"ix":2},"a":{"a":0,"k":[0,0],"ix":1},"s":{"a":1,"k":[{"i":{"x":[0.211,0.211],"y":[1.151,1.151]},"o":{"x":[0.333,0.333],"y":[0,0]},"t":91,"s":[0,0]},{"t":101,"s":[100,100]}],"ix":3},"r":{"a":0,"k":0,"ix":6},"o":{"a":0,"k":100,"ix":7},"sk":{"a":0,"k":0,"ix":4},"sa":{"a":0,"k":0,"ix":5},"nm":"Transform"}],"nm":"Group 7","np":2,"cix":2,"bm":0,"ix":3,"mn":"ADBE Vector Group","hd":false},{"ty":"gr","it":[{"ind":0,"ty":"sh","ix":1,"ks":{"a":0,"k":{"i":[[1.265,2.994],[0,0],[-0.308,-3.115],[0,0],[4.301,0],[0,4.301],[0,0]],"o":[[0,0],[-1,2.967],[0,0],[0,4.301],[-4.302,0],[0,0],[0.323,-3.234]],"v":[[-8.686,-39.444],[8.686,-39.444],[7.637,28.06],[7.995,31.655],[0.206,39.444],[-7.583,31.655],[-7.251,28.323]],"c":true},"ix":2},"nm":"Path 1","mn":"ADBE Vector Shape - Group","hd":false},{"ty":"fl","c":{"a":0,"k":[0.187999994615,0.663000009574,0.875,1],"ix":4},"o":{"a":0,"k":100,"ix":5},"r":1,"bm":0,"nm":"Fill 1","mn":"ADBE Vector Graphic - Fill","hd":false},{"ty":"tr","p":{"a":0,"k":[52.485,19.517],"ix":2},"a":{"a":0,"k":[0,-39],"ix":1},"s":{"a":1,"k":[{"i":{"x":[0.211,0.211],"y":[1.151,1.151]},"o":{"x":[0.333,0.333],"y":[0,0]},"t":100,"s":[0,0]},{"t":110,"s":[100,100]}],"ix":3},"r":{"a":1,"k":[{"i":{"x":[0.218],"y":[1]},"o":{"x":[0.894],"y":[0]},"t":113,"s":[-12]},{"t":144,"s":[10]}],"ix":6,"x":"var $bm_rt;\n$bm_rt = loopOut('pingPong');"},"o":{"a":0,"k":100,"ix":7},"sk":{"a":0,"k":0,"ix":4},"sa":{"a":0,"k":0,"ix":5},"nm":"Transform"}],"nm":"Group 8","np":2,"cix":2,"bm":0,"ix":4,"mn":"ADBE Vector Group","hd":false},{"ty":"gr","it":[{"ind":0,"ty":"sh","ix":1,"ks":{"a":0,"k":{"i":[[0,0],[-7.415,5.442]],"o":[[-0.723,-9.85],[0,0]],"v":[[-5.251,12.157],[5.975,-12.157]],"c":false},"ix":2},"nm":"Path 1","mn":"ADBE Vector Shape - Group","hd":false},{"ty":"st","c":{"a":0,"k":[0.187999994615,0.663000009574,0.875,1],"ix":3},"o":{"a":0,"k":100,"ix":4},"w":{"a":0,"k":1.464,"ix":5},"lc":1,"lj":1,"ml":10,"bm":0,"nm":"Stroke 1","mn":"ADBE Vector Graphic - Stroke","hd":false},{"ty":"tr","p":{"a":0,"k":[24.051,28.678],"ix":2},"a":{"a":0,"k":[0,0],"ix":1},"s":{"a":1,"k":[{"i":{"x":[0.667,0.667],"y":[1,1]},"o":{"x":[0.333,0.333],"y":[0,0]},"t":125,"s":[0,0]},{"i":{"x":[0.833,0.833],"y":[1,1]},"o":{"x":[0.333,0.333],"y":[0,0]},"t":138,"s":[100,100]},{"t":166,"s":[100,100]}],"ix":3,"x":"var $bm_rt;\n$bm_rt = loopOut('cycle');"},"r":{"a":0,"k":0,"ix":6},"o":{"a":0,"k":100,"ix":7},"sk":{"a":0,"k":0,"ix":4},"sa":{"a":0,"k":0,"ix":5},"nm":"Transform"}],"nm":"Group 3","np":2,"cix":2,"bm":0,"ix":5,"mn":"ADBE Vector Group","hd":false},{"ty":"gr","it":[{"ind":0,"ty":"sh","ix":1,"ks":{"a":0,"k":{"i":[[0,0],[-3.047,-14.945]],"o":[[-11.09,8.975],[0,0]],"v":[[8.459,-19.307],[-5.412,19.307]],"c":false},"ix":2},"nm":"Path 1","mn":"ADBE Vector Shape - Group","hd":false},{"ty":"st","c":{"a":0,"k":[0.187999994615,0.663000009574,0.875,1],"ix":3},"o":{"a":0,"k":100,"ix":4},"w":{"a":0,"k":2.927,"ix":5},"lc":1,"lj":1,"ml":10,"bm":0,"nm":"Stroke 1","mn":"ADBE Vector Graphic - Stroke","hd":false},{"ty":"tr","p":{"a":0,"k":[15.776,26.624],"ix":2},"a":{"a":0,"k":[0,0],"ix":1},"s":{"a":1,"k":[{"i":{"x":[0.667,0.667],"y":[1,1]},"o":{"x":[0.333,0.333],"y":[0,0]},"t":153,"s":[0,0]},{"i":{"x":[0.833,0.833],"y":[1,1]},"o":{"x":[0.333,0.333],"y":[0,0]},"t":166,"s":[100,100]},{"t":194,"s":[100,100]}],"ix":3,"x":"var $bm_rt;\n$bm_rt = loopOut('cycle');"},"r":{"a":0,"k":0,"ix":6},"o":{"a":0,"k":100,"ix":7},"sk":{"a":0,"k":0,"ix":4},"sa":{"a":0,"k":0,"ix":5},"nm":"Transform"}],"nm":"Group 4","np":2,"cix":2,"bm":0,"ix":6,"mn":"ADBE Vector Group","hd":false},{"ty":"gr","it":[{"ind":0,"ty":"sh","ix":1,"ks":{"a":0,"k":{"i":[[0,0],[3.047,-14.945]],"o":[[11.089,8.975],[0,0]],"v":[[-8.459,-19.307],[5.412,19.307]],"c":false},"ix":2},"nm":"Path 1","mn":"ADBE Vector Shape - Group","hd":false},{"ty":"st","c":{"a":0,"k":[0.187999994615,0.663000009574,0.875,1],"ix":3},"o":{"a":0,"k":100,"ix":4},"w":{"a":0,"k":2.927,"ix":5},"lc":1,"lj":1,"ml":10,"bm":0,"nm":"Stroke 1","mn":"ADBE Vector Graphic - Stroke","hd":false},{"ty":"tr","p":{"a":0,"k":[88.029,26.624],"ix":2},"a":{"a":0,"k":[0,0],"ix":1},"s":{"a":1,"k":[{"i":{"x":[0.667,0.667],"y":[1,1]},"o":{"x":[0.333,0.333],"y":[0,0]},"t":153,"s":[0,0]},{"i":{"x":[0.833,0.833],"y":[1,1]},"o":{"x":[0.333,0.333],"y":[0,0]},"t":166,"s":[100,100]},{"t":194,"s":[100,100]}],"ix":3,"x":"var $bm_rt;\n$bm_rt = loopOut('cycle');"},"r":{"a":0,"k":0,"ix":6},"o":{"a":0,"k":100,"ix":7},"sk":{"a":0,"k":0,"ix":4},"sa":{"a":0,"k":0,"ix":5},"nm":"Transform"}],"nm":"Group 5","np":2,"cix":2,"bm":0,"ix":7,"mn":"ADBE Vector Group","hd":false},{"ty":"gr","it":[{"ind":0,"ty":"sh","ix":1,"ks":{"a":0,"k":{"i":[[0,0],[2.235,-10.435]],"o":[[7.696,6.356],[0,0]],"v":[[-5.837,-13.556],[3.602,13.556]],"c":false},"ix":2},"nm":"Path 1","mn":"ADBE Vector Shape - Group","hd":false},{"ty":"st","c":{"a":0,"k":[0.187999994615,0.663000009574,0.875,1],"ix":3},"o":{"a":0,"k":100,"ix":4},"w":{"a":0,"k":1.464,"ix":5},"lc":1,"lj":1,"ml":10,"bm":0,"nm":"Stroke 1","mn":"ADBE Vector Graphic - Stroke","hd":false},{"ty":"tr","p":{"a":0,"k":[80.17,28.125],"ix":2},"a":{"a":0,"k":[0,0],"ix":1},"s":{"a":1,"k":[{"i":{"x":[0.667,0.667],"y":[1,1]},"o":{"x":[0.333,0.333],"y":[0,0]},"t":125,"s":[0,0]},{"i":{"x":[0.833,0.833],"y":[1,1]},"o":{"x":[0.333,0.333],"y":[0,0]},"t":138,"s":[100,100]},{"t":166,"s":[100,100]}],"ix":3,"x":"var $bm_rt;\n$bm_rt = loopOut('cycle');"},"r":{"a":0,"k":0,"ix":6},"o":{"a":0,"k":100,"ix":7},"sk":{"a":0,"k":0,"ix":4},"sa":{"a":0,"k":0,"ix":5},"nm":"Transform"}],"nm":"Group 6","np":2,"cix":2,"bm":0,"ix":8,"mn":"ADBE Vector Group","hd":false}],"ip":91,"op":452,"st":91,"bm":0},{"ddd":0,"ind":9,"ty":5,"nm":"2","sr":1,"ks":{"o":{"a":0,"k":100,"ix":11},"r":{"a":0,"k":0,"ix":10},"p":{"a":0,"k":[265.972,135.223,0],"ix":2},"a":{"a":0,"k":[-0.028,-3.777,0],"ix":1},"s":{"a":0,"k":[100,100,100],"ix":6}},"ao":0,"t":{"d":{"k":[{"s":{"s":10,"f":"HelveticaLTStd-Cond","t":"2","j":2,"tr":0,"lh":12,"ls":0,"fc":[1,1,1]},"t":0}]},"p":{},"m":{"g":1,"a":{"a":0,"k":[0,0],"ix":2}},"a":[]},"ip":89,"op":450,"st":89,"bm":0},{"ddd":0,"ind":10,"ty":4,"nm":"Layer 5 Outlines","sr":1,"ks":{"o":{"a":0,"k":100,"ix":11},"r":{"a":0,"k":0,"ix":10},"p":{"a":0,"k":[265.811,142.057,0],"ix":2},"a":{"a":0,"k":[28.548,26.627,0],"ix":1},"s":{"a":0,"k":[100,100,100],"ix":6}},"ao":0,"shapes":[{"ty":"gr","it":[{"ind":0,"ty":"sh","ix":1,"ks":{"a":0,"k":{"i":[[0,-5.077],[5.077,0],[0,5.077],[-5.078,0]],"o":[[0,5.077],[-5.078,0],[0,-5.077],[5.077,0]],"v":[[9.193,0],[0,9.193],[-9.193,0],[0,-9.193]],"c":true},"ix":2},"nm":"Path 1","mn":"ADBE Vector Shape - Group","hd":false},{"ty":"fl","c":{"a":0,"k":[0.149000010771,0.226999993418,0.564999988032,1],"ix":4},"o":{"a":0,"k":100,"ix":5},"r":1,"bm":0,"nm":"Fill 1","mn":"ADBE Vector Graphic - Fill","hd":false},{"ty":"tr","p":{"a":0,"k":[28.548,19.851],"ix":2},"a":{"a":0,"k":[0,0],"ix":1},"s":{"a":1,"k":[{"i":{"x":[0.211,0.211],"y":[1.151,1.151]},"o":{"x":[0.333,0.333],"y":[0,0]},"t":91,"s":[0,0]},{"t":101,"s":[100,100]}],"ix":3},"r":{"a":0,"k":0,"ix":6},"o":{"a":0,"k":100,"ix":7},"sk":{"a":0,"k":0,"ix":4},"sa":{"a":0,"k":0,"ix":5},"nm":"Transform"}],"nm":"Group 1","np":2,"cix":2,"bm":0,"ix":1,"mn":"ADBE Vector Group","hd":false},{"ty":"gr","it":[{"ind":0,"ty":"sh","ix":1,"ks":{"a":0,"k":{"i":[[1.936,0],[0,0],[0,-1.935],[0,0],[-1.935,0],[0,0],[0,0],[0,0],[0,0],[0,1.935],[0,0]],"o":[[0,0],[-1.935,0],[0,0],[0,1.935],[0,0],[0,0],[0,0],[0,0],[1.936,0],[0,0],[0,-1.935]],"v":[[23.507,-25.09],[-23.507,-25.09],[-27.01,-21.585],[-27.01,9.762],[-23.507,13.264],[-18.291,13.264],[-12.806,25.09],[-12.806,13.264],[23.507,13.264],[27.01,9.762],[27.01,-21.585]],"c":true},"ix":2},"nm":"Path 1","mn":"ADBE Vector Shape - Group","hd":false},{"ty":"st","c":{"a":0,"k":[0.722000002394,0.859000052658,0.910000011968,1],"ix":3},"o":{"a":0,"k":100,"ix":4},"w":{"a":0,"k":0.615,"ix":5},"lc":1,"lj":2,"bm":0,"nm":"Stroke 1","mn":"ADBE Vector Graphic - Stroke","hd":false},{"ty":"fl","c":{"a":0,"k":[1,1,1,1],"ix":4},"o":{"a":0,"k":100,"ix":5},"r":1,"bm":0,"nm":"Fill 1","mn":"ADBE Vector Graphic - Fill","hd":false},{"ty":"tr","p":{"a":0,"k":[28.548,26.627],"ix":2},"a":{"a":0,"k":[0,0],"ix":1},"s":{"a":1,"k":[{"i":{"x":[0.211,0.211],"y":[1.151,1.151]},"o":{"x":[0.333,0.333],"y":[0,0]},"t":86,"s":[0,0]},{"t":96,"s":[100,100]}],"ix":3},"r":{"a":0,"k":0,"ix":6},"o":{"a":0,"k":100,"ix":7},"sk":{"a":0,"k":0,"ix":4},"sa":{"a":0,"k":0,"ix":5},"nm":"Transform"}],"nm":"Group 2","np":3,"cix":2,"bm":0,"ix":2,"mn":"ADBE Vector Group","hd":false}],"ip":86,"op":447,"st":86,"bm":0},{"ddd":0,"ind":11,"ty":4,"nm":"Layer 6 Outlines","sr":1,"ks":{"o":{"a":0,"k":100,"ix":11},"r":{"a":0,"k":0,"ix":10},"p":{"a":0,"k":[99.898,373.695,0],"ix":2},"a":{"a":0,"k":[28.548,26.627,0],"ix":1},"s":{"a":0,"k":[100,100,100],"ix":6}},"ao":0,"shapes":[{"ty":"gr","it":[{"ind":0,"ty":"sh","ix":1,"ks":{"a":0,"k":{"i":[[0,-2.432],[2.431,0],[0,2.433],[-2.433,0]],"o":[[0,2.433],[-2.433,0],[0,-2.432],[2.431,0]],"v":[[4.404,-0.001],[0.001,4.404],[-4.404,-0.001],[0.001,-4.404]],"c":true},"ix":2},"nm":"Path 1","mn":"ADBE Vector Shape - Group","hd":false},{"ty":"fl","c":{"a":0,"k":[0.149000010771,0.226999993418,0.564999988032,1],"ix":4},"o":{"a":0,"k":100,"ix":5},"r":1,"bm":0,"nm":"Fill 1","mn":"ADBE Vector Graphic - Fill","hd":false},{"ty":"tr","p":{"a":0,"k":[43.065,20.576],"ix":2},"a":{"a":0,"k":[0,0],"ix":1},"s":{"a":1,"k":[{"i":{"x":[0.211,0.211],"y":[1.151,1.151]},"o":{"x":[0.333,0.333],"y":[0,0]},"t":94,"s":[0,0]},{"t":104,"s":[100,100]}],"ix":3},"r":{"a":0,"k":0,"ix":6},"o":{"a":0,"k":100,"ix":7},"sk":{"a":0,"k":0,"ix":4},"sa":{"a":0,"k":0,"ix":5},"nm":"Transform"}],"nm":"Group 1","np":2,"cix":2,"bm":0,"ix":1,"mn":"ADBE Vector Group","hd":false},{"ty":"gr","it":[{"ind":0,"ty":"sh","ix":1,"ks":{"a":0,"k":{"i":[[0,-2.432],[2.432,0],[0,2.433],[-2.432,0]],"o":[[0,2.433],[-2.432,0],[0,-2.432],[2.432,0]],"v":[[4.404,-0.001],[0,4.404],[-4.404,-0.001],[0,-4.404]],"c":true},"ix":2},"nm":"Path 1","mn":"ADBE Vector Shape - Group","hd":false},{"ty":"fl","c":{"a":0,"k":[0.149000010771,0.226999993418,0.564999988032,1],"ix":4},"o":{"a":0,"k":100,"ix":5},"r":1,"bm":0,"nm":"Fill 1","mn":"ADBE Vector Graphic - Fill","hd":false},{"ty":"tr","p":{"a":0,"k":[29.08,20.576],"ix":2},"a":{"a":0,"k":[0,0],"ix":1},"s":{"a":1,"k":[{"i":{"x":[0.211,0.211],"y":[1.151,1.151]},"o":{"x":[0.333,0.333],"y":[0,0]},"t":91,"s":[0,0]},{"t":101,"s":[100,100]}],"ix":3},"r":{"a":0,"k":0,"ix":6},"o":{"a":0,"k":100,"ix":7},"sk":{"a":0,"k":0,"ix":4},"sa":{"a":0,"k":0,"ix":5},"nm":"Transform"}],"nm":"Group 2","np":2,"cix":2,"bm":0,"ix":2,"mn":"ADBE Vector Group","hd":false},{"ty":"gr","it":[{"ind":0,"ty":"sh","ix":1,"ks":{"a":0,"k":{"i":[[0,-2.432],[2.431,0],[0,2.433],[-2.433,0]],"o":[[0,2.433],[-2.433,0],[0,-2.432],[2.431,0]],"v":[[4.404,-0.001],[0.001,4.404],[-4.404,-0.001],[0.001,-4.404]],"c":true},"ix":2},"nm":"Path 1","mn":"ADBE Vector Shape - Group","hd":false},{"ty":"fl","c":{"a":0,"k":[0.149000010771,0.226999993418,0.564999988032,1],"ix":4},"o":{"a":0,"k":100,"ix":5},"r":1,"bm":0,"nm":"Fill 1","mn":"ADBE Vector Graphic - Fill","hd":false},{"ty":"tr","p":{"a":0,"k":[15.094,20.576],"ix":2},"a":{"a":0,"k":[0,0],"ix":1},"s":{"a":1,"k":[{"i":{"x":[0.211,0.211],"y":[1.151,1.151]},"o":{"x":[0.333,0.333],"y":[0,0]},"t":88,"s":[0,0]},{"t":98,"s":[100,100]}],"ix":3},"r":{"a":0,"k":0,"ix":6},"o":{"a":0,"k":100,"ix":7},"sk":{"a":0,"k":0,"ix":4},"sa":{"a":0,"k":0,"ix":5},"nm":"Transform"}],"nm":"Group 3","np":2,"cix":2,"bm":0,"ix":3,"mn":"ADBE Vector Group","hd":false},{"ty":"gr","it":[{"ind":0,"ty":"sh","ix":1,"ks":{"a":0,"k":{"i":[[1.936,0],[0,0],[0,-1.935],[0,0],[-1.935,0],[0,0],[0,0],[0,0],[0,0],[0,1.935],[0,0]],"o":[[0,0],[-1.935,0],[0,0],[0,1.935],[0,0],[0,0],[0,0],[0,0],[1.936,0],[0,0],[0,-1.935]],"v":[[23.507,-25.09],[-23.507,-25.09],[-27.01,-21.585],[-27.01,9.762],[-23.507,13.265],[-18.291,13.265],[-12.805,25.09],[-12.805,13.265],[23.507,13.265],[27.01,9.762],[27.01,-21.585]],"c":true},"ix":2},"nm":"Path 1","mn":"ADBE Vector Shape - Group","hd":false},{"ty":"st","c":{"a":0,"k":[0.722000002394,0.859000052658,0.910000011968,1],"ix":3},"o":{"a":0,"k":100,"ix":4},"w":{"a":0,"k":0.615,"ix":5},"lc":1,"lj":2,"bm":0,"nm":"Stroke 1","mn":"ADBE Vector Graphic - Stroke","hd":false},{"ty":"fl","c":{"a":0,"k":[1,1,1,1],"ix":4},"o":{"a":0,"k":100,"ix":5},"r":1,"bm":0,"nm":"Fill 1","mn":"ADBE Vector Graphic - Fill","hd":false},{"ty":"tr","p":{"a":0,"k":[28.548,26.627],"ix":2},"a":{"a":0,"k":[0,0],"ix":1},"s":{"a":1,"k":[{"i":{"x":[0.211,0.211],"y":[1.151,1.151]},"o":{"x":[0.333,0.333],"y":[0,0]},"t":83,"s":[0,0]},{"t":93,"s":[100,100]}],"ix":3},"r":{"a":0,"k":0,"ix":6},"o":{"a":0,"k":100,"ix":7},"sk":{"a":0,"k":0,"ix":4},"sa":{"a":0,"k":0,"ix":5},"nm":"Transform"}],"nm":"Group 4","np":3,"cix":2,"bm":0,"ix":4,"mn":"ADBE Vector Group","hd":false}],"ip":83,"op":444,"st":83,"bm":0},{"ddd":0,"ind":12,"ty":4,"nm":"Layer 14 Outlines 3","sr":1,"ks":{"o":{"a":0,"k":100,"ix":11},"r":{"a":0,"k":0,"ix":10},"p":{"a":0,"k":[234.751,314.917,0],"ix":2},"a":{"a":0,"k":[73.815,21.678,0],"ix":1},"s":{"a":0,"k":[100,100,100],"ix":6}},"ao":0,"shapes":[{"ty":"gr","it":[{"ind":0,"ty":"sh","ix":1,"ks":{"a":0,"k":{"i":[[0,0],[0,0]],"o":[[0,0],[0,0]],"v":[[124.432,7.59],[138.441,7.59]],"c":false},"ix":2},"nm":"Path 1","mn":"ADBE Vector Shape - Group","hd":false},{"ty":"st","c":{"a":0,"k":[0.722000002394,0.859000052658,0.910000011968,1],"ix":3},"o":{"a":0,"k":100,"ix":4},"w":{"a":0,"k":1,"ix":5},"lc":1,"lj":1,"ml":10,"bm":0,"nm":"Stroke 1","mn":"ADBE Vector Graphic - Stroke","hd":false},{"ty":"fl","c":{"a":0,"k":[1,1,1,1],"ix":4},"o":{"a":0,"k":100,"ix":5},"r":1,"bm":0,"nm":"Fill 1","mn":"ADBE Vector Graphic - Fill","hd":false},{"ty":"tm","s":{"a":0,"k":0,"ix":1},"e":{"a":1,"k":[{"i":{"x":[0.667],"y":[1]},"o":{"x":[0.333],"y":[0]},"t":90,"s":[0]},{"t":100,"s":[100]}],"ix":2},"o":{"a":0,"k":0,"ix":3},"m":1,"ix":4,"nm":"Trim Paths 1","mn":"ADBE Vector Filter - Trim","hd":false},{"ty":"tr","p":{"a":0,"k":[0,0],"ix":2},"a":{"a":0,"k":[0,0],"ix":1},"s":{"a":0,"k":[100,100],"ix":3},"r":{"a":0,"k":0,"ix":6},"o":{"a":0,"k":100,"ix":7},"sk":{"a":0,"k":0,"ix":4},"sa":{"a":0,"k":0,"ix":5},"nm":"Transform"}],"nm":"Group 7","np":4,"cix":2,"bm":0,"ix":1,"mn":"ADBE Vector Group","hd":false},{"ty":"gr","it":[{"ind":0,"ty":"sh","ix":1,"ks":{"a":0,"k":{"i":[[0,0],[0,0]],"o":[[0,0],[0,0]],"v":[[40.726,31.056],[138.441,31.056]],"c":false},"ix":2},"nm":"Path 1","mn":"ADBE Vector Shape - Group","hd":false},{"ty":"st","c":{"a":0,"k":[0.722000002394,0.859000052658,0.910000011968,1],"ix":3},"o":{"a":0,"k":100,"ix":4},"w":{"a":0,"k":1.029,"ix":5},"lc":1,"lj":1,"ml":10,"bm":0,"nm":"Stroke 1","mn":"ADBE Vector Graphic - Stroke","hd":false},{"ty":"fl","c":{"a":0,"k":[1,1,1,1],"ix":4},"o":{"a":0,"k":100,"ix":5},"r":1,"bm":0,"nm":"Fill 1","mn":"ADBE Vector Graphic - Fill","hd":false},{"ty":"tm","s":{"a":0,"k":0,"ix":1},"e":{"a":1,"k":[{"i":{"x":[0.667],"y":[1]},"o":{"x":[0.333],"y":[0]},"t":84,"s":[0]},{"t":94,"s":[100]}],"ix":2},"o":{"a":0,"k":0,"ix":3},"m":1,"ix":4,"nm":"Trim Paths 1","mn":"ADBE Vector Filter - Trim","hd":false},{"ty":"tr","p":{"a":0,"k":[0,0],"ix":2},"a":{"a":0,"k":[0,0],"ix":1},"s":{"a":0,"k":[100,100],"ix":3},"r":{"a":0,"k":0,"ix":6},"o":{"a":0,"k":100,"ix":7},"sk":{"a":0,"k":0,"ix":4},"sa":{"a":0,"k":0,"ix":5},"nm":"Transform"}],"nm":"Group 8","np":4,"cix":2,"bm":0,"ix":2,"mn":"ADBE Vector Group","hd":false},{"ty":"gr","it":[{"ind":0,"ty":"sh","ix":1,"ks":{"a":0,"k":{"i":[[0,0],[0,0]],"o":[[0,0],[0,0]],"v":[[40.726,24.456],[138.441,24.456]],"c":false},"ix":2},"nm":"Path 1","mn":"ADBE Vector Shape - Group","hd":false},{"ty":"st","c":{"a":0,"k":[0.722000002394,0.859000052658,0.910000011968,1],"ix":3},"o":{"a":0,"k":100,"ix":4},"w":{"a":0,"k":5.147,"ix":5},"lc":1,"lj":1,"ml":10,"bm":0,"nm":"Stroke 1","mn":"ADBE Vector Graphic - Stroke","hd":false},{"ty":"fl","c":{"a":0,"k":[1,1,1,1],"ix":4},"o":{"a":0,"k":100,"ix":5},"r":1,"bm":0,"nm":"Fill 1","mn":"ADBE Vector Graphic - Fill","hd":false},{"ty":"tm","s":{"a":0,"k":0,"ix":1},"e":{"a":1,"k":[{"i":{"x":[0.667],"y":[1]},"o":{"x":[0.333],"y":[0]},"t":79,"s":[0]},{"t":89,"s":[100]}],"ix":2},"o":{"a":0,"k":0,"ix":3},"m":1,"ix":4,"nm":"Trim Paths 1","mn":"ADBE Vector Filter - Trim","hd":false},{"ty":"tr","p":{"a":0,"k":[0,0],"ix":2},"a":{"a":0,"k":[0,0],"ix":1},"s":{"a":0,"k":[100,100],"ix":3},"r":{"a":0,"k":0,"ix":6},"o":{"a":0,"k":100,"ix":7},"sk":{"a":0,"k":0,"ix":4},"sa":{"a":0,"k":0,"ix":5},"nm":"Transform"}],"nm":"Group 9","np":4,"cix":2,"bm":0,"ix":3,"mn":"ADBE Vector Group","hd":false},{"ty":"gr","it":[{"ind":0,"ty":"sh","ix":1,"ks":{"a":0,"k":{"i":[[0,0],[0,0]],"o":[[0,0],[0,0]],"v":[[40.726,14.466],[83.069,14.466]],"c":false},"ix":2},"nm":"Path 1","mn":"ADBE Vector Shape - Group","hd":false},{"ty":"tm","s":{"a":0,"k":0,"ix":1},"e":{"a":1,"k":[{"i":{"x":[0.667],"y":[1]},"o":{"x":[0.333],"y":[0]},"t":74,"s":[0]},{"t":84,"s":[100]}],"ix":2},"o":{"a":0,"k":0,"ix":3},"m":1,"ix":2,"nm":"Trim Paths 1","mn":"ADBE Vector Filter - Trim","hd":false},{"ty":"st","c":{"a":0,"k":[0.149000010771,0.226999993418,0.564999988032,1],"ix":3},"o":{"a":0,"k":100,"ix":4},"w":{"a":0,"k":4,"ix":5},"lc":1,"lj":1,"ml":10,"bm":0,"nm":"Stroke 1","mn":"ADBE Vector Graphic - Stroke","hd":false},{"ty":"tr","p":{"a":0,"k":[0,0],"ix":2},"a":{"a":0,"k":[0,0],"ix":1},"s":{"a":0,"k":[100,100],"ix":3},"r":{"a":0,"k":0,"ix":6},"o":{"a":0,"k":100,"ix":7},"sk":{"a":0,"k":0,"ix":4},"sa":{"a":0,"k":0,"ix":5},"nm":"Transform"}],"nm":"Group 10","np":3,"cix":2,"bm":0,"ix":4,"mn":"ADBE Vector Group","hd":false},{"ty":"gr","it":[{"ind":0,"ty":"sh","ix":1,"ks":{"a":0,"k":{"i":[[2.023,0],[0,0],[0,2.024],[0,0],[-2.023,0],[0,0],[0,-2.024],[0,0]],"o":[[0,0],[-2.023,0],[0,0],[0,-2.024],[0,0],[2.023,0],[0,0],[0,2.024]],"v":[[7.504,11.168],[-7.504,11.168],[-11.168,7.503],[-11.168,-7.504],[-7.504,-11.168],[7.504,-11.168],[11.168,-7.504],[11.168,7.503]],"c":true},"ix":2},"nm":"Path 1","mn":"ADBE Vector Shape - Group","hd":false},{"ty":"fl","c":{"a":0,"k":[0.187999994615,0.663000009574,0.875,1],"ix":4},"o":{"a":0,"k":100,"ix":5},"r":1,"bm":0,"nm":"Fill 1","mn":"ADBE Vector Graphic - Fill","hd":false},{"ty":"tr","p":{"a":0,"k":[22.084,22.496],"ix":2},"a":{"a":0,"k":[0,0],"ix":1},"s":{"a":1,"k":[{"i":{"x":[0.224,0.224],"y":[1.356,1.356]},"o":{"x":[0.506,0.506],"y":[0,0]},"t":68,"s":[0,0]},{"t":81,"s":[100,100]}],"ix":3},"r":{"a":0,"k":0,"ix":6},"o":{"a":0,"k":100,"ix":7},"sk":{"a":0,"k":0,"ix":4},"sa":{"a":0,"k":0,"ix":5},"nm":"Transform"}],"nm":"Group 11","np":2,"cix":2,"bm":0,"ix":5,"mn":"ADBE Vector Group","hd":false},{"ty":"gr","it":[{"ind":0,"ty":"sh","ix":1,"ks":{"a":0,"k":{"i":[[3.144,0],[0,0],[0,3.144],[0,0],[-3.144,0],[0,0],[0,-3.144],[0,0]],"o":[[0,0],[-3.144,0],[0,0],[0,-3.144],[0,0],[3.144,0],[0,0],[0,3.144]],"v":[[65.623,19.177],[-65.622,19.177],[-71.316,13.484],[-71.316,-13.484],[-65.622,-19.177],[65.623,-19.177],[71.316,-13.484],[71.316,13.484]],"c":true},"ix":2},"nm":"Path 1","mn":"ADBE Vector Shape - Group","hd":false},{"ty":"st","c":{"a":0,"k":[0.722000002394,0.859000052658,0.910000011968,1],"ix":3},"o":{"a":0,"k":100,"ix":4},"w":{"a":0,"k":1,"ix":5},"lc":1,"lj":1,"ml":10,"bm":0,"nm":"Stroke 1","mn":"ADBE Vector Graphic - Stroke","hd":false},{"ty":"fl","c":{"a":0,"k":[1,1,1,1],"ix":4},"o":{"a":0,"k":100,"ix":5},"r":1,"bm":0,"nm":"Fill 1","mn":"ADBE Vector Graphic - Fill","hd":false},{"ty":"tr","p":{"a":0,"k":[73.815,21.678],"ix":2},"a":{"a":0,"k":[0,0],"ix":1},"s":{"a":1,"k":[{"i":{"x":[0.168,0.168],"y":[1.147,1.147]},"o":{"x":[0.444,0.444],"y":[0,0]},"t":63,"s":[0,0]},{"t":76,"s":[100,100]}],"ix":3},"r":{"a":0,"k":0,"ix":6},"o":{"a":0,"k":100,"ix":7},"sk":{"a":0,"k":0,"ix":4},"sa":{"a":0,"k":0,"ix":5},"nm":"Transform"}],"nm":"Group 12","np":3,"cix":2,"bm":0,"ix":6,"mn":"ADBE Vector Group","hd":false}],"ip":63,"op":424,"st":63,"bm":0},{"ddd":0,"ind":13,"ty":4,"nm":"Layer 14 Outlines 2","sr":1,"ks":{"o":{"a":0,"k":100,"ix":11},"r":{"a":0,"k":0,"ix":10},"p":{"a":0,"k":[149.751,224.917,0],"ix":2},"a":{"a":0,"k":[73.815,21.678,0],"ix":1},"s":{"a":0,"k":[100,100,100],"ix":6}},"ao":0,"shapes":[{"ty":"gr","it":[{"ind":0,"ty":"sh","ix":1,"ks":{"a":0,"k":{"i":[[0,0],[0,0]],"o":[[0,0],[0,0]],"v":[[124.432,7.59],[138.441,7.59]],"c":false},"ix":2},"nm":"Path 1","mn":"ADBE Vector Shape - Group","hd":false},{"ty":"st","c":{"a":0,"k":[0.722000002394,0.859000052658,0.910000011968,1],"ix":3},"o":{"a":0,"k":100,"ix":4},"w":{"a":0,"k":1,"ix":5},"lc":1,"lj":1,"ml":10,"bm":0,"nm":"Stroke 1","mn":"ADBE Vector Graphic - Stroke","hd":false},{"ty":"fl","c":{"a":0,"k":[1,1,1,1],"ix":4},"o":{"a":0,"k":100,"ix":5},"r":1,"bm":0,"nm":"Fill 1","mn":"ADBE Vector Graphic - Fill","hd":false},{"ty":"tm","s":{"a":0,"k":0,"ix":1},"e":{"a":1,"k":[{"i":{"x":[0.667],"y":[1]},"o":{"x":[0.333],"y":[0]},"t":71,"s":[0]},{"t":81,"s":[100]}],"ix":2},"o":{"a":0,"k":0,"ix":3},"m":1,"ix":4,"nm":"Trim Paths 1","mn":"ADBE Vector Filter - Trim","hd":false},{"ty":"tr","p":{"a":0,"k":[0,0],"ix":2},"a":{"a":0,"k":[0,0],"ix":1},"s":{"a":0,"k":[100,100],"ix":3},"r":{"a":0,"k":0,"ix":6},"o":{"a":0,"k":100,"ix":7},"sk":{"a":0,"k":0,"ix":4},"sa":{"a":0,"k":0,"ix":5},"nm":"Transform"}],"nm":"Group 7","np":4,"cix":2,"bm":0,"ix":1,"mn":"ADBE Vector Group","hd":false},{"ty":"gr","it":[{"ind":0,"ty":"sh","ix":1,"ks":{"a":0,"k":{"i":[[0,0],[0,0]],"o":[[0,0],[0,0]],"v":[[40.726,31.056],[138.441,31.056]],"c":false},"ix":2},"nm":"Path 1","mn":"ADBE Vector Shape - Group","hd":false},{"ty":"st","c":{"a":0,"k":[0.722000002394,0.859000052658,0.910000011968,1],"ix":3},"o":{"a":0,"k":100,"ix":4},"w":{"a":0,"k":1.029,"ix":5},"lc":1,"lj":1,"ml":10,"bm":0,"nm":"Stroke 1","mn":"ADBE Vector Graphic - Stroke","hd":false},{"ty":"fl","c":{"a":0,"k":[1,1,1,1],"ix":4},"o":{"a":0,"k":100,"ix":5},"r":1,"bm":0,"nm":"Fill 1","mn":"ADBE Vector Graphic - Fill","hd":false},{"ty":"tm","s":{"a":0,"k":0,"ix":1},"e":{"a":1,"k":[{"i":{"x":[0.667],"y":[1]},"o":{"x":[0.333],"y":[0]},"t":65,"s":[0]},{"t":75,"s":[100]}],"ix":2},"o":{"a":0,"k":0,"ix":3},"m":1,"ix":4,"nm":"Trim Paths 1","mn":"ADBE Vector Filter - Trim","hd":false},{"ty":"tr","p":{"a":0,"k":[0,0],"ix":2},"a":{"a":0,"k":[0,0],"ix":1},"s":{"a":0,"k":[100,100],"ix":3},"r":{"a":0,"k":0,"ix":6},"o":{"a":0,"k":100,"ix":7},"sk":{"a":0,"k":0,"ix":4},"sa":{"a":0,"k":0,"ix":5},"nm":"Transform"}],"nm":"Group 8","np":4,"cix":2,"bm":0,"ix":2,"mn":"ADBE Vector Group","hd":false},{"ty":"gr","it":[{"ind":0,"ty":"sh","ix":1,"ks":{"a":0,"k":{"i":[[0,0],[0,0]],"o":[[0,0],[0,0]],"v":[[40.726,24.456],[138.441,24.456]],"c":false},"ix":2},"nm":"Path 1","mn":"ADBE Vector Shape - Group","hd":false},{"ty":"st","c":{"a":0,"k":[0.722000002394,0.859000052658,0.910000011968,1],"ix":3},"o":{"a":0,"k":100,"ix":4},"w":{"a":0,"k":5.147,"ix":5},"lc":1,"lj":1,"ml":10,"bm":0,"nm":"Stroke 1","mn":"ADBE Vector Graphic - Stroke","hd":false},{"ty":"fl","c":{"a":0,"k":[1,1,1,1],"ix":4},"o":{"a":0,"k":100,"ix":5},"r":1,"bm":0,"nm":"Fill 1","mn":"ADBE Vector Graphic - Fill","hd":false},{"ty":"tm","s":{"a":0,"k":0,"ix":1},"e":{"a":1,"k":[{"i":{"x":[0.667],"y":[1]},"o":{"x":[0.333],"y":[0]},"t":60,"s":[0]},{"t":70,"s":[100]}],"ix":2},"o":{"a":0,"k":0,"ix":3},"m":1,"ix":4,"nm":"Trim Paths 1","mn":"ADBE Vector Filter - Trim","hd":false},{"ty":"tr","p":{"a":0,"k":[0,0],"ix":2},"a":{"a":0,"k":[0,0],"ix":1},"s":{"a":0,"k":[100,100],"ix":3},"r":{"a":0,"k":0,"ix":6},"o":{"a":0,"k":100,"ix":7},"sk":{"a":0,"k":0,"ix":4},"sa":{"a":0,"k":0,"ix":5},"nm":"Transform"}],"nm":"Group 9","np":4,"cix":2,"bm":0,"ix":3,"mn":"ADBE Vector Group","hd":false},{"ty":"gr","it":[{"ind":0,"ty":"sh","ix":1,"ks":{"a":0,"k":{"i":[[0,0],[0,0]],"o":[[0,0],[0,0]],"v":[[40.726,14.466],[83.069,14.466]],"c":false},"ix":2},"nm":"Path 1","mn":"ADBE Vector Shape - Group","hd":false},{"ty":"tm","s":{"a":0,"k":0,"ix":1},"e":{"a":1,"k":[{"i":{"x":[0.667],"y":[1]},"o":{"x":[0.333],"y":[0]},"t":55,"s":[0]},{"t":65,"s":[100]}],"ix":2},"o":{"a":0,"k":0,"ix":3},"m":1,"ix":2,"nm":"Trim Paths 1","mn":"ADBE Vector Filter - Trim","hd":false},{"ty":"st","c":{"a":0,"k":[0.149000010771,0.226999993418,0.564999988032,1],"ix":3},"o":{"a":0,"k":100,"ix":4},"w":{"a":0,"k":4,"ix":5},"lc":1,"lj":1,"ml":10,"bm":0,"nm":"Stroke 1","mn":"ADBE Vector Graphic - Stroke","hd":false},{"ty":"tr","p":{"a":0,"k":[0,0],"ix":2},"a":{"a":0,"k":[0,0],"ix":1},"s":{"a":0,"k":[100,100],"ix":3},"r":{"a":0,"k":0,"ix":6},"o":{"a":0,"k":100,"ix":7},"sk":{"a":0,"k":0,"ix":4},"sa":{"a":0,"k":0,"ix":5},"nm":"Transform"}],"nm":"Group 10","np":3,"cix":2,"bm":0,"ix":4,"mn":"ADBE Vector Group","hd":false},{"ty":"gr","it":[{"ind":0,"ty":"sh","ix":1,"ks":{"a":0,"k":{"i":[[2.023,0],[0,0],[0,2.024],[0,0],[-2.023,0],[0,0],[0,-2.024],[0,0]],"o":[[0,0],[-2.023,0],[0,0],[0,-2.024],[0,0],[2.023,0],[0,0],[0,2.024]],"v":[[7.504,11.168],[-7.504,11.168],[-11.168,7.503],[-11.168,-7.504],[-7.504,-11.168],[7.504,-11.168],[11.168,-7.504],[11.168,7.503]],"c":true},"ix":2},"nm":"Path 1","mn":"ADBE Vector Shape - Group","hd":false},{"ty":"fl","c":{"a":0,"k":[0.187999994615,0.663000009574,0.875,1],"ix":4},"o":{"a":0,"k":100,"ix":5},"r":1,"bm":0,"nm":"Fill 1","mn":"ADBE Vector Graphic - Fill","hd":false},{"ty":"tr","p":{"a":0,"k":[22.084,22.496],"ix":2},"a":{"a":0,"k":[0,0],"ix":1},"s":{"a":1,"k":[{"i":{"x":[0.224,0.224],"y":[1.356,1.356]},"o":{"x":[0.506,0.506],"y":[0,0]},"t":49,"s":[0,0]},{"t":62,"s":[100,100]}],"ix":3},"r":{"a":0,"k":0,"ix":6},"o":{"a":0,"k":100,"ix":7},"sk":{"a":0,"k":0,"ix":4},"sa":{"a":0,"k":0,"ix":5},"nm":"Transform"}],"nm":"Group 11","np":2,"cix":2,"bm":0,"ix":5,"mn":"ADBE Vector Group","hd":false},{"ty":"gr","it":[{"ind":0,"ty":"sh","ix":1,"ks":{"a":0,"k":{"i":[[3.144,0],[0,0],[0,3.144],[0,0],[-3.144,0],[0,0],[0,-3.144],[0,0]],"o":[[0,0],[-3.144,0],[0,0],[0,-3.144],[0,0],[3.144,0],[0,0],[0,3.144]],"v":[[65.623,19.177],[-65.622,19.177],[-71.316,13.484],[-71.316,-13.484],[-65.622,-19.177],[65.623,-19.177],[71.316,-13.484],[71.316,13.484]],"c":true},"ix":2},"nm":"Path 1","mn":"ADBE Vector Shape - Group","hd":false},{"ty":"st","c":{"a":0,"k":[0.722000002394,0.859000052658,0.910000011968,1],"ix":3},"o":{"a":0,"k":100,"ix":4},"w":{"a":0,"k":1,"ix":5},"lc":1,"lj":1,"ml":10,"bm":0,"nm":"Stroke 1","mn":"ADBE Vector Graphic - Stroke","hd":false},{"ty":"fl","c":{"a":0,"k":[1,1,1,1],"ix":4},"o":{"a":0,"k":100,"ix":5},"r":1,"bm":0,"nm":"Fill 1","mn":"ADBE Vector Graphic - Fill","hd":false},{"ty":"tr","p":{"a":0,"k":[73.815,21.678],"ix":2},"a":{"a":0,"k":[0,0],"ix":1},"s":{"a":1,"k":[{"i":{"x":[0.168,0.168],"y":[1.147,1.147]},"o":{"x":[0.444,0.444],"y":[0,0]},"t":44,"s":[0,0]},{"t":57,"s":[100,100]}],"ix":3},"r":{"a":0,"k":0,"ix":6},"o":{"a":0,"k":100,"ix":7},"sk":{"a":0,"k":0,"ix":4},"sa":{"a":0,"k":0,"ix":5},"nm":"Transform"}],"nm":"Group 12","np":3,"cix":2,"bm":0,"ix":6,"mn":"ADBE Vector Group","hd":false}],"ip":44,"op":405,"st":44,"bm":0},{"ddd":0,"ind":14,"ty":4,"nm":"Layer 13 Outlines","sr":1,"ks":{"o":{"a":0,"k":100,"ix":11},"r":{"a":0,"k":0,"ix":10},"p":{"a":0,"k":[187.5,273.186,0],"ix":2},"a":{"a":0,"k":[68.322,117.465,0],"ix":1},"s":{"a":0,"k":[100,100,100],"ix":6}},"ao":0,"shapes":[{"ty":"gr","it":[{"ind":0,"ty":"sh","ix":1,"ks":{"a":0,"k":{"i":[[2.867,0],[0,0],[0,2.867],[0,0],[-2.867,0],[0,0],[0,-2.867],[0,0]],"o":[[0,0],[-2.867,0],[0,0],[0,-2.867],[0,0],[2.867,0],[0,0],[0,2.867]],"v":[[62.881,16.706],[-62.881,16.706],[-68.072,11.516],[-68.072,-11.516],[-62.881,-16.706],[62.881,-16.706],[68.072,-11.516],[68.072,11.516]],"c":true},"ix":2},"nm":"Path 1","mn":"ADBE Vector Shape - Group","hd":false},{"ty":"fl","c":{"a":0,"k":[0.722000002394,0.859000052658,0.910000011968,1],"ix":4},"o":{"a":0,"k":100,"ix":5},"r":1,"bm":0,"nm":"Fill 1","mn":"ADBE Vector Graphic - Fill","hd":false},{"ty":"tr","p":{"a":0,"k":[68.321,217.974],"ix":2},"a":{"a":0,"k":[0,0],"ix":1},"s":{"a":1,"k":[{"i":{"x":[0.088,0.088],"y":[1.148,1.148]},"o":{"x":[0.53,0.53],"y":[0,0]},"t":45,"s":[0,0]},{"t":58,"s":[100,100]}],"ix":3},"r":{"a":0,"k":0,"ix":6},"o":{"a":0,"k":100,"ix":7},"sk":{"a":0,"k":0,"ix":4},"sa":{"a":0,"k":0,"ix":5},"nm":"Transform"}],"nm":"Group 1","np":2,"cix":2,"bm":0,"ix":1,"mn":"ADBE Vector Group","hd":false},{"ty":"gr","it":[{"ind":0,"ty":"sh","ix":1,"ks":{"a":0,"k":{"i":[[2.867,0],[0,0],[0,2.867],[0,0],[-2.867,0],[0,0],[0,-2.867],[0,0]],"o":[[0,0],[-2.867,0],[0,0],[0,-2.867],[0,0],[2.867,0],[0,0],[0,2.867]],"v":[[62.881,16.706],[-62.881,16.706],[-68.072,11.516],[-68.072,-11.516],[-62.881,-16.706],[62.881,-16.706],[68.072,-11.516],[68.072,11.516]],"c":true},"ix":2},"nm":"Path 1","mn":"ADBE Vector Shape - Group","hd":false},{"ty":"fl","c":{"a":0,"k":[0.722000002394,0.859000052658,0.910000011968,1],"ix":4},"o":{"a":0,"k":100,"ix":5},"r":1,"bm":0,"nm":"Fill 1","mn":"ADBE Vector Graphic - Fill","hd":false},{"ty":"tr","p":{"a":0,"k":[68.321,176.406],"ix":2},"a":{"a":0,"k":[0,0],"ix":1},"s":{"a":1,"k":[{"i":{"x":[0.088,0.088],"y":[1.148,1.148]},"o":{"x":[0.53,0.53],"y":[0,0]},"t":39,"s":[0,0]},{"t":52,"s":[100,100]}],"ix":3},"r":{"a":0,"k":0,"ix":6},"o":{"a":0,"k":100,"ix":7},"sk":{"a":0,"k":0,"ix":4},"sa":{"a":0,"k":0,"ix":5},"nm":"Transform"}],"nm":"Group 2","np":2,"cix":2,"bm":0,"ix":2,"mn":"ADBE Vector Group","hd":false},{"ty":"gr","it":[{"ind":0,"ty":"sh","ix":1,"ks":{"a":0,"k":{"i":[[2.867,0],[0,0],[0,2.867],[0,0],[-2.867,0],[0,0],[0,-2.867],[0,0]],"o":[[0,0],[-2.867,0],[0,0],[0,-2.867],[0,0],[2.867,0],[0,0],[0,2.867]],"v":[[62.881,16.706],[-62.881,16.706],[-68.072,11.516],[-68.072,-11.516],[-62.881,-16.706],[62.881,-16.706],[68.072,-11.516],[68.072,11.516]],"c":true},"ix":2},"nm":"Path 1","mn":"ADBE Vector Shape - Group","hd":false},{"ty":"fl","c":{"a":0,"k":[0.722000002394,0.859000052658,0.910000011968,1],"ix":4},"o":{"a":0,"k":100,"ix":5},"r":1,"bm":0,"nm":"Fill 1","mn":"ADBE Vector Graphic - Fill","hd":false},{"ty":"tr","p":{"a":0,"k":[68.321,136.543],"ix":2},"a":{"a":0,"k":[0,0],"ix":1},"s":{"a":1,"k":[{"i":{"x":[0.088,0.088],"y":[1.148,1.148]},"o":{"x":[0.53,0.53],"y":[0,0]},"t":34,"s":[0,0]},{"t":47,"s":[100,100]}],"ix":3},"r":{"a":0,"k":0,"ix":6},"o":{"a":0,"k":100,"ix":7},"sk":{"a":0,"k":0,"ix":4},"sa":{"a":0,"k":0,"ix":5},"nm":"Transform"}],"nm":"Group 3","np":2,"cix":2,"bm":0,"ix":3,"mn":"ADBE Vector Group","hd":false},{"ty":"gr","it":[{"ind":0,"ty":"sh","ix":1,"ks":{"a":0,"k":{"i":[[2.867,0],[0,0],[0,2.867],[0,0],[-2.867,0],[0,0],[0,-2.867],[0,0]],"o":[[0,0],[-2.867,0],[0,0],[0,-2.867],[0,0],[2.867,0],[0,0],[0,2.867]],"v":[[62.881,16.706],[-62.881,16.706],[-68.072,11.516],[-68.072,-11.514],[-62.881,-16.706],[62.881,-16.706],[68.072,-11.514],[68.072,11.516]],"c":true},"ix":2},"nm":"Path 1","mn":"ADBE Vector Shape - Group","hd":false},{"ty":"fl","c":{"a":0,"k":[0.722000002394,0.859000052658,0.910000011968,1],"ix":4},"o":{"a":0,"k":100,"ix":5},"r":1,"bm":0,"nm":"Fill 1","mn":"ADBE Vector Graphic - Fill","hd":false},{"ty":"tr","p":{"a":0,"k":[68.321,96.681],"ix":2},"a":{"a":0,"k":[0,0],"ix":1},"s":{"a":1,"k":[{"i":{"x":[0.088,0.088],"y":[1.148,1.148]},"o":{"x":[0.53,0.53],"y":[0,0]},"t":28,"s":[0,0]},{"t":41,"s":[100,100]}],"ix":3},"r":{"a":0,"k":0,"ix":6},"o":{"a":0,"k":100,"ix":7},"sk":{"a":0,"k":0,"ix":4},"sa":{"a":0,"k":0,"ix":5},"nm":"Transform"}],"nm":"Group 4","np":2,"cix":2,"bm":0,"ix":4,"mn":"ADBE Vector Group","hd":false},{"ty":"gr","it":[{"ind":0,"ty":"sh","ix":1,"ks":{"a":0,"k":{"i":[[2.867,0],[0,0],[0,2.867],[0,0],[-2.867,0],[0,0],[0,-2.867],[0,0]],"o":[[0,0],[-2.867,0],[0,0],[0,-2.867],[0,0],[2.867,0],[0,0],[0,2.867]],"v":[[62.881,16.706],[-62.881,16.706],[-68.072,11.516],[-68.072,-11.514],[-62.881,-16.706],[62.881,-16.706],[68.072,-11.514],[68.072,11.516]],"c":true},"ix":2},"nm":"Path 1","mn":"ADBE Vector Shape - Group","hd":false},{"ty":"fl","c":{"a":0,"k":[0.722000002394,0.859000052658,0.910000011968,1],"ix":4},"o":{"a":0,"k":100,"ix":5},"r":1,"bm":0,"nm":"Fill 1","mn":"ADBE Vector Graphic - Fill","hd":false},{"ty":"tr","p":{"a":0,"k":[68.321,56.819],"ix":2},"a":{"a":0,"k":[0,0],"ix":1},"s":{"a":1,"k":[{"i":{"x":[0.088,0.088],"y":[1.148,1.148]},"o":{"x":[0.53,0.53],"y":[0,0]},"t":22,"s":[0,0]},{"t":35,"s":[100,100]}],"ix":3},"r":{"a":0,"k":0,"ix":6},"o":{"a":0,"k":100,"ix":7},"sk":{"a":0,"k":0,"ix":4},"sa":{"a":0,"k":0,"ix":5},"nm":"Transform"}],"nm":"Group 5","np":2,"cix":2,"bm":0,"ix":5,"mn":"ADBE Vector Group","hd":false},{"ty":"gr","it":[{"ind":0,"ty":"sh","ix":1,"ks":{"a":0,"k":{"i":[[2.867,0],[0,0],[0,2.867],[0,0],[-2.867,0],[0,0],[0,-2.867],[0,0]],"o":[[0,0],[-2.867,0],[0,0],[0,-2.867],[0,0],[2.867,0],[0,0],[0,2.867]],"v":[[62.881,16.706],[-62.881,16.706],[-68.072,11.516],[-68.072,-11.514],[-62.881,-16.706],[62.881,-16.706],[68.072,-11.514],[68.072,11.516]],"c":true},"ix":2},"nm":"Path 1","mn":"ADBE Vector Shape - Group","hd":false},{"ty":"fl","c":{"a":0,"k":[0.722000002394,0.859000052658,0.910000011968,1],"ix":4},"o":{"a":0,"k":100,"ix":5},"r":1,"bm":0,"nm":"Fill 1","mn":"ADBE Vector Graphic - Fill","hd":false},{"ty":"tr","p":{"a":0,"k":[68.321,16.956],"ix":2},"a":{"a":0,"k":[0,0],"ix":1},"s":{"a":1,"k":[{"i":{"x":[0.088,0.088],"y":[1.148,1.148]},"o":{"x":[0.53,0.53],"y":[0,0]},"t":17,"s":[0,0]},{"t":30,"s":[100,100]}],"ix":3},"r":{"a":0,"k":0,"ix":6},"o":{"a":0,"k":100,"ix":7},"sk":{"a":0,"k":0,"ix":4},"sa":{"a":0,"k":0,"ix":5},"nm":"Transform"}],"nm":"Group 6","np":2,"cix":2,"bm":0,"ix":6,"mn":"ADBE Vector Group","hd":false}],"ip":17,"op":378,"st":17,"bm":0},{"ddd":0,"ind":15,"ty":4,"nm":"Layer 7 Outlines","sr":1,"ks":{"o":{"a":0,"k":100,"ix":11},"r":{"a":0,"k":0,"ix":10},"p":{"a":0,"k":[187.5,270.986,0],"ix":2},"a":{"a":0,"k":[79.738,143.02,0],"ix":1},"s":{"a":0,"k":[100,100,100],"ix":6}},"ao":0,"shapes":[{"ty":"gr","it":[{"ty":"gr","it":[{"ind":0,"ty":"sh","ix":1,"ks":{"a":0,"k":{"i":[[0,-0.853],[0.852,0],[0,0.853],[-0.853,0]],"o":[[0,0.853],[-0.853,0],[0,-0.853],[0.852,0]],"v":[[1.544,0],[0,1.543],[-1.544,0],[0,-1.543]],"c":true},"ix":2},"nm":"Path 1","mn":"ADBE Vector Shape - Group","hd":false},{"ty":"fl","c":{"a":0,"k":[0.187999994615,0.663000009574,0.875,1],"ix":4},"o":{"a":0,"k":100,"ix":5},"r":1,"bm":0,"nm":"Fill 1","mn":"ADBE Vector Graphic - Fill","hd":false},{"ty":"tr","p":{"a":0,"k":[82.825,9.511],"ix":2},"a":{"a":0,"k":[0,0],"ix":1},"s":{"a":0,"k":[100,100],"ix":3},"r":{"a":0,"k":0,"ix":6},"o":{"a":0,"k":100,"ix":7},"sk":{"a":0,"k":0,"ix":4},"sa":{"a":0,"k":0,"ix":5},"nm":"Transform"}],"nm":"Group 1","np":2,"cix":2,"bm":0,"ix":1,"mn":"ADBE Vector Group","hd":false},{"ty":"gr","it":[{"ind":0,"ty":"sh","ix":1,"ks":{"a":0,"k":{"i":[[0,-0.853],[0.853,0],[0,0.853],[-0.853,0]],"o":[[0,0.853],[-0.853,0],[0,-0.853],[0.853,0]],"v":[[1.544,0],[0,1.543],[-1.544,0],[0,-1.543]],"c":true},"ix":2},"nm":"Path 1","mn":"ADBE Vector Shape - Group","hd":false},{"ty":"fl","c":{"a":0,"k":[0.187999994615,0.663000009574,0.875,1],"ix":4},"o":{"a":0,"k":100,"ix":5},"r":1,"bm":0,"nm":"Fill 1","mn":"ADBE Vector Graphic - Fill","hd":false},{"ty":"tr","p":{"a":0,"k":[77.423,9.511],"ix":2},"a":{"a":0,"k":[0,0],"ix":1},"s":{"a":0,"k":[100,100],"ix":3},"r":{"a":0,"k":0,"ix":6},"o":{"a":0,"k":100,"ix":7},"sk":{"a":0,"k":0,"ix":4},"sa":{"a":0,"k":0,"ix":5},"nm":"Transform"}],"nm":"Group 2","np":2,"cix":2,"bm":0,"ix":2,"mn":"ADBE Vector Group","hd":false},{"ty":"gr","it":[{"ind":0,"ty":"sh","ix":1,"ks":{"a":0,"k":{"i":[[0,4.688],[0,0],[-4.688,0],[0,0],[0,-4.688],[4.687,0],[0,0]],"o":[[0,0],[0,-4.688],[0,0],[4.687,0],[0,4.688],[0,0],[-4.688,0]],"v":[[-17.749,0],[-17.749,0],[-9.26,-8.489],[9.261,-8.489],[17.749,0],[9.261,8.489],[-9.26,8.489]],"c":true},"ix":2},"nm":"Path 1","mn":"ADBE Vector Shape - Group","hd":false},{"ty":"fl","c":{"a":0,"k":[0.149000010771,0.226999993418,0.564999988032,1],"ix":4},"o":{"a":0,"k":100,"ix":5},"r":1,"bm":0,"nm":"Fill 1","mn":"ADBE Vector Graphic - Fill","hd":false},{"ty":"tr","p":{"a":0,"k":[79.738,8.739],"ix":2},"a":{"a":0,"k":[0,0],"ix":1},"s":{"a":0,"k":[100,100],"ix":3},"r":{"a":0,"k":0,"ix":6},"o":{"a":0,"k":100,"ix":7},"sk":{"a":0,"k":0,"ix":4},"sa":{"a":0,"k":0,"ix":5},"nm":"Transform"}],"nm":"Group 3","np":2,"cix":2,"bm":0,"ix":3,"mn":"ADBE Vector Group","hd":false},{"ty":"tr","p":{"a":0,"k":[79.738,8.739],"ix":2},"a":{"a":0,"k":[79.738,8.739],"ix":1},"s":{"a":1,"k":[{"i":{"x":[0.235,0.235],"y":[1,1]},"o":{"x":[0.584,0.584],"y":[0,0]},"t":15,"s":[0,0]},{"t":30,"s":[100,100]}],"ix":3},"r":{"a":0,"k":0,"ix":6},"o":{"a":0,"k":100,"ix":7},"sk":{"a":0,"k":0,"ix":4},"sa":{"a":0,"k":0,"ix":5},"nm":"Transform"}],"nm":"Group 6","np":3,"cix":2,"bm":0,"ix":1,"mn":"ADBE Vector Group","hd":false},{"ty":"gr","it":[{"ind":0,"ty":"sh","ix":1,"ks":{"a":0,"k":{"i":[[12.156,0],[0,0],[0,12.157],[0,0],[-12.156,0],[0,0],[0,-12.156],[0,0]],"o":[[0,0],[-12.156,0],[0,0],[0,-12.156],[0,0],[12.156,0],[0,0],[0,12.157]],"v":[[49.759,135.052],[-49.76,135.052],[-71.77,113.041],[-71.77,-113.041],[-49.76,-135.052],[49.759,-135.052],[71.771,-113.041],[71.771,113.041]],"c":true},"ix":2},"nm":"Path 1","mn":"ADBE Vector Shape - Group","hd":false},{"ty":"fl","c":{"a":0,"k":[0.847000002394,0.913999968884,0.936999990426,1],"ix":4},"o":{"a":0,"k":100,"ix":5},"r":1,"bm":0,"nm":"Fill 1","mn":"ADBE Vector Graphic - Fill","hd":false},{"ty":"tr","p":{"a":0,"k":[79.739,143.019],"ix":2},"a":{"a":0,"k":[0,0],"ix":1},"s":{"a":1,"k":[{"i":{"x":[0,0],"y":[1.163,1.163]},"o":{"x":[0.333,0.333],"y":[0,0]},"t":7,"s":[0,0]},{"t":20,"s":[100,100]}],"ix":3},"r":{"a":0,"k":0,"ix":6},"o":{"a":0,"k":100,"ix":7},"sk":{"a":0,"k":0,"ix":4},"sa":{"a":0,"k":0,"ix":5},"nm":"Transform"}],"nm":"Group 4","np":2,"cix":2,"bm":0,"ix":2,"mn":"ADBE Vector Group","hd":false},{"ty":"gr","it":[{"ind":0,"ty":"sh","ix":1,"ks":{"a":0,"k":{"i":[[0,0],[0,16.392],[0,0],[-16.393,0],[0,0],[0,-16.392],[0,0],[16.391,0]],"o":[[-16.393,0],[0,0],[0,-16.392],[0,0],[16.391,0],[0,0],[0,16.392],[0,0]],"v":[[-49.759,142.77],[-79.488,113.04],[-79.488,-113.041],[-49.759,-142.769],[49.761,-142.769],[79.488,-113.041],[79.488,113.04],[49.761,142.77]],"c":true},"ix":2},"nm":"Path 1","mn":"ADBE Vector Shape - Group","hd":false},{"ty":"fl","c":{"a":0,"k":[0.149000010771,0.226999993418,0.564999988032,1],"ix":4},"o":{"a":0,"k":100,"ix":5},"r":1,"bm":0,"nm":"Fill 1","mn":"ADBE Vector Graphic - Fill","hd":false},{"ty":"tr","p":{"a":0,"k":[79.738,143.02],"ix":2},"a":{"a":0,"k":[0,0],"ix":1},"s":{"a":1,"k":[{"i":{"x":[0.244,0.244],"y":[1.166,1.166]},"o":{"x":[0.333,0.333],"y":[0,0]},"t":0,"s":[0,0]},{"t":14,"s":[100,100]}],"ix":3},"r":{"a":0,"k":0,"ix":6},"o":{"a":0,"k":100,"ix":7},"sk":{"a":0,"k":0,"ix":4},"sa":{"a":0,"k":0,"ix":5},"nm":"Transform"}],"nm":"Group 5","np":2,"cix":2,"bm":0,"ix":3,"mn":"ADBE Vector Group","hd":false}],"ip":0,"op":361,"st":0,"bm":0},{"ddd":0,"ind":16,"ty":4,"nm":"Layer 8 Outlines","sr":1,"ks":{"o":{"a":0,"k":100,"ix":11},"r":{"a":0,"k":0,"ix":10},"p":{"a":0,"k":[180.179,233.899,0],"ix":2},"a":{"a":0,"k":[143.828,154.932,0],"ix":1},"s":{"a":0,"k":[100,100,100],"ix":6}},"ao":0,"shapes":[{"ty":"gr","it":[{"ind":0,"ty":"sh","ix":1,"ks":{"a":0,"k":{"i":[[0,0],[18.725,-4.688],[27.6,-22.552],[30.371,-20.687],[6.845,-0.69],[2.766,6.298],[-7.872,3.511],[-8.492,-1.477],[-76.234,-1.245],[-4.357,1.994],[0.188,4.787],[8.558,-0.909],[12.872,-7.61],[49.947,-29.524],[9.041,-1.446],[5.191,7.541],[-8.756,2.676],[-5.351,-2.43],[-38.348,-17.411],[-22.604,-2.593],[-15.496,16.658]],"o":[[-15.565,-11.416],[-34.574,8.657],[-28.454,23.253],[-5.686,3.873],[-6.844,0.69],[-3.466,-7.893],[7.872,-3.511],[75.118,13.065],[4.791,0.078],[4.356,-1.994],[-0.338,-8.6],[-14.87,1.577],[-49.948,29.524],[-7.882,4.659],[-9.041,1.444],[-5.193,-7.541],[5.62,-1.718],[38.348,17.411],[20.717,9.406],[22.603,2.595],[0,0]],"v":[[129.379,-142.267],[73.581,-147.059],[-21.212,-99.474],[-103.145,-25.905],[-121.848,-17.714],[-139.112,-26.336],[-128.914,-47.27],[-103.47,-48.341],[115.704,13.587],[129.805,11.527],[137.607,0.452],[117.609,-10.813],[76.479,6.159],[-73.364,94.733],[-98.41,105.586],[-122.941,96.886],[-116.67,74.135],[-99.744,77.326],[15.298,129.56],[79.758,151.087],[142.579,131.596]],"c":false},"ix":2},"nm":"Path 1","mn":"ADBE Vector Shape - Group","hd":false},{"ty":"st","c":{"a":0,"k":[0.55338715198,0.748557595646,0.81568627451,1],"ix":3},"o":{"a":0,"k":100,"ix":4},"w":{"a":0,"k":0.5,"ix":5},"lc":1,"lj":1,"ml":10,"bm":0,"d":[{"n":"d","nm":"dash","v":{"a":0,"k":3,"ix":1}},{"n":"g","nm":"gap","v":{"a":0,"k":3,"ix":2}},{"n":"o","nm":"offset","v":{"a":0,"k":0,"ix":7}}],"nm":"Stroke 1","mn":"ADBE Vector Graphic - Stroke","hd":false},{"ty":"tr","p":{"a":0,"k":[143.828,154.933],"ix":2},"a":{"a":0,"k":[0,0],"ix":1},"s":{"a":0,"k":[100,100],"ix":3},"r":{"a":0,"k":0,"ix":6},"o":{"a":0,"k":100,"ix":7},"sk":{"a":0,"k":0,"ix":4},"sa":{"a":0,"k":0,"ix":5},"nm":"Transform"}],"nm":"Group 1","np":2,"cix":2,"bm":0,"ix":1,"mn":"ADBE Vector Group","hd":false},{"ty":"tm","s":{"a":0,"k":100,"ix":1},"e":{"a":1,"k":[{"i":{"x":[0.667],"y":[1]},"o":{"x":[0.333],"y":[0]},"t":10,"s":[0]},{"i":{"x":[0.833],"y":[1]},"o":{"x":[0.333],"y":[0]},"t":85,"s":[100]},{"t":138,"s":[100]}],"ix":2,"x":"var $bm_rt;\n$bm_rt = loopOut('cycle');"},"o":{"a":0,"k":0,"ix":3},"m":1,"ix":2,"nm":"Trim Paths 1","mn":"ADBE Vector Filter - Trim","hd":false}],"ip":10,"op":371,"st":10,"bm":0}],"markers":[],"chars":[{"ch":"2","size":10,"style":"Condensed","w":50,"data":{"shapes":[{"ty":"gr","it":[{"ind":0,"ty":"sh","ix":1,"ks":{"a":0,"k":{"i":[[0,0],[0,11.078],[12.891,0],[2.316,-2.417],[0,-5.539],[0,0],[0,0],[-10.373,0],[0,-7.654],[5.841,-5.64],[0,0],[1.108,-2.618],[0.101,-5.438],[0,0],[0,0],[0,0],[-3.625,3.223]],"o":[[7.755,-7.05],[0,-12.488],[-8.459,0],[-3.424,4.33],[0,0],[0,0],[-0.201,-7.956],[8.56,0],[0,8.258],[0,0],[-2.216,2.115],[-2.216,5.338],[0,0],[0,0],[0,0],[0.201,-4.733],[0,0]],"v":[[32.126,-30.917],[44.312,-54.483],[24.875,-75.531],[9.869,-69.589],[5.035,-54.483],[5.035,-49.85],[13.394,-49.85],[24.472,-67.978],[35.651,-54.684],[27.795,-37.766],[13.394,-23.868],[7.452,-16.315],[4.431,0],[45.016,0],[45.016,-7.553],[13.092,-7.553],[18.53,-18.53]],"c":true},"ix":2},"nm":"2","mn":"ADBE Vector Shape - Group","hd":false}],"nm":"2","np":3,"cix":2,"bm":0,"ix":1,"mn":"ADBE Vector Group","hd":false}]},"fFamily":"Helvetica LT Std"}]}